{"type":"FeatureCollection","features":[{"type":"Feature","id":"dali","properties":{"id":"dali"},"geometry":{"type":"Polygon","coordinates":[[[100.7046967996177,24.78875340044914],[100.66660330020221,24.817521899715928],[100.6716383003673,24.850375900327606],[100.64129629958461,24.87765290006132],[100.6470337997701,24.986003900059984],[100.6223222996345,25.004472900104304],[100.63562779988314,25.015785400176128],[100.6084903002872,25.024175400374475],[100.6238023004359,25.067624900368912],[100.58377079978266,25.09317789974034],[100.54102329978554,25.08934990037767],[100.4344632996416,25.16574839996872],[100.40084829990917,25.129840899737758],[100.39874279994035,25.08553089963135],[100.34063730037116,25.06734440002407],[100.30393230023554,25.02111390038624],[100.27535980011476,25.0175133998236],[100.2708512999476,24.98011790022099],[100.2480163000123,24.970708899795966],[100.24342330044504,24.945947400052546],[100.20288210002894,24.934392600138438],[100.21132240020864,24.96714439999414],[100.20214489966747,24.976747500197007],[100.10213330041154,24.99260650038974],[100.09050790011958,24.978317300103356],[100.07170420028865,24.979186899555827],[100.0615635995805,24.951623099726305],[100.04401630031208,24.946397599769455],[100.02400149966951,24.956407500206012],[100.0131845997895,25.02043450035194],[99.99329609993515,25.03492000015791],[100.05044709955405,25.057106200390876],[100.02996269991871,25.080832000396526],[100.03876089969583,25.10230289965915],[99.99866510021428,25.099991699557336],[99.963917600417,25.118298800049615],[99.9266052997948,25.17355690033071],[99.92775240035303,25.207267300145816],[99.85489629972449,25.178245399805405],[99.85999280002778,25.15595039959129],[99.82614879962745,25.097047900140524],[99.77313199964215,25.08270920026945],[99.75041919958647,25.088314699763657],[99.73374499993184,25.076752600052487],[99.73735030017627,25.06400370011073],[99.69400810009381,25.053269699736916],[99.54682890043347,25.13400030017374],[99.50609449956158,25.122639000189736],[99.40419140031292,25.218285899974376],[99.36874980016319,25.281984199711076],[99.33272279981742,25.29891639957225],[99.28417650004548,25.369623000001525],[99.298640099561,25.384254900443352],[99.28411499990739,25.42558699974029],[99.34412790038238,25.411935399898823],[99.35317500012621,25.46157140010007],[99.32370270041935,25.50683559978313],[99.3521476002316,25.565177999665025],[99.33302330018523,25.598386899735658],[99.39913180009256,25.57651690023482],[99.41672530023249,25.594585399796415],[99.43651580006417,25.59518440043979],[99.4171753002999,25.63064739995758],[99.44966130012898,25.631873899860636],[99.43053430031779,25.660676899819123],[99.43653129987962,25.690049899982967],[99.45884680013978,25.684432899958438],[99.47824079967324,25.701104399848248],[99.44190979969756,25.744235899567173],[99.51693729991649,25.717447399877642],[99.56751230025253,25.685243399563262],[99.59318579978492,25.652250399736204],[99.63736730026073,25.644855399557116],[99.66634380012636,25.65154439955444],[99.63238529984176,25.689166899732697],[99.63002029959722,25.71212189980588],[99.69220730032669,25.722163899744203],[99.7595747998372,25.761455400446437],[99.76405330041956,25.811271399955217],[99.67841330003381,25.81344789960093],[99.62046829977226,25.849866900037455],[99.62948630015268,25.866351900320012],[99.61901830035436,25.896735900341582],[99.55956279968353,25.983672900284148],[99.54333479956142,26.073346899639773],[99.56791680002038,26.092044900351937],[99.59632879993421,26.148618900342],[99.60373679981353,26.224603399727187],[99.67631530041086,26.20969390015341],[99.75509630015421,26.23788639983752],[99.7841948002499,26.21034989982809],[99.82266980017118,26.20685789977233],[99.84477229960203,26.253322400308605],[99.90396880002015,26.254934400002583],[99.93814080025777,26.30542389999306],[99.92092879972438,26.346906900133376],[99.99948129972228,26.36302489967943],[100.03098280001626,26.420173400082376],[100.06175229982881,26.430238900205154],[100.03280629957112,26.471378399793366],[100.05258929995631,26.504737900333907],[100.04382330040505,26.544780399695753],[100.05452730029475,26.56558589956967],[100.04833229969591,26.597671399815283],[100.05988329997439,26.600784400379837],[100.05547329985296,26.64240090038129],[100.12338280007623,26.60480090034133],[100.14674379998644,26.61078240008777],[100.1684113000415,26.626195900420498],[100.2029422997474,26.68833739995108],[100.24922179984623,26.703721899845846],[100.24147779976073,26.65717139984031],[100.25554680014477,26.635436900292746],[100.29479979997086,26.62262540034203],[100.32795730018933,26.63444889969702],[100.34426130021888,26.62783989979158],[100.34250630022564,26.59271439964988],[100.41169730019033,26.565555399961795],[100.41912830023091,26.5447729002492],[100.4462432996886,26.54446240031956],[100.45719930040747,26.524120400236313],[100.443702800344,26.51003439996765],[100.47643279973397,26.492423899943105],[100.43567679984449,26.484857399949078],[100.45305630000831,26.429523399585264],[100.47855380041761,26.425779399599662],[100.48114780043073,26.39290039963379],[100.44614939967511,26.390271200155837],[100.43139270031293,26.35976920008858],[100.44998710002471,26.357386199913265],[100.42750419995895,26.330509599938125],[100.43133230004565,26.319206799953918],[100.40795430025082,26.319640700358093],[100.39393719974203,26.30294510043609],[100.41098610012847,26.289924300366238],[100.41931510021175,26.248180600254557],[100.43723729986158,26.228181400151527],[100.43113210016634,26.217375599704212],[100.44530690039318,26.21027120015583],[100.41470330031711,26.18622389971324],[100.42671180010956,26.151168900124674],[100.44888280000129,26.13184340015283],[100.48782329980548,26.128858400095112],[100.47543280038349,26.117747900345364],[100.49491130021642,26.019189899594267],[100.5668718001935,26.01279839982635],[100.57057930029453,25.98839939971259],[100.61363229999068,26.006694899849776],[100.66398630002777,26.00374589965361],[100.64916980024617,26.09767540009966],[100.67511729982357,26.127200900101514],[100.76081830032439,26.1616573999691],[100.76787990023729,26.19029679975756],[100.82230599992204,26.201297399655346],[100.83052519997807,26.178394900204523],[100.86680559959882,26.156362199855664],[100.89821040028983,26.156798899849377],[100.91022719992537,26.17094550003486],[100.92273539991885,26.143947399852664],[100.91388049968538,26.05796189972193],[100.94054750006711,26.032872099767644],[100.9056168002752,25.990724399911187],[100.91973130005948,25.968229400366567],[100.94924180026891,25.96755789997718],[100.9662628000882,25.951216400016904],[100.9591063001157,25.908590400226842],[100.92301929970097,25.882251899705466],[100.94909629985443,25.861871899668472],[100.88797729981258,25.827857900421805],[100.93454729981806,25.80235289966663],[100.95099630023913,25.771087400363285],[100.9415892999063,25.742049400359576],[100.97148129972226,25.751476399816056],[100.9763113003263,25.740457399789193],[100.93501279970098,25.701711399961198],[100.95728279966153,25.6692084002475],[100.95446780024884,25.654317899751334],[100.98940279969952,25.64849840028097],[101.00877379997092,25.558360900235414],[100.95571199970908,25.552751500381476],[100.94582460042506,25.491104500272513],[100.97064229970243,25.428905400064195],[101.03749079956083,25.40006440015202],[101.03269979985595,25.374177399767234],[101.04675280040146,25.3539639002139],[100.99739380038363,25.34922709995078],[100.99212780035776,25.33497920013002],[100.96869679991744,25.32888800018111],[100.97508230030797,25.313848300358814],[100.9608104002798,25.304503099638396],[100.98652630014868,25.273572899969395],[100.9806450001667,25.25400040029831],[100.94274289986498,25.26186410014816],[100.93653879992576,25.24626830004206],[100.90688590016424,25.244148499953383],[100.82782420042656,25.279902699949673],[100.81774769979654,25.273747300097853],[100.83169999965531,25.25167320035797],[100.81898970041442,25.195999499977006],[100.7803174998528,25.20474860036768],[100.75014809965512,25.151444899562534],[100.7587954003875,25.131222500318188],[100.74974729969819,25.10561569990466],[100.77155439971585,25.06429150025258],[100.74625760010821,25.04964820000447],[100.77984479999759,25.008651099968347],[100.7204833000643,24.97737949966421],[100.7393798000378,24.93760890043046],[100.75842529968787,24.930433799780076],[100.76047679986448,24.903435900146746],[100.73580379970565,24.87119499974949],[100.76167780039026,24.81734839980885],[100.73921900035663,24.8109167003455],[100.74530920025944,24.783725299882747],[100.7046967996177,24.78875340044914]]]}},{"type":"Feature","id":"xihu","properties":{"id":"xihu"},"geometry":{"type":"Polygon","coordinates":[[[119.71038830017994,29.496074400413306],[119.74315630042304,29.520063399606272],[119.7226563002481,29.54570789959996],[119.76325980029958,29.56761740002304],[119.7634888000681,29.598583399904044],[119.71909279959311,29.615915399676],[119.70607730012739,29.59360289955424],[119.69425179978077,29.593969400267667],[119.66217780006548,29.652999900225268],[119.6118093002591,29.663705900207162],[119.57833079962677,29.74248890004276],[119.55687730044713,29.752992399679556],[119.49195929968198,29.72255890007324],[119.38025679981149,29.770742399841936],[119.33699779960887,29.712545399650537],[119.29794279992029,29.724414900227487],[119.2831802999309,29.731250899809254],[119.28946680025274,29.766403400296724],[119.27031680028017,29.790332900343117],[119.27320879964645,29.811816900029953],[119.23108679971608,29.842563399681183],[119.19557929994482,29.837333400416128],[119.1807707996328,29.850807400341296],[119.18990329989742,29.884973400302215],[119.22583829959785,29.909004399633375],[119.21515629982343,29.934984399810276],[119.17910780028478,29.93756290000789],[119.17558279960656,29.949815900283625],[119.23703779985465,29.94150340006189],[119.24426280028808,29.951169899771116],[119.11009979976598,29.979308899686032],[119.10253880002563,30.01230789978979],[119.03793330018175,30.007333899739706],[119.01899730018533,30.033051900424937],[118.92324830036887,30.01298340036368],[118.89463310043732,30.021144100419974],[118.87906820013734,30.10160229980636],[118.8617210000242,30.10087709999823],[118.86057440038837,30.124145500314626],[118.85091309965992,30.12120839994776],[118.86025790018198,30.136574999736524],[118.88795440037529,30.131504100433915],[118.8947779002799,30.146711299886647],[118.88395790043683,30.152347399712767],[118.87673740021091,30.13460790003461],[118.8415153002909,30.15547080003745],[118.9273512998227,30.20795919975734],[118.87920570018298,30.2399235999942],[118.89021350005305,30.260183300419044],[118.87287569965383,30.285664200242707],[118.87564099983229,30.31717260013545],[118.94870100015112,30.36207709977839],[118.95529929992279,30.348819599944648],[118.98236810030767,30.351236099866185],[118.98436370042452,30.333615799929248],[119.02627089998214,30.330318299849694],[119.0302834995839,30.314129899575278],[119.0503463995667,30.3053398998166],[119.08562279965258,30.32562320025056],[119.18212129985818,30.29391759971753],[119.2188047999017,30.30250629972602],[119.22305880002364,30.290662900172777],[119.24422680042653,30.343926299659074],[119.27239000019836,30.343093000441684],[119.32095949978111,30.37447649979066],[119.34424640005136,30.35060649979016],[119.39335230026848,30.368742099568294],[119.38915730016936,30.386744800232407],[119.36218229997326,30.388278799926752],[119.35666499969,30.420223799988435],[119.32952640022324,30.44922859972013],[119.3275912003736,30.536520599845858],[119.26715430013087,30.511672400061286],[119.23640009958501,30.535530699881917],[119.24134069971353,30.563106299716026],[119.26271259980672,30.576537800379242],[119.23528970035943,30.612195299873235],[119.24493489962595,30.6223701998249],[119.30729090005502,30.622988699568907],[119.33491770009186,30.667719399830503],[119.38495700036538,30.69135019995184],[119.40565289986148,30.645855100232723],[119.4410902003525,30.65172539970746],[119.44257080010243,30.67293330033158],[119.48029609998514,30.703520899669854],[119.4750926001434,30.77451249975212],[119.52196959991716,30.778400099884777],[119.55051099968296,30.82828030019573],[119.5736772001427,30.8314149996026],[119.57135980011469,30.857630499847744],[119.73056779996409,30.865871399645414],[119.75768280032105,30.845310400254846],[119.80693029969359,30.850889400325627],[119.79570780017491,30.799400400108425],[119.82814030023474,30.78576639999943],[119.84928829971534,30.751148899901864],[119.87557979986798,30.74366390006901],[119.87616729998092,30.714052399698517],[119.94019330008075,30.742278900051247],[119.95893880028552,30.806133400336194],[119.94452680027166,30.884591899596558],[119.9724577995878,30.925895899576176],[120.0360868002657,30.928657400118993],[120.10646449973694,30.958357999921816],[120.14458000016691,30.93998409958658],[120.23091769999189,30.928554300040958],[120.36536880013011,30.95069940035711],[120.35319920028292,30.93438649973723],[120.35365120044264,30.888826799916956],[120.41954389993111,30.902846100167437],[120.4131037000758,30.927702800344036],[120.4316323998155,30.925852900291147],[120.42865480027888,30.891954499900294],[120.44862580034044,30.87054340015783],[120.4355728998695,30.860543199808887],[120.45202379965872,30.849922299974196],[120.45375120035771,30.81807050025344],[120.4721756003238,30.808294300341743],[120.47458430042514,30.7797193999304],[120.50055740010396,30.76059440021146],[120.55322360028902,30.8362938999436],[120.58379440029137,30.85833280021859],[120.65089089989522,30.849355799930265],[120.65469690004193,30.86778050026993],[120.68017789969042,30.886993399725668],[120.69714560028933,30.870909200299423],[120.6944395996079,30.88428570022495],[120.70873540001878,30.887922199749767],[120.70753379964515,30.92635909989258],[120.67900579977788,30.958982300292973],[120.68524889971707,30.96739810024218],[120.72673730028623,30.973189000372145],[120.76508390040169,30.953583300429045],[120.77216240037455,30.9334672001512],[120.75578670009622,30.92050730037164],[120.7670911997991,30.897211299861624],[120.78579119970414,30.900384199771054],[120.79160190020764,30.82565629969855],[120.80354029964519,30.824204700386645],[120.8108301996541,30.839808300312882],[120.81804509980157,30.826651899565547],[120.79146979969153,30.804408999775546],[120.80384010034038,30.789939999831176],[120.77487229961696,30.777118799792845],[120.76804939956025,30.78701470036816],[120.72747230000675,30.785497500009683],[120.72854520020087,30.763037600105235],[120.65181249994703,30.730363900073996],[120.64908740036333,30.715865299843756],[120.67807670027958,30.719702299621474],[120.669686799906,30.69878150036601],[120.69838640031219,30.704750100236993],[120.69786069981149,30.69106880028494],[120.73897360015155,30.700368200332207],[120.74113180039228,30.71527660003511],[120.76710520044469,30.70386369965007],[120.75096839967193,30.625430699767037],[120.77126739957089,30.6304713998353],[120.78686710003672,30.60581000003151],[120.8014690998192,30.636693499705302],[120.85056420007788,30.61050089979676],[120.92527980012278,30.60957750020151],[120.96351739970828,30.64134590039305],[120.97422479993463,30.63973980025162],[120.97465399958253,30.62428589967459],[120.99395590044446,30.631179099735732],[121.0031067999389,30.62099909972875],[121.02724669997531,30.63767199986296],[121.04604360003214,30.589972099732677],[120.9649400003808,30.53522999986467],[120.93332999957988,30.478169999945578],[120.93713680012331,30.452198900359008],[120.96071559964525,30.435849400029838],[120.91349029963771,30.40915259971274],[120.91568999999356,30.379159999934075],[120.84856919980882,30.322541300040996],[120.78230810023865,30.294798400226057],[120.75778020029611,30.31100319963798],[120.72740619983631,30.380552100099408],[120.69226650029884,30.39387129972073],[120.6592203001768,30.36048219979375],[120.69996792917664,30.277239614816438],[120.74566589976155,30.221721700396188],[120.89766919957401,30.2070764998806],[120.89205399999219,30.18293759989035],[120.86656390010398,30.183554899938713],[120.88473940010329,30.168396000375196],[120.91682511978354,30.18001404511216],[120.93413110037,30.132044600178233],[120.92820880029592,30.11602759989387],[120.96097469972267,30.09418810000085],[120.96897839973337,30.06745980002978],[120.98751779960685,30.063652799836916],[120.99088659973688,30.02440459969256],[121.03307240027107,30.01853370037003],[121.0338448999222,30.00169929998276],[121.0573412001363,30.00668440036486],[121.08203670043349,29.989036900432666],[121.07933770007492,29.97337359991178],[121.03615429958131,29.95665549985148],[121.03642419961716,29.934321399812802],[121.00879130037822,29.897034600366567],[121.05271209998352,29.855323599604503],[121.09956100043985,29.838150500145503],[121.08994019978047,29.822547099868814],[121.09886380012438,29.806215299996154],[121.05326980016116,29.763740200150153],[121.019388000356,29.768581499836387],[121.02803280007367,29.74643030031814],[121.00421210000843,29.73616370009472],[120.9571762997465,29.733957399614326],[120.93795029986654,29.74806740009052],[120.90280929990934,29.737386900385218],[120.8850632999314,29.75953089993112],[120.85215779964278,29.758754900118618],[120.82766729980608,29.8041303998981],[120.83081830032438,29.82599039983711],[120.81204229961247,29.82816490028995],[120.75512680006182,29.80643440002757],[120.74319449982636,29.75542939964714],[120.7180434002828,29.746014499669457],[120.72092680033165,29.71704259983619],[120.69575219970432,29.701600699812502],[120.66953899992495,29.716975899817953],[120.66106689971775,29.748904800216394],[120.61406450027653,29.74654320030851],[120.56481950011994,29.706548800286953],[120.5467822996635,29.716307799765218],[120.50964330019826,29.662133899659807],[120.51342029990701,29.614629899750128],[120.49299629963957,29.581497399785235],[120.50846879999517,29.527030899856186],[120.42312629983894,29.477445400185104],[120.40017079974268,29.450717700061887],[120.35932139986278,29.444117500022685],[120.36022509980853,29.41578369975798],[120.32618720017922,29.408698999858984],[120.31805420014132,29.384292399574633],[120.28209439983675,29.3557751996658],[120.26320829962344,29.362764799855654],[120.24817100009159,29.39059139957351],[120.27068329989447,29.419421899900783],[120.2544633001412,29.460132400390023],[120.2598268001667,29.49032190043539],[120.20793130008951,29.511153899732733],[120.19391630039706,29.547088400309462],[120.15731829979973,29.515928399576012],[120.11318850044904,29.50558089993865],[119.96801290037513,29.361120799585308],[119.94335780032225,29.38010179985821],[119.92113500037999,29.367673000108937],[119.88857420033912,29.36976140036836],[119.88824249979155,29.383538600426107],[119.87210059986285,29.38748840036942],[119.87398020002627,29.409546500270835],[119.84014849965365,29.417636500124445],[119.80510060021254,29.393364600296138],[119.76712199998042,29.403093000341755],[119.73308270010659,29.449323499979585],[119.70200330021214,29.457788400214554],[119.71038830017994,29.496074400413306]]]}},{"type":"Feature","id":"xuanwu","properties":{"id":"xuanwu"},"geometry":{"type":"Polygon","coordinates":[[[118.67685949976612,31.306625699916196],[118.57036139995876,31.294071399775305],[118.55013889999032,31.32113050007257],[118.54860250000547,31.357255399716962],[118.51881589983395,31.3816677997292],[118.52009789959845,31.404074000214962],[118.43972340011487,31.395357400423734],[118.41935389966284,31.457441200351184],[118.42645970035494,31.47482650024284],[118.37117979960817,31.534330499552937],[118.35771559959528,31.494535099715108],[118.3173887004283,31.442078599847548],[118.31363899964015,31.510604499897795],[118.29813129981972,31.50251369964758],[118.2454976002341,31.53612689983663],[118.21406060021661,31.526747899895724],[118.18236700023692,31.540188300249895],[118.13246550038264,31.519302099712206],[118.14799780025828,31.559424299691727],[118.14818549956124,31.612727700123287],[118.17433379976512,31.631719899653717],[118.1692604003473,31.649729200442323],[118.19414660008556,31.67800039979869],[118.19201829960491,31.695748300044045],[118.2194540000022,31.71496380033915],[118.21282690034127,31.72436819983261],[118.16128340030878,31.7136060003167],[118.17739929993775,31.764653199585553],[118.1694232001206,31.79330969998273],[118.1420159003136,31.8024558996201],[118.1543004002433,31.824069800081247],[118.1036057999678,31.82733900029467],[118.07897789991023,31.840368899705027],[118.0803700000755,31.85644459963862],[117.98305490016355,31.88198169989556],[117.92024540040495,31.924331800272398],[117.86374679957521,31.931546900069407],[117.85697929955506,31.95854739964284],[117.81041009994624,31.999877700295656],[117.83186329965167,32.040988900017794],[117.87980630002085,32.06632990040464],[117.84771729961369,32.115661400053625],[117.86827829990364,32.147399899585764],[117.85856629989485,32.197715899669106],[117.8277968000823,32.22386539956858],[117.87496929999327,32.23976139966891],[117.88067629967156,32.287944900336925],[117.92204279983537,32.316600899811704],[117.93805629995836,32.36454790036538],[117.97537979983792,32.37253940017325],[118.03581980004378,32.42592239959913],[118.04218280029602,32.47409489975985],[118.13725280027654,32.477874899607],[118.13902280006221,32.467506399900515],[118.16443630019512,32.46566789965391],[118.17372879974437,32.47403339962176],[118.21528629972306,32.446605400119154],[118.25849929960305,32.468684900288],[118.31952679992196,32.59309789994819],[118.39945230028354,32.60024190024353],[118.41973879960597,32.6298368998531],[118.40706629977001,32.64995190026002],[118.42304980030815,32.66514190017858],[118.41548929969144,32.714801899687984],[118.43903299957333,32.7417771004329],[118.47987769959627,32.72286039988762],[118.55432510022331,32.7329870997749],[118.57347610024192,32.72270690000346],[118.63497380030071,32.74849090013498],[118.70121360032749,32.722959700329966],[118.74897840003325,32.73699410019759],[118.7497777003806,32.753791999801024],[118.7302297000407,32.77252629984889],[118.74254109959213,32.81670509966068],[118.73389360010958,32.85415219966433],[118.80598600005396,32.85642789992767],[118.80248839991975,32.917115800054205],[118.84224949961481,32.92442870022438],[118.8435798999925,32.96008840035944],[118.8809537996782,32.964017700256704],[118.88741250038663,32.942456199693936],[118.93028499985292,32.938926599882734],[118.93529530013802,32.94984800008518],[118.99661059969947,32.96333360036539],[119.01548270016656,32.95834649989109],[119.02460750043588,32.92962030023671],[119.01185630002828,32.928174999776445],[119.00851960029934,32.90886560036722],[119.03936500019472,32.912792599798706],[119.0481089996307,32.873478000009754],[119.10057309966885,32.8232464004011],[119.17971969990424,32.82923279965405],[119.20509339964076,32.72870009992971],[119.20333379961517,32.64260920015454],[119.21454550007479,32.63097230023152],[119.20336599984103,32.616378999591234],[119.22353090003105,32.61260149985941],[119.22326390030878,32.592711199562245],[119.30084619999218,32.59886679996288],[119.31258169978571,32.62426619962548],[119.33923830040726,32.616741900318516],[119.38385740019896,32.668370200124684],[119.45511700004954,32.64966700043175],[119.46066789990368,32.61561829994463],[119.43320219992165,32.58790090040628],[119.44474159984497,32.56813199959214],[119.45980960043278,32.56773009976433],[119.48002920008753,32.51924909976617],[119.54106729981606,32.444812900195245],[119.531060500242,32.41439629974951],[119.5699559997696,32.39106159961318],[119.55589880028947,32.37778220038831],[119.58377500031611,32.377983400313724],[119.58615749956903,32.3631928001077],[119.6775556998357,32.33565210026427],[119.70786899965469,32.28838079993403],[119.69203510043963,32.259353300414546],[119.77497570026844,32.209028299916156],[119.82733880014553,32.20373810003332],[119.83320029975414,32.197786099848656],[119.7923650003446,32.18158159991094],[119.78796880031996,32.11979630025911],[119.87667329993292,32.08123169998299],[119.89437700029839,32.04903090035583],[119.8782239002129,32.04132979973053],[119.86633190039697,32.0606483002789],[119.84020949976866,32.06173339977664],[119.79653309992273,32.05783389981468],[119.78655720015468,32.046574400388295],[119.76365069962014,31.959083400078896],[119.78714589996332,31.927596299729487],[119.77731980026863,31.90399850023067],[119.74975560024086,31.884777300032397],[119.766010900183,31.850439599707784],[119.80712540041691,31.853886200188015],[119.78615630037302,31.83045719983994],[119.78749480004501,31.811271899678502],[119.76024479975774,31.810460800225826],[119.73300029972415,31.767633599610974],[119.72987879966695,31.742856199853804],[119.7484907001857,31.726086699941277],[119.739884699919,31.70933600035619],[119.74834479957292,31.7085915001976],[119.7228185999985,31.697298500125726],[119.69393740039072,31.70623369992535],[119.69991790009112,31.662666299709997],[119.68474800002025,31.659065800046676],[119.68606079976621,31.634976100166966],[119.66826530020353,31.626654999728487],[119.66726279983845,31.612374399658847],[119.63750810041859,31.60636750035991],[119.63896429976273,31.577185400186124],[119.62527250022572,31.561690899715302],[119.59324009955105,31.572542999959524],[119.58293979993186,31.56363400010906],[119.48649130023341,31.57134629999183],[119.46152079984506,31.589427899977636],[119.44511490033244,31.57751950012488],[119.41560730043659,31.598788200315255],[119.40823030018828,31.62279010028294],[119.376074599763,31.63881479966335],[119.37210240040554,31.628105099870538],[119.35649740023484,31.631326199844295],[119.33852799966746,31.648154599954864],[119.32415250043766,31.668924099967285],[119.35129569993671,31.663369899601264],[119.34845840003516,31.67962909990308],[119.31585779959778,31.685256300038247],[119.25441599959879,31.627523000186386],[119.25306710016662,31.635972999554326],[119.23117799996476,31.62806409977844],[119.20949469972072,31.57289080017034],[119.1742894998606,31.538776500435176],[119.17263500000536,31.52961410041047],[119.1924830996154,31.523755000193148],[119.17834719956363,31.502190899690333],[119.14188250007737,31.48877680000936],[119.15094130000102,31.471902100101886],[119.13591109971753,31.45342680030666],[119.16539459958119,31.435173800330688],[119.16268210039868,31.389606299790955],[119.19155500016313,31.378246499876127],[119.21113829979276,31.348875999827555],[119.18263160036815,31.30450200036705],[119.15281720035352,31.296736699838902],[119.12716989987109,31.262677200292615],[119.09931779987664,31.25550530032939],[119.10002589997532,31.236756499612795],[119.04847389955091,31.232582499582747],[119.01497320005319,31.243438900385],[118.98162839983081,31.233050600305035],[118.91343399977927,31.24618059965502],[118.87968099997818,31.230200600177625],[118.86510720023716,31.244597100375927],[118.79004310030894,31.23155520041223],[118.75807190029798,31.278194399651852],[118.69610799978443,31.30208470004891],[118.71337069959816,31.297134300007997],[118.71466889975,31.3245003002487],[118.67685949976612,31.306625699916196]]]}},{"type":"Feature","id":"kunshan","properties":{"id":"kunshan"},"geometry":{"type":"MultiPolygon","coordinates":[[[[120.94999910007846,30.629511299806666],[120.9325969001269,30.610131499669023],[120.855917900191,30.610094599586148],[120.8014690998192,30.636693499705302],[120.79629279997278,30.60953259974974],[120.78287599962778,30.607361299984063],[120.77171800038548,30.629566699843394],[120.72661399963647,30.602854999558645],[120.71597640029074,30.583460699651596],[120.61366309957248,30.589001500119195],[120.599724400161,30.620793399595755],[120.62359440016155,30.6280651000244],[120.6379685998711,30.687043100258904],[120.5586055004436,30.735352700266958],[120.55468520006195,30.787904000369394],[120.52735099984886,30.794109100354774],[120.50055740010396,30.76059440021146],[120.4835482002893,30.76601190002924],[120.4721756003238,30.808294300341743],[120.45375120035771,30.81807050025344],[120.45202379965872,30.849922299974196],[120.4355728998695,30.860543199808887],[120.44862580034044,30.87054340015783],[120.42865480027888,30.891954499900294],[120.4316323998155,30.925852900291147],[120.4131037000758,30.927702800344036],[120.41954389993111,30.902846100167437],[120.36135709985035,30.88229870032484],[120.34915040027079,30.91185789972235],[120.36536880013011,30.95069940035711],[120.23091769999189,30.928554300040958],[120.14458000016691,30.93998409958658],[120.10441530002618,30.958394800179917],[120.04832489967441,31.008128500030296],[119.98864579966403,31.035168899824896],[119.91620870037127,31.17377090000707],[120.0012585998046,31.253798799874744],[120.10782589974554,31.265615899654108],[120.14241569982471,31.291238199883082],[120.05276119956977,31.369791500277586],[120.05662319960106,31.433787200419033],[120.105174299954,31.463149200075577],[120.10242639985847,31.47997080041216],[120.12479980027058,31.508200499653412],[120.1135994996173,31.507282100288762],[120.11094999974273,31.520924000042612],[120.09712110035855,31.5146009000116],[120.09260960005304,31.550502800164168],[120.0535995997418,31.56107590013272],[120.05065480027883,31.57890979984745],[120.06874680002488,31.607711699935066],[120.11671059991431,31.639148299754254],[120.13010240000585,31.662944399764285],[120.12035550000633,31.68618960026987],[120.13956840036144,31.677344599773505],[120.14833070010184,31.68574380003639],[120.13809430001197,31.694542800210115],[120.15663019972396,31.719925399637532],[120.1509259996352,31.759471100011297],[120.2011367997236,31.755256699736947],[120.16220559980866,31.805499799875918],[120.17688859972918,31.815556400307685],[120.15845909970778,31.832963300116262],[120.17924940013972,31.85424809996988],[120.17140499974096,31.871077799600812],[120.08024900039106,31.855080400040492],[120.04012750008417,31.824240500398844],[119.99760050036286,31.829951100063283],[119.98456390010392,31.854127199610616],[120.01074870019238,31.88072790017253],[119.99391520002655,31.89672440041079],[120.0143629999526,31.91815330043454],[120.00236949995258,31.945944299589826],[120.01845260040727,31.970852100144384],[120.14431039960527,31.940167699579717],[120.25325959985071,31.938539799871933],[120.4411924000093,32.033560200442935],[120.49776280001322,32.03307550003433],[120.57988070003432,32.002728400095634],[120.63820829977328,32.000906700084215],[120.65165540007672,32.029183600243016],[120.62647339982755,32.034820600290516],[120.6227643996574,32.05249759978443],[120.64557910009546,32.06461019970101],[120.6538510004234,32.09438669958655],[120.68170310041785,32.09893119961521],[120.67833419956366,32.123135900301634],[120.70372459971054,32.119224399786276],[120.6992358000922,32.163244300184374],[120.7426540000821,32.160342500006436],[120.72551529969144,32.16559319986635],[120.74045040026579,32.18265600017435],[120.73498239991784,32.19177330009779],[120.78019600014534,32.19467400040486],[120.77595210030927,32.21518390031679],[120.7911321995914,32.24618149967654],[120.82083929969394,32.23472259986812],[120.83570839992274,32.259763000062435],[120.90738450009462,32.24096719987642],[120.90662769990854,32.2505083997429],[120.95359010020297,32.2428267001921],[121.00949090008498,32.26215149959211],[121.01223010013905,32.25005119970314],[121.09213470025622,32.217491100234156],[121.21305490036343,32.20562869980472],[121.23028289983597,32.19446630017967],[121.40776620015004,32.20125519956787],[121.41231940022021,32.17597349957737],[121.44716480021543,32.16224210019283],[121.46108270010654,32.14317589994789],[121.43573199963214,32.13616229955056],[121.48046150019809,32.13630250026023],[121.48125580031501,32.11582600026975],[121.48294129980115,32.13636019986336],[121.51830110031563,32.136480600199604],[121.51335769969819,32.11259260026833],[121.53423169913367,32.106037795308055],[121.51873769958524,31.981275700413278],[121.5004656996324,31.966435400073692],[121.49310360025106,31.908749900087855],[121.50152269981277,31.90814599993797],[121.46957750010165,31.881873499762264],[121.45197871824337,31.823817504274473],[121.4174100998963,31.841709900391663],[121.37673119978513,31.843891400267978],[121.32866600043565,31.878794700415142],[121.2878420001083,31.884930600267012],[121.18295230000865,31.838954199576676],[121.1051139003863,31.78427669980988],[121.0895106997591,31.7261147003332],[121.11552040004653,31.710329199932687],[121.1091791004352,31.70169429995201],[121.12916160012776,31.69992780032777],[121.11963280011366,31.69328589962464],[121.13098220026836,31.699238200182833],[121.15579369961961,31.683811399776346],[121.1495902004275,31.675035100289676],[121.1786489999514,31.67238070000934],[121.24880310008302,31.617924699665195],[121.23851509959229,31.61056229991027],[121.29933260011944,31.54749400044784],[121.3104264003581,31.52888889970302],[121.30255710042991,31.517909899722156],[121.37143720026666,31.4938558004049],[121.50884999992763,31.396499999875118],[121.65933369999027,31.335566199920265],[121.72530999955688,31.282359900189306],[121.75735740002403,31.242481799595453],[121.76065030007135,31.21876690027227],[121.84401429982017,31.13814159965517],[121.93348009982685,31.009728199696724],[121.97402790036733,30.92054249983653],[121.97284329987849,30.89195320037993],[121.8877537996982,30.84815599999945],[121.65950600020176,30.84544419959019],[121.53191129986669,30.81217509980104],[121.52584460014828,30.822331300149415],[121.4911974997649,30.79690190000275],[121.48309999956541,30.812029999584865],[121.48709539963306,30.794437799864625],[121.37902149964259,30.744531399604455],[121.34654850041306,30.704187700202226],[121.27134469979808,30.69460350015146],[121.15954820008938,30.642081599786025],[121.14513779996958,30.603160699806494],[121.12348569990525,30.59564580021356],[121.08459629957963,30.595659999609325],[121.04186869978071,30.577769599987107],[121.02724669997531,30.63767199986296],[121.0031067999389,30.62099909972875],[120.99395590044446,30.631179099735732],[120.97465399958253,30.62428589967459],[120.97173570044231,30.640422800272063],[120.94999910007846,30.629511299806666]]],[[[121.24242650028282,31.718714799748284],[121.25822310011608,31.716499800125746],[121.28248470000892,31.69503369964559],[121.24630669989438,31.703930000169407],[121.24242650028282,31.718714799748284]]],[[[121.98298110009773,31.213294999564653],[122.00576930021305,31.204111299996555],[122.00198420031063,31.184750099637427],[121.97772819959675,31.171465899831446],[121.95061410036055,31.177414300029966],[121.9454385001867,31.19842890037353],[121.98298110009773,31.213294999564653]]],[[[121.98317290030911,31.214954499650503],[121.94331279964604,31.20028689972071],[121.93945040031576,31.20154230023701],[121.9460938001888,31.225458199836112],[121.95930319978288,31.229817899976126],[121.98317290030911,31.214954499650503]]],[[[121.9203104997298,31.23343300013289],[121.9092999002703,31.19851010016106],[121.8744320999615,31.241334799761262],[121.87850190004269,31.24650289958919],[121.9203104997298,31.23343300013289]]],[[[121.83943000029433,31.375359999864145],[121.91009060040096,31.349258500379563],[121.89631440038931,31.297842499931505],[121.84816870002555,31.294784599929415],[121.8033201004423,31.327590100103066],[121.78960999970184,31.38119989955578],[121.83943000029433,31.375359999864145]]],[[[121.67593940008328,31.452560700116294],[121.72154200026318,31.42472440031088],[121.71786170015741,31.41088379984751],[121.77585419991146,31.379127199660616],[121.78326350021041,31.31885500035804],[121.76070999976673,31.321910099871275],[121.74773489964593,31.348008899591093],[121.71185720024971,31.37245859988451],[121.57104919996073,31.439238700006058],[121.50817820006398,31.48949140040787],[121.59317919976036,31.48873939990341],[121.67593940008328,31.452560700116294]]],[[[121.53604820016437,31.73748110037252],[121.62445472200784,31.699580074760718],[121.6184673002258,31.690496100114956],[121.53876549992799,31.725595599957046],[121.63878310035989,31.66646130024884],[121.64604170036421,31.674371999568166],[121.62080120011535,31.686864199723118],[121.62688379984752,31.700337999998737],[121.69828890011274,31.659926700357005],[121.68679000025838,31.640129899875035],[121.90057980031759,31.59132299995656],[121.97144360044183,31.538822900056857],[121.96993979998183,31.478033100447306],[121.93668899959766,31.456660300132796],[121.82918089997861,31.437326299768984],[121.7822851997023,31.471711799959678],[121.70757890044592,31.502179800257636],[121.5989599996044,31.524779999797204],[121.34472990036465,31.64361000010149],[121.29112010001268,31.69970010007961],[121.25218749985333,31.722240799573285],[121.21219009969343,31.73102000027285],[121.1622998998206,31.78995000009246],[121.22443330005683,31.83835929984184],[121.30507270024498,31.864930999965736],[121.44101963105118,31.794557394208425],[121.42865499972856,31.771065300123553],[121.53604820016437,31.73748110037252]]],[[[121.44467687973429,31.804315099562245],[121.4333409999872,31.812064300427153],[121.43505959992069,31.814351000298473],[121.44809681891309,31.813518283841802],[121.44467687973429,31.804315099562245]]]]}},{"type":"Feature","id":"yangshuo","properties":{"id":"yangshuo"},"geometry":{"type":"Polygon","coordinates":[[[110.6241227997275,24.39165890033803],[110.58090979984746,24.39108439992515],[110.56304999965784,24.365677999939805],[110.57245599994451,24.354573999590457],[110.56635199994491,24.33602600039967],[110.61180100041588,24.287666999732323],[110.60462100025899,24.272390000298344],[110.62222299989162,24.233863999823768],[110.66094999974274,24.225786999670333],[110.68475400029695,24.190625999690212],[110.71348699972532,24.1795749999863],[110.68179999987018,24.123686000108876],[110.67156900020927,24.065142000103265],[110.68548499983291,24.041491000309463],[110.74424800004522,24.021382000179187],[110.72670799967449,24.004786000173794],[110.71804000014595,23.962291000129596],[110.75437899959121,23.940063000307248],[110.74034199978354,23.90300600012688],[110.71872000002804,23.885710000216363],[110.65194800010016,23.881504999656045],[110.6260520001997,23.858488000321017],[110.58331399974134,23.895395999925483],[110.5857460003777,23.924272999699213],[110.51999699996162,24.043032000326605],[110.48152099999419,24.054506999798264],[110.4555359995868,24.02127799987983],[110.41767099991677,24.01248900016725],[110.3935390004246,24.019760000024007],[110.38829699970682,24.04198299961581],[110.35563699994765,24.062584999997796],[110.37492299989657,24.08802400040736],[110.35695699966584,24.104614000136053],[110.36329699975681,24.120978000234572],[110.40372499980896,24.114702000397074],[110.45197399990025,24.127774999816438],[110.44931899977206,24.14336400014855],[110.41109499973453,24.154035000315048],[110.44730400037935,24.16906099986528],[110.45316399991873,24.18564600026275],[110.38224800044492,24.227468999894484],[110.36518899977256,24.27460599996698],[110.31410229958152,24.27454389998104],[110.27781679990545,24.30862040031127],[110.25263979988694,24.358648399703952],[110.20556630004478,24.366416900019942],[110.18946080017582,24.4319188998374],[110.1997988002745,24.450403399697166],[110.13519280040748,24.430862399680052],[110.10994729992802,24.458820400241336],[110.03980230003617,24.430593399865586],[110.0333172995538,24.420125900090284],[110.047286799846,24.392324399551455],[110.0226902996177,24.34308240043248],[110.0343162997575,24.275649899723135],[109.99439979991092,24.257936400344647],[109.9652863000228,24.263343899701283],[109.93257130042525,24.23858089988869],[109.89855180002559,24.25567240026112],[109.91992930019711,24.275190400116912],[109.91309329971608,24.30764590033806],[109.81587979981299,24.255540899592916],[109.80140679968412,24.262357900097072],[109.78930680016873,24.23714840037843],[109.75750729962226,24.214835900256617],[109.74136329977654,24.217134400132522],[109.74176769971962,24.234771799778798],[109.72519090023991,24.248142800350024],[109.67305849984996,24.261541599864984],[109.60958540024609,24.256939800431496],[109.6039428001202,24.231765900376047],[109.5872643997323,24.245712799805915],[109.55886779980915,24.23467169983911],[109.51415139966741,24.264424200416556],[109.54218230017307,24.287594300336764],[109.53058910010697,24.316650400095966],[109.55334610004252,24.347460200328044],[109.64544719962862,24.325747399622855],[109.6393286000349,24.313666800282647],[109.65773810003333,24.32457359999171],[109.64432009999268,24.34036969980184],[109.7107660003507,24.379582400107722],[109.68983390021441,24.417268000318018],[109.64576920008858,24.433052499773112],[109.64453479964135,24.45635920041684],[109.67528879963845,24.49778259978723],[109.65596689965275,24.528304000029607],[109.66670130022487,24.559013399948526],[109.6325658996966,24.57975870010398],[109.58984480019745,24.57601809955571],[109.57743780001454,24.60459149989788],[109.54705820037572,24.603853500039065],[109.5461306000472,24.625463799614693],[109.49858989970414,24.62704490040187],[109.47134100018707,24.653604299598783],[109.49870589965758,24.69122040020136],[109.4881541999564,24.704704700061882],[109.53152050007111,24.730510300110325],[109.51761609990314,24.765655099703167],[109.54698929971647,24.790851400072086],[109.55763230039042,24.822118900367002],[109.61838710018458,24.844226499853164],[109.62627990029722,24.86758859963419],[109.6181009997614,24.891083899802197],[109.62697749991173,24.89240639963566],[109.61344369956714,24.938878899641566],[109.62783480023592,24.94072900024321],[109.6116427999753,24.964526200124112],[109.61627659998516,24.985262300215027],[109.64655399976732,24.989134000333877],[109.64149090028491,25.024949300270066],[109.6309755997442,25.02351839975438],[109.65678849958965,25.086010400159864],[109.63494780000104,25.128002299666434],[109.64666190042641,25.144415099677133],[109.64083799967403,25.167671100141206],[109.67422439983625,25.181783400183804],[109.7118540999868,25.223693199681463],[109.71275989984957,25.247905299989668],[109.74388239975303,25.297016699561084],[109.74276490037988,25.380440899927635],[109.75860400037436,25.378211899659505],[109.74725760035801,25.39352310031086],[109.76147649974075,25.415643200373438],[109.7436670004318,25.430690299817513],[109.7618355001083,25.43120919964491],[109.76161759977248,25.473637999694006],[109.77497919973035,25.492775499989364],[109.78887089967236,25.481326400093337],[109.7990770996285,25.49663089989616],[109.83098280021613,25.488472500305704],[109.84982919985777,25.504582799856394],[109.83186750018507,25.5188489999814],[109.82722979981548,25.544303400381693],[109.8623589997681,25.582098000222572],[109.88388710040942,25.58077529984024],[109.89152610014946,25.56390279967451],[109.92743229996074,25.562553199670504],[109.91857729990255,25.5691803002307],[109.9243840002215,25.603001699768697],[109.93939619967495,25.62162130028281],[109.91589380025874,25.66893390017941],[109.96090320042242,25.6805149998674],[109.96915840033995,25.66960689973871],[109.98657850039751,25.685495900415503],[110.02573469989653,25.67093839998722],[110.05129159962769,25.69123300040269],[110.07374879976737,25.670300500068095],[110.08652489970444,25.682357899597434],[110.10921459977402,25.660356900350735],[110.12790639966067,25.665623799698665],[110.13607779985063,25.686181899674978],[110.17963619965093,25.693678999886004],[110.21268780020188,25.783268700390238],[110.2587579003569,25.783197400339816],[110.2555638996543,25.75817989958273],[110.27545970020503,25.737847200288115],[110.28041330003384,25.67887409956012],[110.29529630018419,25.66155809962663],[110.28490209965224,25.633907599755958],[110.34005480028884,25.60121939995537],[110.33928960043477,25.573382399578122],[110.36658240035757,25.56458130038675],[110.36409549970762,25.582930499942677],[110.39189850031562,25.59161519988163],[110.44310459989742,25.543755299567465],[110.4570102995857,25.50800120029521],[110.45244040000449,25.481564900299986],[110.46340860002692,25.480183299719556],[110.47633380036467,25.501581399761847],[110.51321429960029,25.498536000336173],[110.52513639972511,25.510113900236377],[110.49810029958923,25.47413640037462],[110.51348319959004,25.460683899642333],[110.49648279964157,25.437446400031376],[110.554809800432,25.38064850032805],[110.55429990012033,25.347960900375313],[110.62180329978253,25.359124899894255],[110.66326300028732,25.33867059966849],[110.67383079965174,25.348774800316846],[110.69509880016955,25.34409569965686],[110.70690929982436,25.32331839982436],[110.7261346000318,25.325000800246812],[110.72695929993182,25.310855899779995],[110.75792160000191,25.311472099957484],[110.73040929984938,25.26805199970005],[110.7389600997289,25.244307000068034],[110.71752289986199,25.238315599685222],[110.72486929977845,25.213366299914867],[110.7827982003767,25.195713399553824],[110.79219210028526,25.178057999976772],[110.82856320013167,25.17729509968916],[110.85566090023042,25.225242299892273],[110.87565300018588,25.236027899767805],[111.00837149974495,25.242781999889417],[111.01896969979185,25.25758669966649],[111.07810289962919,25.269948599748147],[111.09801429982014,25.28733010000417],[111.10833959969284,25.22004969983385],[111.06233139987427,25.187597500124582],[110.99584150018512,25.166735699992614],[110.97677400041982,25.100017299658703],[110.94760079993705,25.05140129973023],[110.95710609976675,25.00367319955859],[110.97143510044958,24.990582600406753],[110.96561950043963,24.973558300075524],[110.98689810036711,24.965106500264824],[110.98459169994703,24.935353200190093],[111.00032910010793,24.923294600065788],[111.0917170004393,24.94037249999093],[111.09688010003663,25.03873620041537],[111.1378902995977,25.044945299685878],[111.19480019996934,25.078023100185987],[111.27238149960658,25.15417019969499],[111.31637350033685,25.108555699685837],[111.35428739974378,25.105427800053008],[111.38229890007426,25.13374790004559],[111.40239720007077,25.10567090029184],[111.43122859972016,25.101142900124785],[111.41150150029404,25.05111630007724],[111.46301349977324,25.020909999796686],[111.4541629000978,24.9943417000095],[111.43293000011948,24.987007100097628],[111.42537690002399,24.969766600048615],[111.43476100002022,24.94728090039331],[111.46482089966486,24.93172449958604],[111.441657999717,24.895853000115892],[111.45606229973538,24.88049510036865],[111.4439773998372,24.859802200111517],[111.47408289960617,24.800382600376736],[111.45946049960241,24.739187700252216],[111.42706059996675,24.68685669987684],[111.44185310044031,24.686418399989236],[111.44681929977094,24.66823109998535],[111.46626739982071,24.67787110027109],[111.49858799993632,24.669325199898083],[111.51370219959688,24.645393699759495],[111.50483259994462,24.63737630037599],[111.5235605004168,24.617263800084345],[111.48566920007357,24.539079600343314],[111.50291630024714,24.463383800422093],[111.47147089966234,24.44998369958813],[111.42826619962545,24.39922469976011],[111.39491849998882,24.303992599678793],[111.35488269967692,24.290519499975005],[111.31607890042096,24.3222911997791],[111.27966330032109,24.30863189994227],[111.25488279970153,24.330163900044],[111.22640979967258,24.329362899977923],[111.18628680019572,24.351224900009186],[111.12045280035653,24.332353400289264],[111.09458930015614,24.34517489980186],[111.04023730011136,24.332802400310584],[111.01265729989456,24.34225089985921],[110.9914167997456,24.30450240016569],[110.95906079961628,24.297900899706804],[110.93749979997585,24.33704539992533],[110.88620779985013,24.26579839957651],[110.85713980026162,24.258043399883036],[110.83669279983292,24.276971900432898],[110.85209679972758,24.364877900095053],[110.83521279993084,24.386951399987197],[110.7953413003608,24.374982900240695],[110.78267679999436,24.352624899819318],[110.78964230015208,24.327639899661676],[110.77691629964755,24.316535900211704],[110.67421730038814,24.34680340025676],[110.6241227997275,24.39165890033803]]]}},{"type":"Feature","id":"kamakura","properties":{"id":"kamakura"},"geometry":{"type":"MultiPolygon","coordinates":[[[[139.010292,34.753189],[138.992984,34.717776],[138.965261,34.722614],[138.958925,34.74526],[138.940124,34.752306],[138.944686,34.766276],[138.876293,34.781872],[138.892674,34.835104],[138.886111,34.847642],[138.839749,34.865249],[138.828798,34.882904],[138.778985,34.870849],[138.77884,34.859586],[138.7538,34.867901],[138.756295,34.885365],[138.789851,34.9097],[138.762228,34.972385],[138.777188,34.970987],[138.768788,34.982254],[138.78741609999997,35.03031809999999],[138.84503460000002,35.01418929999998],[138.87709909999998,35.0250009],[138.8918538,35.01716249999997],[138.900562,35.05052559999998],[138.8870469,35.046778],[138.844827,35.095078],[138.796793,35.120023],[138.685537,35.144928],[138.697309,35.134506],[138.639332,35.114979],[138.629931,35.133675],[138.605323,35.132192],[138.558404,35.159315],[138.538582,35.151682],[138.518281,35.184604],[138.533192,35.200862],[138.532275,35.223391],[138.514243,35.262231],[138.521656,35.283476],[138.512093,35.313555],[138.535086,35.330565],[138.531827,35.409409],[138.583968,35.447509],[138.581844,35.478681],[138.595845,35.483361],[138.602408,35.504773],[138.650395,35.516206],[138.616912,35.548325],[138.61742,35.575105],[138.584892,35.590557],[138.608614,35.603514],[138.607814,35.617214],[138.594566,35.616411],[138.598383,35.634127],[138.635116,35.653579],[138.622209,35.657575],[138.610417,35.690607],[138.622683,35.692725],[138.616879,35.711539],[138.651474,35.678492],[138.672108,35.674436],[138.665962,35.662511],[138.70772,35.663046],[138.700107,35.674818],[138.71693,35.689455],[138.702202,35.71232],[138.711119,35.734617],[138.737168,35.755301],[138.740877,35.789212],[138.786751,35.786841],[138.784605,35.825373],[138.813602,35.862368],[138.856626,35.864617],[138.891864,35.840074],[138.943931,35.854819],[138.95445549999994,35.8749108],[139.00075969999997,35.8840009],[139.01337549999994,35.8982561],[139.10022279999998,35.86710359999997],[139.120806,35.895364],[139.095475,35.935927],[139.086807,35.971195],[139.094573,35.997666],[139.106368,36.008907],[139.174605,35.989046],[139.249998,36.033259],[139.296234,36.032472],[139.308041,36.062973],[139.290785,36.081122],[139.301202,36.095405],[139.288169,36.106691],[139.30122,36.110351],[139.335297,36.088672],[139.343884,36.103617],[139.381533,36.095757],[139.391501,36.104881],[139.411312,36.093856],[139.40559,36.075172],[139.421589,36.069644],[139.44661669999994,36.083589599999975],[139.433054,36.08651],[139.438264,36.116841],[139.48445,36.105017],[139.493203,36.090122],[139.508427,36.124836],[139.553961,36.101323],[139.539997,36.081712],[139.593249,36.072803],[139.605355,36.087586],[139.632658,36.079229],[139.645634,36.103723],[139.668334,36.107027],[139.664249,36.116631],[139.703025,36.145102],[139.727054,36.10754],[139.691179,36.084269],[139.716522,36.051616],[139.739836,36.040547],[139.753083,36.054993],[139.779191,36.04177],[139.789506,36.061829],[139.776211,36.090768],[139.786769,36.104101],[139.896023,35.979439],[139.9343344,35.9686952],[139.941608,35.978725],[139.971407,35.97752],[140.044624,35.931559],[140.114367,35.947911],[140.151912,35.902995],[140.153077,35.893114],[140.127377,35.882106],[140.184801,35.888438],[140.196237,35.872355],[140.217389,35.874242],[140.21364,35.862006],[140.167774,35.845458],[140.203131,35.834756],[140.231876,35.841172],[140.237139,35.820813],[140.250396,35.820939],[140.263293,35.754766],[140.303147,35.747764],[140.325038,35.777229],[140.385405,35.712563],[140.378475,35.694302],[140.405244,35.688803],[140.390581,35.676119],[140.353913,35.68418],[140.340283,35.668251],[140.354412,35.65671],[140.327587,35.657287],[140.321201,35.639692],[140.340626,35.615777],[140.330565,35.606499],[140.382885,35.604428],[140.39585,35.585127],[140.425339,35.595863],[140.435008,35.567699],[140.47021559469817,35.547194822656394],[140.430534,35.498117],[140.39712317386125,35.41875468762294],[140.3943318,35.339252499999986],[140.415173,35.309107],[140.393666,35.202043],[140.377377,35.180886],[140.34853360000002,35.17930090000003],[140.32519430000002,35.13966160000003],[140.31048110000003,35.134777100000015],[140.3124549,35.1471672],[140.2987,35.151065],[140.27536980000002,35.130665],[140.248089,35.134081],[140.232558,35.114874],[140.200248,35.110123],[140.19056879999997,35.12714689999998],[140.1157099,35.11246730000001],[140.08325,35.062518],[140.037986,35.051529],[139.980248,35.010058],[139.960808,34.967869],[139.96241439999994,34.94002609999998],[139.916612,34.906282],[139.838246,34.904285],[139.82431574626813,34.911218124378],[139.820745,34.936848],[139.758955,34.958742],[139.753284,34.977436],[139.8193352,34.97818849999998],[139.823878,34.991391],[139.84947470000003,34.9853329],[139.8582134,34.9991955],[139.851714,35.023844],[139.810367,35.037531],[139.8299396,35.04128270000001],[139.819529,35.065334],[139.841973,35.083404],[139.82568,35.10073],[139.83889010000004,35.1294421],[139.81577450000003,35.17238679999996],[139.83002250000004,35.2033113],[139.86671,35.219383],[139.86951089999997,35.24024089999997],[139.846221,35.272051],[139.849659,35.288359],[139.785273,35.313557],[139.82200160000002,35.3168682],[139.81653020000002,35.3239703],[139.83998160000002,35.33406560000002],[139.8229909,35.3442303],[139.83775309999996,35.3589775],[139.86104949999998,35.34556220000003],[139.839174,35.367223],[139.845976,35.375318],[139.8970418,35.3583862],[139.8877974,35.37091250000002],[139.917664,35.38244109999999],[139.896979,35.410265],[139.9032746,35.4314903],[139.94862115454785,35.44214944181846],[139.95106090000002,35.4561117],[139.9650213,35.450707],[139.9521296,35.4529586],[139.95487559999998,35.4451884],[139.97446960000002,35.448469],[139.96571389999997,35.4685949],[139.9820835,35.47477510000002],[139.99039029999997,35.452059700000014],[139.99807880000003,35.45730420000001],[139.98913040000002,35.4698598],[139.999249,35.465895],[140.006524,35.479247],[140.02281463493213,35.46751217738032],[140.012353,35.4856062],[140.03611,35.495329],[140.0252456,35.5016042],[140.042433,35.507289],[140.03769519999997,35.5162816],[140.060757,35.530036],[140.06127609999996,35.54376340000001],[140.073937,35.550025],[140.096093,35.535421],[140.086965,35.548249],[140.097995,35.554963],[140.11489420000004,35.54087060000002],[140.115074,35.552788],[140.091078,35.564515],[140.126923,35.56941379999998],[140.11172969999998,35.5722452],[140.1170038,35.596852099999985],[140.08897979999998,35.594542900000015],[140.100462,35.604539],[140.083131,35.613366],[140.083973,35.596723],[140.01365659999996,35.657411],[139.98745719999997,35.654380899999964],[140.002973,35.659787],[139.98584710000003,35.66384380000002],[139.985618,35.68103],[139.9632081206107,35.68141501913401],[139.95307840000004,35.67178419999997],[139.9332292,35.675602],[139.94766359999997,35.66954769999998],[139.9181677421215,35.655536571719324],[139.93945820000002,35.640502099999985],[139.8975772,35.6166486],[139.8412735,35.64675650000002],[139.8402351,35.63360179999997],[139.82167079999996,35.6319724],[139.8344868,35.6440661],[139.80653819999998,35.640338],[139.798588,35.621805],[139.76100240000002,35.6518712],[139.7526359,35.634422600000015],[139.77679139999998,35.5902764],[139.7690329,35.5830438],[139.78748820000004,35.58007379999999],[139.742831,35.572276],[139.76369580000002,35.56051020000001],[139.785839,35.570276],[139.8068372,35.5311542],[139.82626970000004,35.541583],[139.802471,35.520916],[139.79488789999996,35.532039199999986],[139.7907661,35.50778079999998],[139.76498469999999,35.51163449999997],[139.7786613,35.4995352],[139.7455931,35.485002],[139.735664,35.494178],[139.7418514,35.4770215],[139.7127121,35.4642317],[139.69322,35.492472],[139.66842079999998,35.4678268],[139.67396759999997,35.48449059999997],[139.6395039,35.4789576],[139.64548559999997,35.448139],[139.6658154,35.44947760000002],[139.6547791,35.44346359999996],[139.6658641,35.43374440000002],[139.67528630000004,35.4457004],[139.6783144,35.4303829],[139.6906435,35.4392712],[139.66940019999998,35.40281439999998],[139.631658,35.410743],[139.64549190000002,35.40297450000002],[139.622195,35.396099],[139.636538,35.3902889],[139.628584,35.384194],[139.65324189999998,35.3873938],[139.6458951,35.37807169999998],[139.65689,35.353511],[139.65680309999993,35.3416731],[139.6231648,35.33033220000003],[139.66120839999996,35.3222629],[139.631087,35.2999534],[139.6607158,35.28298190000002],[139.661354,35.299908],[139.67401890000002,35.3005678],[139.671991,35.286643],[139.690967,35.2664937],[139.7452498,35.256925899999956],[139.73324750000003,35.24089939999998],[139.71667870000002,35.24611679999999],[139.728875,35.232446],[139.7133324,35.223969],[139.724915,35.211957],[139.69068280000002,35.208877],[139.65606379999997,35.18410350000001],[139.662001,35.160768],[139.679325,35.156759],[139.677049,35.139181],[139.6077886,35.14288059999997],[139.610611,35.163249],[139.626321,35.163047],[139.615737579006,35.1899666112391],[139.598881,35.195853],[139.6266843,35.216749700000015],[139.576591,35.253079],[139.571345,35.292924],[139.540182,35.309331],[139.351285,35.314614],[139.206312,35.276414],[139.143388,35.231746],[139.135968,35.182568],[139.14361109999996,35.151877],[139.161187,35.141975],[139.122476,35.150288],[139.07470810000004,35.09298630000002],[139.0822311,35.085920100000024],[139.069223,35.054187],[139.099875,35.045716],[139.099906,35.008772],[139.082933,35.000964],[139.095683,34.97604],[139.146865,34.954215],[139.131798,34.898444],[139.139449,34.890849],[139.08259207211125,34.85269398895682],[139.078531,34.819493],[139.041724,34.773778],[139.048702,34.768618],[139.010292,34.753189]],[[140.326656,35.614381],[140.322341,35.612657],[140.325243,35.611436],[140.326656,35.614381]]],[[[139.40801459999997,34.7861796],[139.44810050000004,34.7443984],[139.449998,34.6965023],[139.43870829999997,34.678671399999985],[139.396944,34.683391],[139.359744,34.702055],[139.352485,34.718785],[139.34956920000002,34.782567],[139.3610133,34.79908439999997],[139.40801459999997,34.7861796]]],[[[139.66321180000003,35.443576],[139.67037829999998,35.451315],[139.6743276,35.44970209999997],[139.6661143,35.435170699999965],[139.66321180000003,35.443576]]],[[[139.68528219999996,35.40192129999998],[139.682262,35.404477],[139.67127230000003,35.4017482],[139.68888919999998,35.412789799999985],[139.68528219999996,35.40192129999998]]],[[[139.67259680000004,35.46521829999999],[139.692424,35.472025],[139.685089,35.459024],[139.7022583,35.4551158],[139.6954894,35.44980720000003],[139.67259680000004,35.46521829999999]]],[[[139.758465,35.568435],[139.75766,35.574448],[139.77383939999999,35.57455639999996],[139.7656125,35.5648861],[139.758465,35.568435]]],[[[139.807402,35.597141599999965],[139.820337,35.607352],[139.832152,35.588921],[139.793355,35.5927694],[139.807402,35.597141599999965]]],[[[139.798956,35.606846],[139.810581,35.613158],[139.8190281,35.608834700000024],[139.79159980000003,35.593948599999976],[139.798956,35.606846]]],[[[139.77345319999998,35.62026150000001],[139.77700989999997,35.63609939999998],[139.78673909999998,35.6018351],[139.773179,35.618505],[139.77345319999998,35.62026150000001]]],[[[139.8401121,35.6320678],[139.838602,35.61415789999999],[139.8355254,35.6124868],[139.8258515,35.6307042],[139.8401121,35.6320678]]],[[[140.1051234,35.57764219999998],[140.1117553,35.570438],[140.0861217,35.5694568],[140.081603,35.588302],[140.1051234,35.57764219999998]]],[[[139.95863804574373,35.672876633270135],[139.97114609999997,35.680579199999976],[139.97944249999998,35.669825],[139.9729482142962,35.66758219261441],[139.95863804574373,35.672876633270135]]]]}},{"type":"Feature","id":"kyoto","properties":{"id":"kyoto"},"geometry":{"type":"MultiPolygon","coordinates":[[[[135.303967,34.313715],[135.291636,34.299548],[135.25071202204123,34.37702412480623],[135.287045,34.396322],[135.294671,34.415065],[135.319666,34.420936],[135.317786,34.430738],[135.322869,34.424452],[135.36266450000002,34.472304],[135.370334,34.468005],[135.366153,34.480657],[135.375976,34.473276],[135.378625,34.510971],[135.367177,34.517109],[135.384453,34.518767],[135.4094112,34.5544615],[135.402032,34.59981],[135.415729,34.593751],[135.420854,34.569665],[135.429482,34.57072],[135.426138,34.589669],[135.452446,34.564862],[135.450128,34.583463],[135.46429,34.583076],[135.425538,34.593366],[135.423517,34.605028],[135.444657,34.597688],[135.437019,34.604789],[135.446833,34.606161],[135.423405,34.610803],[135.423392,34.618997],[135.432925,34.613058],[135.441253,34.626121],[135.447153,34.61472],[135.453442,34.629243],[135.420417,34.66016],[135.414355,34.65224],[135.424425,34.665766],[135.408208,34.671903],[135.422076,34.679526],[135.417499,34.687955],[135.406359,34.6975958],[135.37621220000003,34.6766612],[135.40119539999998,34.6991662],[135.3713149,34.68077920000002],[135.353939,34.6968234],[135.363218,34.706298400000016],[135.345356,34.721590399999975],[135.3243398113364,34.725541398616336],[135.323837,34.717986],[135.29445,34.719507],[135.22797860000003,34.700037299999956],[135.238019,34.693248],[135.211426,34.695917],[135.21816370000002,34.6899894],[135.2023701,34.6786132],[135.19014140000002,34.68547340000002],[135.177647,34.670447],[135.187036,34.666863],[135.183272,34.649417],[135.056482,34.62444949999998],[135.01868836953878,34.64331449007174],[134.97261390000003,34.64383430000002],[134.87054891724347,34.70284705119503],[134.899981,34.725591],[134.880542,34.7604],[134.896821,34.777438],[134.932102,34.768459],[134.920533,34.824347],[134.890102,34.8287],[134.857654,34.854098],[134.816051,34.853123],[134.810575,34.87182],[134.786093,34.887391],[134.796017,34.953424],[134.846713,35.018464],[134.837937,35.037559],[134.848031,35.047348],[134.835024,35.063931],[134.856237,35.089152],[134.853933,35.113274],[134.903564,35.160828],[134.901478,35.194512],[134.918632,35.212114],[134.899326,35.226279],[134.909104,35.234582],[134.902992,35.254198],[134.938169,35.300437],[134.917206,35.340158],[134.923408,35.394282],[134.946149,35.41331],[134.990554,35.385713],[135.030034,35.4101],[135.049167,35.407743],[135.051818,35.442491],[135.035124,35.477028],[135.042704,35.492269],[135.032417,35.49759],[135.045156,35.508693],[135.037104,35.537264],[135.060541,35.532844],[135.131537,35.558471],[135.146042,35.584347],[135.181174,35.606433],[135.158369,35.643398],[135.180024,35.670406],[135.201921,35.662655],[135.206553,35.687121],[135.276028,35.691821],[135.266815,35.676282],[135.274397,35.66726],[135.251119,35.645759],[135.24473,35.620662],[135.18871190000002,35.5625426],[135.194857,35.581313],[135.158701,35.569],[135.15476251918253,35.55596976400796],[135.178812,35.56082],[135.201834,35.537615],[135.204288,35.559827],[135.256211,35.598311],[135.251113,35.570173],[135.274708,35.560108],[135.24331,35.560638],[135.238783,35.542115],[135.28861202405912,35.516220052405004],[135.31074,35.512355],[135.32273,35.525678],[135.331224,35.516878],[135.316721,35.451182],[135.350317,35.490732],[135.379808,35.490094],[135.371597,35.47696],[135.398221,35.478883],[135.394201,35.517083],[135.379751,35.502355],[135.34404,35.503843],[135.340624,35.550208],[135.347431,35.542782],[135.379514,35.561967],[135.426129,35.566678],[135.433699,35.589494],[135.462272,35.603357],[135.451253,35.568755],[135.486599,35.557936],[135.469817,35.52953],[135.502741,35.523837],[135.509121,35.536918],[135.49815,35.538862],[135.498788,35.552808],[135.518588,35.546994],[135.514199,35.496138],[135.574622,35.492788],[135.660851,35.54662],[135.669382,35.524638],[135.632737,35.521115],[135.642104,35.5067],[135.628509,35.491836],[135.58357,35.4906],[135.648167,35.478256],[135.662791,35.493833],[135.701,35.493608],[135.712442,35.48327],[135.736757,35.493302],[135.751268,35.530911],[135.764964,35.533886],[135.736915,35.53519],[135.718104,35.519696],[135.716782,35.540744],[135.688847,35.546905],[135.714644,35.569866],[135.750768,35.56565],[135.758808,35.542565],[135.771431,35.546638],[135.765933,35.557306],[135.77956,35.550361],[135.798438,35.524958],[135.833709,35.535834],[135.803196,35.568373],[135.821331,35.573644],[135.838702,35.562742],[135.85679,35.58171],[135.855551,35.600506],[135.82794,35.607419],[135.838892,35.620362],[135.81466774961936,35.642214372452585],[135.844927,35.63608],[135.868458,35.608117],[135.907889,35.624218],[135.913534,35.609199],[135.930936,35.611734],[135.949648,35.633723],[135.97427,35.624795],[135.986203,35.641112],[135.96328,35.656468],[135.975706,35.697658],[135.969489,35.71172],[135.966512,35.701819],[135.955701,35.703438],[135.954513,35.72277],[136.016834,35.763696],[136.036071,35.742193],[136.021985,35.748774],[136.044909,35.694774],[136.026529,35.679094],[136.04505259999996,35.65804],[136.0718443,35.6606532],[136.06256,35.668035],[136.086235,35.684935],[136.079418,35.704784],[136.098566,35.726314],[136.088169,35.741343],[136.099924,35.746677],[136.098309,35.765239],[136.11111,35.765926],[136.147116,35.699272],[136.191281,35.702357],[136.21181,35.682447],[136.26403,35.671061],[136.280533,35.661276],[136.288559,35.620589],[136.323675,35.616517],[136.317503,35.547398],[136.337319,35.550255],[136.345881,35.536109],[136.373563,35.559395],[136.384252,35.533092],[136.4004039,35.530082],[136.405641,35.513388],[136.386879,35.488407],[136.420363,35.466235],[136.426169,35.448161],[136.411808,35.418598],[136.441653,35.390631],[136.463782,35.394966],[136.471132,35.41497],[136.517068,35.437763],[136.548538,35.407379],[136.585012,35.408155],[136.60792,35.392771],[136.622805,35.403847],[136.626058,35.389462],[136.652714,35.381322],[136.656736,35.340695],[136.637945,35.328246],[136.639271,35.312708],[136.665222,35.307403],[136.676933,35.275904],[136.657232,35.257506],[136.679875,35.228206],[136.672778,35.134777],[136.714072,35.105167],[136.729118,35.057878],[136.755169,35.039304],[136.70172651749346,35.02029615634823],[136.699997,35.007224],[136.676239,35.008438],[136.651713,34.993082],[136.675312,35.002066],[136.661288,34.993431],[136.677651,34.986996],[136.665638,34.972868],[136.650139,34.977307],[136.650282,34.991144],[136.637485,34.957466500000024],[136.645468,34.955808],[136.63383130000003,34.94890040000002],[136.66677,34.936924],[136.644762,34.934153],[136.647106,34.90402],[136.549322,34.780907],[136.528838,34.737263],[136.521547,34.689901],[136.55747460000003,34.67135440000002],[136.543809,34.662994],[136.548714,34.632267],[136.529329,34.608311],[136.562615,34.61463],[136.569783,34.602819],[136.614227,34.592968],[136.616611,34.562055],[136.596154,34.528045],[136.543247,34.506712],[136.490238,34.507625],[136.477759,34.497567],[136.493205,34.490481],[136.481209,34.484871],[136.400007,34.470686],[136.420935,34.465535],[136.422619,34.441565],[136.407294,34.417437],[136.377216,34.40278],[136.273009,34.406757],[136.256837,34.382549],[136.271151,34.368578],[136.251891,34.354931],[136.195249,34.345583],[136.188435,34.324592],[136.158388,34.313592],[136.10036,34.305541],[136.097829,34.288822],[136.131849,34.251896],[136.109714,34.228037],[136.118735,34.215506],[136.093449,34.195698],[136.034938,34.208163],[136.01996,34.236757],[135.96597,34.225144],[135.972721,34.257481],[135.962819,34.274437],[135.901779,34.292619],[135.852862,34.282269],[135.803256,34.23429],[135.773462,34.241311],[135.748449,34.232215],[135.746061,34.19543],[135.767757,34.184368],[135.79571,34.175648],[135.855699,34.193896],[135.858392,34.17638],[135.888982,34.184881],[135.910772,34.155602],[135.905068,34.144224],[135.876109,34.151187],[135.791176,34.133653],[135.750956,34.151971],[135.711627,34.089622],[135.688884,34.083331],[135.664999,34.084349],[135.729513,34.138826],[135.72795,34.160772],[135.690636,34.185611],[135.730181,34.228295],[135.708422,34.271897],[135.692469,34.278272],[135.661464,34.244747],[135.634721,34.249933],[135.614503,34.233701],[135.58933,34.245359],[135.577823,34.273127],[135.573086,34.247564],[135.533021,34.239206],[135.525994,34.255387],[135.543124,34.28388],[135.532012,34.298382],[135.542647,34.311028],[135.526925,34.329197],[135.529151,34.351431],[135.503496,34.336541],[135.485376,34.362832],[135.397411,34.330527],[135.338894,34.334962],[135.330409,34.316702],[135.303967,34.313715]]],[[[135.221453,34.43338],[135.200351,34.42802],[135.24162940000002,34.45540359999997],[135.2543849,34.45125259999997],[135.2331515,34.4316134],[135.251722,34.444127],[135.265084,34.437759],[135.227501,34.413312],[135.221453,34.43338]]],[[[135.345953,34.45448],[135.333392,34.444879],[135.328697,34.450661],[135.340558,34.466488],[135.345953,34.45448]]],[[[135.2279762,34.63993019999998],[135.24055290000004,34.6330963],[135.2092179,34.630097799999966],[135.2133139,34.63999459999997],[135.2279762,34.63993019999998]]],[[[135.2364476,34.665302],[135.2257263,34.661985],[135.24518839999996,34.6507529],[135.2172089,34.6501813],[135.2014373,34.67363079999998],[135.21998370000003,34.68278530000001],[135.2177755,34.67268259999999],[135.23173059999996,34.6737948],[135.2209861,34.6672554],[135.2364476,34.665302]]],[[[135.2544681,34.67775429999997],[135.2522026,34.69331480000002],[135.28815670000003,34.69666710000001],[135.27876840000002,34.689669600000016],[135.2905188,34.6816417],[135.2544681,34.67775429999997]]],[[[134.8628675124024,34.68988011182658],[134.86968672774015,34.70139312794163],[134.884039,34.691919],[134.87773439999998,34.6845472],[134.8628675124024,34.68988011182658]]],[[[135.286757,34.711913],[135.288015,34.703976],[135.272024,34.702267],[135.271366,34.706353],[135.286757,34.711913]]],[[[135.322122,34.715024],[135.320939,34.704839],[135.306697,34.708247],[135.306162,34.713206],[135.322122,34.715024]]],[[[135.303734,34.711959],[135.304029,34.705726],[135.293438,34.704791],[135.29397,34.717555],[135.303734,34.711959]]],[[[135.338734,34.710914],[135.324907,34.710316],[135.324888,34.716992],[135.338212,34.71913570000003],[135.338734,34.710914]]],[[[135.38969459999998,34.628305],[135.418399,34.619615],[135.42033,34.61299],[135.402625,34.612071],[135.38969459999998,34.628305]]],[[[135.407375,34.629451],[135.4147961,34.63483210000001],[135.398483,34.63822],[135.416737,34.644596],[135.439343,34.641221],[135.441846,34.628324],[135.407375,34.629451]]],[[[135.404499,34.65372319999999],[135.392079,34.642257],[135.372863,34.65201],[135.379406,34.66004],[135.404499,34.65372319999999]]],[[[135.410892,34.665576],[135.409713,34.659026],[135.386753,34.66265],[135.402582,34.673248],[135.410892,34.665576]]],[[[136.673382,35.358779],[136.67944,35.372863],[136.690585,35.366791],[136.688676,35.345832],[136.673307,35.347042],[136.673382,35.358779]]]]}},{"type":"Feature","id":"shibuya","properties":{"id":"shibuya"},"geometry":{"type":"MultiPolygon","coordinates":[[[[139.14859490000003,35.149994],[139.161187,35.141975],[139.030427,35.149753],[139.026535,35.175426],[138.987744,35.200824],[138.976074,35.235553],[138.921976,35.215211],[138.896762,35.234589],[138.874697,35.279863],[138.812343,35.264276],[138.738636,35.344281],[138.730208,35.364491],[138.82194,35.374182],[138.864142,35.391529],[138.828512,35.412067],[138.832942,35.429371],[138.802691,35.438175],[138.815164,35.475394],[138.846173,35.471204],[138.864946,35.480592],[138.864476,35.493085],[138.834242,35.507354],[138.833588,35.525892],[138.806334,35.532698],[138.809338,35.553022],[138.77276,35.586595],[138.764879,35.622902],[138.71105,35.64682],[138.714578,35.661356],[138.700419,35.672984],[138.71693,35.689455],[138.702202,35.71232],[138.723443,35.753206],[138.741915,35.764152],[138.740877,35.789212],[138.786751,35.786841],[138.784605,35.825373],[138.813602,35.862368],[138.781317,35.898883],[138.729009,35.909221],[138.739252,35.939108],[138.714181,35.965516],[138.712547,35.985333],[138.75440809999998,36.03452640000002],[138.82839120000003,36.0373031],[138.864329,36.077086],[138.944791,36.094489],[138.958435,36.124241],[138.985703,36.115715],[139.004913,36.133442],[139.04255639999997,36.12874420000003],[139.042714,36.14799],[139.063736,36.158787],[139.063318,36.195713],[139.129659,36.283398],[139.243744,36.244512],[139.281442,36.251383],[139.26971169999993,36.2577505],[139.275859,36.280087],[139.255757,36.295037],[139.267441,36.302644],[139.267237,36.360984],[139.311529,36.378692],[139.341351,36.360617],[139.368877,36.363526],[139.361032,36.383817],[139.406497,36.445711],[139.45865,36.439322],[139.502732,36.390592],[139.505671,36.342286],[139.547994,36.337202],[139.543852,36.305547],[139.531977,36.308989],[139.51817,36.293582],[139.561264,36.267131],[139.608596,36.268096],[139.63515,36.326365],[139.617041,36.327251],[139.610091,36.370776],[139.630605,36.381089],[139.646283,36.41468],[139.631332,36.443895],[139.625267,36.443221],[139.582221,36.471422],[139.565954,36.497744],[139.593373,36.488054],[139.607899,36.456488],[139.621167,36.461181],[139.630646,36.488992],[139.734834,36.485266],[139.796921,36.399632],[139.818926,36.3969],[139.833051,36.433168],[139.825288,36.442848],[139.847951,36.461403],[139.841918,36.487354],[139.873498,36.469455],[139.86624,36.412182],[139.889816,36.418876],[139.897136,36.403225],[139.923974,36.402244],[139.9074,36.356514],[139.913019,36.334985],[139.964493,36.350943],[139.973888,36.378486],[139.989493,36.367147],[140.063603,36.382059],[140.066494,36.403815],[140.100706,36.394093],[140.131823,36.414922],[140.156187,36.398155],[140.185148,36.398339],[140.191136,36.385017],[140.162339,36.34161],[140.180534,36.321076],[140.212334,36.317201],[140.233273,36.287261],[140.268059,36.267976],[140.312459,36.280852],[140.384411,36.256447],[140.384388,36.239903],[140.447907,36.19455],[140.436547,36.165985],[140.455771,36.158565],[140.450146,36.131074],[140.524468,36.124516],[140.594179,35.966821],[140.637312,35.93104],[140.620266,35.935596],[140.598853,35.903168],[140.630678,35.859126],[140.647825,35.855714],[140.650637,35.827354],[140.624093,35.800449],[140.626069,35.786997],[140.571967,35.766227],[140.564718,35.741438],[140.604302,35.737511],[140.599081,35.716843],[140.578574,35.712802],[140.604358,35.708705],[140.612067,35.675359],[140.62495952822218,35.67269426930166],[140.496592,35.577489],[140.430534,35.498117],[140.3922427,35.3955832],[140.3943318,35.339252499999986],[140.415173,35.309107],[140.39925,35.266753],[140.406084,35.240103],[140.383965,35.187353],[140.34853360000002,35.17930090000003],[140.32519430000002,35.13966160000003],[140.31048110000003,35.134777100000015],[140.3124549,35.1471672],[140.2987,35.151065],[140.27536980000002,35.130665],[140.248089,35.134081],[140.232558,35.114874],[140.200248,35.110123],[140.19056879999997,35.12714689999998],[140.1157099,35.11246730000001],[140.08325,35.062518],[140.037986,35.051529],[139.980248,35.010058],[139.960808,34.967869],[139.96241439999994,34.94002609999998],[139.916612,34.906282],[139.838246,34.904285],[139.82431574626813,34.911218124378],[139.820745,34.936848],[139.753187,34.965019],[139.755697,34.978297],[139.8193352,34.97818849999998],[139.823878,34.991391],[139.84947470000003,34.9853329],[139.8582134,34.9991955],[139.851714,35.023844],[139.810367,35.037531],[139.8299396,35.04128270000001],[139.819529,35.065334],[139.841973,35.083404],[139.82568,35.10073],[139.83889010000004,35.1294421],[139.81577450000003,35.17238679999996],[139.83002250000004,35.2033113],[139.86671,35.219383],[139.86951089999997,35.24024089999997],[139.846221,35.272051],[139.849659,35.288359],[139.785273,35.313557],[139.82200160000002,35.3168682],[139.81653020000002,35.3239703],[139.83998160000002,35.33406560000002],[139.8229909,35.3442303],[139.83775309999996,35.3589775],[139.86104949999998,35.34556220000003],[139.839174,35.367223],[139.845976,35.375318],[139.8970418,35.3583862],[139.8877974,35.37091250000002],[139.917664,35.38244109999999],[139.896979,35.410265],[139.9032746,35.4314903],[139.94862115454785,35.44214944181846],[139.95106090000002,35.4561117],[139.9650213,35.450707],[139.9521296,35.4529586],[139.95487559999998,35.4451884],[139.97446960000002,35.448469],[139.96571389999997,35.4685949],[139.9820835,35.47477510000002],[139.99039029999997,35.452059700000014],[139.99807880000003,35.45730420000001],[139.98913040000002,35.4698598],[139.999249,35.465895],[140.006524,35.479247],[140.02281463493213,35.46751217738032],[140.012353,35.4856062],[140.03611,35.495329],[140.0252456,35.5016042],[140.042433,35.507289],[140.03769519999997,35.5162816],[140.060757,35.530036],[140.06127609999996,35.54376340000001],[140.073937,35.550025],[140.096093,35.535421],[140.086965,35.548249],[140.097995,35.554963],[140.11489420000004,35.54087060000002],[140.115074,35.552788],[140.091078,35.564515],[140.12682639999997,35.5675927],[140.11172969999998,35.5722452],[140.1170038,35.596852099999985],[140.08897979999998,35.594542900000015],[140.100462,35.604539],[140.083131,35.613366],[140.083973,35.596723],[140.01365659999996,35.657411],[139.98745719999997,35.654380899999964],[140.0019418519997,35.66561676700578],[139.98584710000003,35.66384380000002],[139.991522,35.6749343],[139.97540579999998,35.68331710000002],[139.9332292,35.675602],[139.94766359999997,35.66954769999998],[139.9181677421215,35.655536571719324],[139.93945820000002,35.640502099999985],[139.8975772,35.6166486],[139.8412735,35.64675650000002],[139.8402351,35.63360179999997],[139.82167079999996,35.6319724],[139.8344868,35.6440661],[139.80653819999998,35.640338],[139.798588,35.621805],[139.76100240000002,35.6518712],[139.7526359,35.634422600000015],[139.77679139999998,35.5902764],[139.7690329,35.5830438],[139.78748820000004,35.58007379999999],[139.742831,35.572276],[139.76369580000002,35.56051020000001],[139.785839,35.570276],[139.8068372,35.5311542],[139.82626970000004,35.541583],[139.802471,35.520916],[139.79488789999996,35.532039199999986],[139.7907661,35.50778079999998],[139.76498469999999,35.51163449999997],[139.7786613,35.4995352],[139.7455931,35.485002],[139.735664,35.494178],[139.7418514,35.4770215],[139.7127121,35.4642317],[139.69322,35.492472],[139.6745999,35.46956520000002],[139.67396759999997,35.48449059999997],[139.63508179999997,35.4740127],[139.64548559999997,35.448139],[139.6658154,35.44947760000002],[139.6547791,35.44346359999996],[139.6658641,35.43374440000002],[139.67528630000004,35.4457004],[139.67536049999998,35.431587300000025],[139.6906435,35.4392712],[139.66940019999998,35.40281439999998],[139.6277304,35.4091399],[139.64549190000002,35.40297450000002],[139.626011,35.40162149999998],[139.636538,35.3902889],[139.628584,35.384194],[139.65324189999998,35.3873938],[139.6458951,35.37807169999998],[139.65650009999996,35.372701299999974],[139.65680309999993,35.3416731],[139.6231648,35.33033220000003],[139.66120839999996,35.3222629],[139.631087,35.2999534],[139.6607158,35.28298190000002],[139.661354,35.299908],[139.67401890000002,35.3005678],[139.671991,35.286643],[139.690967,35.2664937],[139.7452498,35.256925899999956],[139.73324750000003,35.24089939999998],[139.71667870000002,35.24611679999999],[139.728875,35.232446],[139.7133324,35.223969],[139.724915,35.211957],[139.69068280000002,35.208877],[139.65606379999997,35.18410350000001],[139.662001,35.160768],[139.679325,35.156759],[139.677049,35.139181],[139.6077886,35.14288059999997],[139.610611,35.163249],[139.626321,35.163047],[139.615737579006,35.1899666112391],[139.598881,35.195853],[139.6266843,35.216749700000015],[139.576591,35.253079],[139.571345,35.292924],[139.540182,35.309331],[139.4824468,35.304532899999984],[139.437999,35.319027],[139.330037,35.312131],[139.206312,35.276414],[139.143388,35.231746],[139.135968,35.182568],[139.14859490000003,35.149994]],[[139.859353,36.4113],[139.860295,36.413958],[139.858921,36.414546],[139.857288,36.410522],[139.859353,36.4113]]],[[[139.682262,35.404477],[139.6763856,35.399760499999985],[139.67127230000003,35.4017482],[139.6920996,35.410027800000044],[139.68497619999997,35.395738399999985],[139.682262,35.404477]]],[[[139.66321180000003,35.443576],[139.67037829999998,35.451315],[139.6743276,35.44970209999997],[139.6661143,35.435170699999965],[139.66321180000003,35.443576]]],[[[139.67259680000004,35.46521829999999],[139.692424,35.472025],[139.685089,35.459024],[139.7022583,35.4551158],[139.6954894,35.44980720000003],[139.67259680000004,35.46521829999999]]],[[[139.758465,35.568435],[139.75766,35.574448],[139.77383939999999,35.57455639999996],[139.7656125,35.5648861],[139.758465,35.568435]]],[[[139.807402,35.597141599999965],[139.820337,35.607352],[139.832152,35.588921],[139.793355,35.5927694],[139.807402,35.597141599999965]]],[[[139.798956,35.606846],[139.810581,35.613158],[139.8190281,35.608834700000024],[139.79159980000003,35.593948599999976],[139.798956,35.606846]]],[[[139.77063180000002,35.61873649999998],[139.77700989999997,35.63609939999998],[139.79263880000002,35.6095715],[139.78673909999998,35.6018351],[139.77063180000002,35.61873649999998]]],[[[139.8401121,35.6320678],[139.838602,35.61415789999999],[139.8355254,35.6124868],[139.8258515,35.6307042],[139.8401121,35.6320678]]],[[[140.1051234,35.57764219999998],[140.1117553,35.570438],[140.0861217,35.5694568],[140.081603,35.588302],[140.1051234,35.57764219999998]]],[[[139.97871979999996,35.67323670000001],[139.9729482142962,35.66758219261441],[139.9585626,35.671800899999965],[139.96275433439234,35.6806866900704],[139.97871979999996,35.67323670000001]]]]}},{"type":"Feature","id":"paris","properties":{"id":"paris"},"geometry":{"type":"MultiPolygon","coordinates":[[[[1.980371413844873,48.292451320276086],[1.958831159224621,48.30661834847767],[1.980769223041638,48.31872887927173],[1.968479822656859,48.34142208167324],[1.989166598503546,48.3636015422664],[1.966445010599108,48.381677783845355],[1.978188134938286,48.401829449456116],[1.928326862652026,48.40614443121065],[1.942874169355707,48.4411438643117],[1.929495322778949,48.45713143836771],[1.90433131633501,48.43855935279749],[1.871024834094465,48.43980546978691],[1.844878692206203,48.44625141075375],[1.836730378362616,48.46708490878409],[1.801287833715395,48.466016186358736],[1.775592976947557,48.51390089739601],[1.787542892797324,48.55381597567617],[1.757453735839001,48.57508999354989],[1.709244699041249,48.57802245922501],[1.701852220638109,48.58504840944259],[1.714974446165176,48.614668382705155],[1.666532781949826,48.613473627141424],[1.643142183138983,48.65127625217025],[1.603309438009848,48.66248857056841],[1.611846301906186,48.6892911767101],[1.576364604310537,48.70259707127454],[1.626752768386714,48.74810376028816],[1.581943292958555,48.761862057433305],[1.577302160864505,48.80494359968049],[1.591555080825307,48.8149988169666],[1.578853739564767,48.829660478413764],[1.598094573306621,48.838892283952404],[1.577323252839726,48.84465464504209],[1.583853952419101,48.860644637456794],[1.54561023291999,48.870216773466446],[1.563429331279501,48.8904879266029],[1.538775429319847,48.904711969844804],[1.538411011025918,48.92254768397349],[1.507335425582972,48.92756560339889],[1.510875297530144,48.953586460143654],[1.49182615093753,48.96462951016232],[1.518265147655096,48.97840312445444],[1.470982389135414,48.97495412551472],[1.46149470127001,48.98895498290088],[1.48067164841973,49.00103781825389],[1.477012951197628,49.01682379893403],[1.446300057070426,49.04632995072727],[1.461791124488204,49.06397175069888],[1.47970338991776,49.051962704888965],[1.502332206062537,49.058916295108574],[1.507926824019907,49.08540734765374],[1.523017261064096,49.0682049883891],[1.623408953057119,49.08600024930382],[1.618427149829539,49.09687900239603],[1.657848451426937,49.131940563898944],[1.673965577771678,49.211897933850736],[1.70392992161451,49.228932405724834],[1.708683363378414,49.264699394184014],[1.758877480278439,49.27235854582942],[1.766942893078373,49.25203934480053],[1.790296032157655,49.24681836958939],[1.802863031319563,49.271916468457434],[1.793508529233687,49.27428403608178],[1.797570817005354,49.28848740158179],[1.772234742431872,49.29113089669322],[1.77444868385251,49.336962506524955],[1.761277168185732,49.36625231529004],[1.720477777046517,49.39401029060199],[1.740488821169827,49.405591160337366],[1.7140299310798,49.409332046733816],[1.724528605700644,49.441243760118006],[1.775897697641506,49.47140952926642],[1.771960279503941,49.48496690523311],[1.790776215668475,49.49800882450957],[1.771340766328971,49.51309823852702],[1.748516194160371,49.503805364317905],[1.745096284659051,49.48886515433877],[1.717940862126079,49.502956467772265],[1.747834678567124,49.53870538330106],[1.722801955193139,49.544239116801705],[1.729999723719703,49.561400928161724],[1.714118127722129,49.577611474918854],[1.690391087391099,49.57994728254487],[1.72225570970676,49.58897340429624],[1.693914169712654,49.601149518880874],[1.721554480090669,49.623454702221785],[1.698551482659733,49.644197633700756],[1.722879872289255,49.67234576552358],[1.752365643603209,49.68069213982926],[1.743486336698182,49.702386956697836],[1.705200087386918,49.68130296921626],[1.688851745420302,49.695310756289935],[1.713710153421936,49.70576943124747],[1.713094605375416,49.73417594407657],[1.745885444126482,49.73873602084573],[1.738823565032638,49.74926485089631],[1.749755615208313,49.76386185509924],[1.839560337780267,49.739303960731],[1.820425727194155,49.722661376354765],[1.849057883286437,49.701708159020846],[1.89430442076246,49.69920250730037],[1.933257388040274,49.720007790934254],[1.948759693652653,49.700701282509186],[1.971683796934118,49.720211615370545],[1.978045434756309,49.709729133652864],[2.034463939175782,49.71068022850694],[2.059388704116122,49.69732720061158],[2.064021572590147,49.68776039762589],[2.048271199442425,49.68823762356878],[2.056152115213367,49.68389398719375],[2.182122569089851,49.70415782372043],[2.247116172222031,49.70171962727016],[2.301774422204603,49.681052752854384],[2.315437121808251,49.6899904263796],[2.350705056867727,49.66109446137327],[2.445416515466801,49.65304079201186],[2.477858374774636,49.620661492314966],[2.505214142202199,49.6395778957003],[2.541291132283562,49.61550406532007],[2.566421903969741,49.619034503742036],[2.559112851394878,49.60540907101907],[2.5710266684191,49.596673686068364],[2.593222622096786,49.6123083134591],[2.626039371844565,49.61093727220025],[2.629495192116984,49.57954437708499],[2.649733472491741,49.5717805872571],[2.670844391079866,49.58147251112167],[2.668110193343077,49.59905719142489],[2.688712736132084,49.6254426077657],[2.738832034916099,49.62725541955946],[2.786506274587234,49.61208539141588],[2.799034586552312,49.620515199082504],[2.789219053303534,49.64016469167041],[2.79685927477805,49.66057660623159],[2.843608900483825,49.65859333792116],[2.865822660424219,49.68552744564269],[2.888553336751636,49.67095777386567],[2.887738503394063,49.687722330546485],[2.866315337761567,49.70264793693618],[2.882109441324068,49.71380600636244],[2.891969907316186,49.69876117795429],[2.913482875895518,49.70973147348705],[2.925468262770646,49.68300872726824],[2.938000369276985,49.68144059031852],[2.930351512650196,49.67672351484509],[2.955305393102912,49.66516260038071],[2.948478902637153,49.69420936576663],[2.977330893275637,49.70570773888294],[2.996958768182819,49.70771083515991],[3.028238350822813,49.679934547448504],[3.04046690937887,49.6969630772702],[3.05546398560759,49.693592131362],[3.052368211300464,49.71393986616559],[3.083371187604319,49.71272755228043],[3.083571793263454,49.69046082361478],[3.096664671370517,49.705817937251744],[3.118317255648376,49.70596864366693],[3.126364746451837,49.69667239336145],[3.114353627348661,49.683737102188196],[3.127801609012886,49.66184814129748],[3.097513462433678,49.65680191500002],[3.112807621275157,49.63131351496551],[3.093594566066484,49.622488374513225],[3.140697950859956,49.57521482745834],[3.126485770724679,49.57290201637389],[3.125717749569758,49.52335604177517],[3.09547370479117,49.51361539901266],[3.121805668904778,49.49382137172943],[3.124367899134763,49.48012804041999],[3.107315748614183,49.46821410661859],[3.160637875674079,49.45186651759688],[3.165122946172258,49.44079900953083],[3.094190453238344,49.43398024187656],[3.094959637918024,49.37652166857875],[3.077097237715851,49.37146657999551],[3.075108591632369,49.34904983554529],[3.04412143583158,49.328952297177366],[3.001649414319209,49.340278406334185],[2.968996812035216,49.32650145881315],[2.980319897906198,49.311251926172545],[2.96788806869923,49.302602478895516],[2.995612634360131,49.29634469338912],[2.986092477208737,49.28782021226103],[3.037490128850341,49.2863175478664],[3.025718873765969,49.25936893755844],[3.041871191049704,49.2304269844046],[3.020964127860683,49.21615623673469],[3.003821045835489,49.221619477378006],[3.016373927043495,49.23021738330217],[3.002737515276976,49.2357158237128],[2.95803556192089,49.22692175128972],[2.971744849564972,49.187949663988775],[2.992876163267102,49.19572401121219],[2.996628654199373,49.18688037878622],[3.005795861847775,49.18296047382356],[3.016164150646488,49.18271229230244],[3.02286237157743,49.17019916613866],[3.038005819167049,49.16913175879839],[3.034892197130749,49.18362714345786],[3.026065849129897,49.19297396318949],[3.002330372867666,49.18814534885615],[3.002162762790135,49.21443283630866],[3.084337135563352,49.192762063853124],[3.081532496694808,49.16525769996488],[3.093328869161001,49.1547256060567],[3.089783053079628,49.1865053336886],[3.101060441722619,49.19791053329703],[3.117180044547944,49.18946300865197],[3.108154771688467,49.16592361105929],[3.148348767755965,49.1609917097419],[3.127528077274265,49.14504988752855],[3.105074720242808,49.14799987000649],[3.111130467809935,49.13169139670551],[3.094090522876858,49.142393329044715],[3.098336541322263,49.131109134019304],[3.071961281708393,49.11775736942768],[3.165232374530915,49.09986304692098],[3.153421394343265,49.08335368868728],[3.190734560351175,49.051282567749006],[3.161149858038608,49.024303100061985],[3.167451784404943,49.0124584627662],[3.198218236480427,49.00884269471942],[3.231156267654654,48.97694539226006],[3.250168013911842,48.973920915922974],[3.264925826267932,48.93878814773154],[3.304410962993503,48.948779526991835],[3.330294003482511,48.90870700297291],[3.367998905411946,48.928303927832005],[3.381371278840235,48.87155071212889],[3.405936329018314,48.87608163234263],[3.404325069838506,48.86400109990598],[3.446597568544567,48.860194143362065],[3.445821677579973,48.843269674466676],[3.46276173960747,48.837212979336066],[3.48501923270186,48.851845323103326],[3.487032212715447,48.81511641453405],[3.405257752705052,48.810246587488464],[3.442092181562,48.80373318797021],[3.442806346233666,48.785856175939045],[3.408230392912502,48.78416073441933],[3.395984541538108,48.75858342947777],[3.428532277824234,48.75843240211955],[3.438504470299519,48.739101835726935],[3.469715471844077,48.737883109992744],[3.463878958155469,48.70723944323473],[3.477789840354655,48.697876045598015],[3.440556438743331,48.66365141502456],[3.460573230332796,48.65304361193367],[3.450864182979124,48.6346751404452],[3.533603064430008,48.64651803846823],[3.519285817618363,48.633084155201665],[3.558877717905879,48.61795851805326],[3.502989245890218,48.604638279271924],[3.516295679342883,48.58983964887432],[3.49348357627216,48.59006504883944],[3.465353380916502,48.57047192273814],[3.481750724291409,48.54145315464449],[3.405371096209291,48.52785216572778],[3.43523091352334,48.496869743474505],[3.38366526926314,48.47959411167858],[3.407443553031267,48.449260405259004],[3.391672081838911,48.42324801518733],[3.422324736768402,48.416136298298575],[3.414735503528071,48.390187765330374],[3.383340214744506,48.40005310995869],[3.36722878068962,48.39425172870645],[3.365175415041346,48.37227254016156],[3.282669461324054,48.38162442186033],[3.254467649421131,48.3650981498446],[3.200233025355354,48.36364214509293],[3.171566338601988,48.37742258094374],[3.122010666599865,48.36862479951557],[3.103355658137619,48.349359492199454],[3.050281543636197,48.359998576483356],[3.037063425329455,48.342664546228015],[3.043369550523549,48.3306549586281],[3.01464762953619,48.30628509897984],[3.02752268698948,48.30283595964671],[3.018596508350959,48.29495787683937],[3.024726677846236,48.27601458730001],[3.045468547326259,48.27074042523325],[3.047353992990203,48.24969534825208],[3.031422876670681,48.24884858253618],[3.004462349250162,48.207027580703986],[2.973238733528678,48.20561826564938],[2.970964762134093,48.194210170032726],[2.936956607414953,48.183148282181925],[2.936623684076953,48.163455797460756],[2.867722978306519,48.15664645943281],[2.820926825566628,48.12972303787382],[2.800781672592721,48.13163168157301],[2.797977984531993,48.15089768618429],[2.811422020617962,48.16373608024623],[2.795259672908834,48.16912603925835],[2.736694652670558,48.16614761501925],[2.755623450703414,48.145886515787595],[2.705524341313351,48.12311689053749],[2.664441960612647,48.12007725103844],[2.639201220204874,48.13890485699711],[2.574718254763268,48.13129959812981],[2.559266895665265,48.14175216147771],[2.521184238758689,48.12504832515348],[2.441775336905275,48.12476939000777],[2.483156149629756,48.16460065781057],[2.505953863904023,48.156506200795754],[2.516773499152191,48.16676139524746],[2.507150382782623,48.17975918078427],[2.522981634602679,48.19486102728947],[2.518519324699489,48.22831011812264],[2.468696121503084,48.2553340360037],[2.42341067751712,48.26027941065398],[2.42343755287831,48.294419378255895],[2.402968663847022,48.32064361721128],[2.358262809804672,48.30842958745318],[2.317147173545778,48.331664063083004],[2.29560154670093,48.30790681022578],[2.266806950847572,48.31471137583469],[2.245215126943108,48.29821525256626],[2.24624300657815,48.33118177912487],[2.204108540733148,48.34491156642882],[2.180918900460356,48.311454344139584],[2.152064943519967,48.316103628306074],[2.163885468690958,48.298377591852685],[2.110393777152044,48.29701038802631],[2.105403510891459,48.30770179112908],[2.040787071383933,48.28455867006586],[1.972251618300056,48.28821944775387],[1.980371413844873,48.292451320276086]]],[[[2.995936973819557,49.19202194154851],[2.998855965622365,49.193029820317214],[2.999803854592042,49.18934558449868],[2.995936973819557,49.19202194154851]]],[[[3.00032391762844,49.222758577761645],[2.995459296626299,49.21129880652376],[2.981743306463322,49.216797672034694],[2.988592994177692,49.2222581914921],[3.00032391762844,49.222758577761645]]],[[[3.04243100677963,49.22843640440001],[3.047093427497189,49.22930220820618],[3.048398679244108,49.227630450034],[3.043947174005258,49.22605890200397],[3.04243100677963,49.22843640440001]]]]}},{"type":"Feature","id":"san-francisco","properties":{"id":"san-francisco"},"geometry":{"type":"MultiPolygon","coordinates":[[[[-122.24267312299997,37.190039908000074],[-122.31769513299997,37.18694990200004],[-122.29298673699998,37.10732318600003],[-122.33708412899995,37.11738689500004],[-122.337846131,37.13594089700007],[-122.36709813899995,37.17282189800005],[-122.40508614799995,37.19579589700004],[-122.41912615499996,37.24147490000007],[-122.40086316499998,37.35922991100006],[-122.44370017999995,37.43594591400006],[-122.45210018599994,37.48054491700003],[-122.47240119199995,37.50054491800006],[-122.49930219499998,37.49534591500003],[-122.51954620299995,37.53730691700008],[-122.51720020899995,37.59064192200003],[-122.50139920699996,37.599641924000025],[-122.494098211,37.64403992800004],[-122.51449622999996,37.78083393800006],[-122.48579622699998,37.79063394100007],[-122.47809622799997,37.81083294300004],[-122.40746521799997,37.81144594800003],[-122.38533621199997,37.79072894800004],[-122.37586720399997,37.73498394400008],[-122.35679720099995,37.729509945000075],[-122.36176219999999,37.71501494300003],[-122.39320320299998,37.70753594100006],[-122.37430419499998,37.662210938000044],[-122.38608519399997,37.63766693500003],[-122.35532318699995,37.615740936000066],[-122.37855818999998,37.60559693300007],[-122.36023218499997,37.59250593300004],[-122.31768917899996,37.59086993600005],[-122.30590817499996,37.575488936000056],[-122.26271116899994,37.57287093900004],[-122.19660615499998,37.53720094100004],[-122.19497015299999,37.522473939000065],[-122.16846214699996,37.50414794000005],[-122.14015514299996,37.50791194200008],[-122.10871962099998,37.46626681200007],[-122.12884413499995,37.45197793800003],[-122.16531513999996,37.45284793600007],[-122.19041514199995,37.431476932000066],[-122.19455313999998,37.40793893000006],[-122.20248013499997,37.36027692500005],[-122.17508812699998,37.325745924000046],[-122.19267812899994,37.31801492200003],[-122.16208312299995,37.30423792300007],[-122.16685112299996,37.29524192200006],[-122.15229111999997,37.28605992300004],[-122.15278711199994,37.21544891700006],[-122.24258612499995,37.215138910000064],[-122.24267312299997,37.190039908000074]]],[[[-121.55666805799996,37.54273698700007],[-121.50443304799995,37.52586798900006],[-121.47193803799996,37.481787988000065],[-121.855775097,37.48454196100005],[-121.92505410399997,37.45419095300008],[-121.94710010899996,37.467428953000024],[-122.04656738999995,37.459542303000035],[-122.06855212999994,37.491206946000034],[-122.11135713799996,37.50758494400003],[-122.14702715299995,37.58841594800003],[-122.16306216399994,37.667937954000024],[-122.24683918299996,37.721934952000026],[-122.25796618699997,37.73960595300008],[-122.24265118599999,37.75374895500005],[-122.32917249999997,37.78317751000003],[-122.33372420599994,37.80980195300003],[-122.30394420399995,37.830091957000036],[-122.30999921299997,37.89275996200007],[-122.33454321799996,37.90879596100007],[-122.38919422599997,37.91010495800003],[-122.42977323899999,37.965409959000056],[-122.39984523299995,37.95601396100005],[-122.36759523099994,37.978172965000056],[-122.36792223499998,38.01253496700008],[-122.34010622999995,38.00369896900003],[-122.30083622499995,38.010897972000066],[-122.26287422399997,38.05147797800004],[-122.30181723599998,38.10514698000003],[-122.39741923899999,38.14175390100007],[-122.40679925799998,38.15563697600004],[-122.371129253,38.15772497900008],[-122.36027025599998,38.19711998300005],[-122.34957725399994,38.193976984000074],[-122.36680026299996,38.247019987000044],[-122.40460527299996,38.28142798700003],[-122.39493027399999,38.30448398900006],[-122.45722029099994,38.36699799000007],[-122.44790329099999,38.37931699100005],[-122.49748830399994,38.42431099100003],[-122.48300430499995,38.452714995000065],[-122.52960531499997,38.46961399200006],[-122.54390632299999,38.51997099500005],[-122.56665732699997,38.52554799400008],[-122.58216133199994,38.549403995000034],[-122.620859339,38.56032199300006],[-122.64643434799996,38.598597994000045],[-122.62830634799997,38.62304299700003],[-122.62740935399995,38.66751100100004],[-122.46390333399995,38.70520801600003],[-122.40290233299999,38.77290702600004],[-122.41230233599998,38.785806026000046],[-122.398002336,38.80400602900005],[-122.37940133299998,38.80210603000006],[-122.37350133399997,38.817005032000054],[-122.40389934399997,38.855605033000074],[-122.39506934399998,38.864250034000065],[-122.34998133299996,38.835761035000075],[-122.32622033099994,38.845937038000045],[-122.28801132399997,38.839936040000055],[-122.22505129999996,38.72234003600005],[-122.224219297,38.699989034000055],[-122.16831428299997,38.655301035000036],[-122.16836227899995,38.619302032000064],[-122.15178527699999,38.62530203400007],[-122.10329425599997,38.51335302800004],[-122.05695324899995,38.517274032000046],[-122.01391423899997,38.488733033000074],[-121.94029823299996,38.53338904200007],[-121.86013322199994,38.53851704900006],[-121.78582420899994,38.52307905300006],[-121.71204719899998,38.53796706000003],[-121.69498419499996,38.52701706000005],[-121.69398216899998,38.314459043000056],[-121.59328615399994,38.313094050000075],[-121.605271153,38.29535704800003],[-121.60245614399997,38.22041504200007],[-121.61542614299998,38.19570103900003],[-121.66292014799996,38.18187403400003],[-121.68565814899995,38.159649030000026],[-121.71214314499997,38.08552502200007],[-121.74317714999995,38.08723402000004],[-121.796408155,38.060852014000034],[-121.84324116399995,38.07666001200005],[-121.86247516499998,38.066035009000075],[-121.832135156,38.03110600900004],[-121.78878614799999,38.01842601100003],[-121.69977813799994,38.04522502000003],[-121.68148313699999,38.06124902200003],[-121.67307813999997,38.09352302600007],[-121.580035125,38.094419033000065],[-121.57293612199999,38.074244031000035],[-121.58440111899995,38.03603002700004],[-121.57218211799994,38.04141702900006],[-121.55756711299995,38.01704202800005],[-121.57280211499994,38.01691502700004],[-121.58247611299998,37.983927023000035],[-121.55728710299996,37.93225202000008],[-121.57951609799994,37.861077013000056],[-121.53426008999998,37.84989601500007],[-121.55701008899996,37.816493011000034],[-121.55666805799996,37.54273698700007]]],[[[-122.35879221099998,37.81428295200004],[-122.37243521199997,37.811305951000065],[-122.37789221499997,37.83065295200004],[-122.36995421399996,37.832141953000075],[-122.35879221099998,37.81428295200004]]],[[[-122.421354227,37.86995095200007],[-122.41848322399994,37.852725951000025],[-122.44632922899996,37.86105094900006],[-122.43097122799998,37.87224695100008],[-122.421354227,37.86995095200007]]],[[[-122.91133235299998,38.32121395200005],[-122.73991331399998,38.20702295600006],[-122.64899929699999,38.18108196000003],[-122.57074528599998,38.18714696700005],[-122.55792928099999,38.16016296500004],[-122.49074022599996,38.10976008500006],[-122.48377025999997,38.07176696400006],[-122.49784125599996,38.01940695800005],[-122.44842624399996,37.98471795900008],[-122.48867824799999,37.96671895500003],[-122.47918824399994,37.941520953000065],[-122.50307724599998,37.92875795100008],[-122.43828122999997,37.88097895200008],[-122.462171233,37.86887094900004],[-122.50103224099996,37.89366694800003],[-122.47916422999998,37.825432944000056],[-122.52919823699995,37.819032940000056],[-122.561500245,37.85183194000007],[-122.65653226599994,37.90452393700008],[-122.70265327099997,37.893824933000076],[-122.72731027599997,37.90463093200003],[-122.73691127999996,37.925829933000045],[-122.78325729,37.951338932000056],[-122.821396301,37.99673993300007],[-122.88212731299996,38.02527793000007],[-122.95682432499996,38.02872492500006],[-122.98178932599996,38.00912392200007],[-122.974403323,37.99243392100004],[-123.02407932999995,37.99488291700004],[-122.99243333099997,38.04176292400007],[-122.94908733799997,38.154064936000054],[-122.99397235499998,38.237606939000045],[-122.96721635299997,38.25069594200005],[-123.00292456499994,38.29571329800007],[-122.966137361,38.31697494700006],[-122.91133235299998,38.32121395200005]]]]}}]}