{"type":"FeatureCollection","features":[{"type":"Feature","id":"local-0-0","properties":{"id":"local-0-0","group":"local-0","placeIds":["dali"],"alpha":0.62},"geometry":{"type":"Polygon","coordinates":[[[99.97935,25.87069],[99.99588,25.87855],[99.99892,25.88175],[100.00487,25.89788],[100.0013,25.90897],[100.00186,25.91727],[100.0114,25.92912],[100.0226,25.93337],[100.03835,25.92852],[100.04307,25.93051],[100.04709,25.94555],[100.06011,25.95376],[100.07919,25.95635],[100.08123,25.95893],[100.08161,25.9622],[100.08029,25.96731],[100.10126,25.96969],[100.10331,25.97216],[100.1038,25.97532],[100.10201,25.99046],[100.10389,25.99438],[100.10856,25.99684],[100.13784,26.00486],[100.14563,26.00841],[100.14959,26.0119],[100.15129,26.01624],[100.15039,26.02129],[100.14537,26.02424],[100.14072,26.02279],[100.1355,26.029],[100.14516,26.03708],[100.14728,26.04069],[100.1478,26.04364],[100.14553,26.05141],[100.15412,26.07435],[100.17078,26.07896],[100.18041,26.0763],[100.18175,26.07175],[100.19093,26.06104],[100.19491,26.04847],[100.20548,26.0402],[100.2033,26.02558],[100.20683,26.02158],[100.22207,26.0221],[100.25001,26.02766],[100.28155,26.02889],[100.28529,26.03038],[100.29021,26.0346],[100.30724,26.04273],[100.317,26.04251],[100.32836,26.03892],[100.33536,26.03427],[100.33419,26.02298],[100.33643,26.01294],[100.34671,25.98751],[100.35217,25.97809],[100.33897,25.96864],[100.33294,25.96761],[100.31926,25.97012],[100.31431,25.96815],[100.31251,25.96453],[100.31278,25.9606],[100.31953,25.95358],[100.32075,25.95052],[100.31834,25.94539],[100.31663,25.93175],[100.31298,25.92075],[100.31276,25.91116],[100.30868,25.90698],[100.30733,25.90379],[100.3002,25.8997],[100.29797,25.88735],[100.28247,25.87975],[100.27821,25.86829],[100.27913,25.86539],[100.28503,25.86126],[100.28869,25.85969],[100.29581,25.85964],[100.29513,25.84962],[100.29599,25.84595],[100.29959,25.84178],[100.30539,25.83992],[100.31465,25.84008],[100.31818,25.83711],[100.32546,25.82572],[100.32444,25.82255],[100.3031,25.82589],[100.29495,25.82391],[100.29066,25.81995],[100.29047,25.81694],[100.29336,25.81197],[100.29102,25.806],[100.29193,25.79915],[100.28994,25.79398],[100.28937,25.78612],[100.29324,25.75735],[100.2956,25.75528],[100.29869,25.7547],[100.3034,25.75683],[100.30825,25.7552],[100.32001,25.73946],[100.31999,25.72969],[100.32638,25.72373],[100.32871,25.71592],[100.33139,25.71354],[100.33997,25.71312],[100.34415,25.69758],[100.3474,25.69546],[100.35094,25.69509],[100.36289,25.69715],[100.37034,25.69415],[100.37643,25.68375],[100.37572,25.67513],[100.38252,25.66573],[100.38341,25.65929],[100.38808,25.65615],[100.38909,25.65233],[100.39171,25.65015],[100.3992,25.64982],[100.41138,25.63684],[100.41353,25.62929],[100.42241,25.61827],[100.42617,25.60426],[100.43141,25.59785],[100.43533,25.59023],[100.42715,25.58845],[100.42114,25.58911],[100.41828,25.58754],[100.41666,25.58469],[100.41679,25.58141],[100.42676,25.5714],[100.42944,25.56406],[100.43554,25.55845],[100.43744,25.55362],[100.43355,25.54764],[100.43307,25.54477],[100.42754,25.54024],[100.42496,25.53533],[100.42351,25.52732],[100.4186,25.51731],[100.41043,25.50629],[100.40897,25.50048],[100.40551,25.49497],[100.39946,25.49065],[100.39814,25.46507],[100.39417,25.45927],[100.39232,25.44781],[100.38911,25.44239],[100.38188,25.43633],[100.37883,25.43083],[100.37566,25.42934],[100.36606,25.42935],[100.35532,25.42693],[100.35168,25.43406],[100.34895,25.43593],[100.33967,25.43477],[100.34021,25.44519],[100.343,25.45054],[100.34221,25.45327],[100.34026,25.45533],[100.33494,25.45688],[100.33031,25.46235],[100.32312,25.4642],[100.3216,25.4705],[100.31716,25.47349],[100.31346,25.47983],[100.31377,25.48445],[100.31038,25.49683],[100.30692,25.50125],[100.28942,25.50354],[100.28013,25.5105],[100.27457,25.51153],[100.27209,25.51],[100.26862,25.50308],[100.26356,25.49978],[100.25844,25.4943],[100.25411,25.49226],[100.24881,25.49188],[100.23524,25.50024],[100.22471,25.51777],[100.21442,25.52865],[100.20563,25.53335],[100.19754,25.53431],[100.1888,25.53841],[100.18378,25.5363],[100.17931,25.52755],[100.16872,25.52218],[100.16566,25.52197],[100.15863,25.52678],[100.14762,25.52473],[100.14211,25.52944],[100.13792,25.52968],[100.12663,25.52687],[100.11272,25.52829],[100.10889,25.52739],[100.10117,25.52247],[100.09184,25.52008],[100.08995,25.51712],[100.09022,25.50017],[100.09232,25.49174],[100.09146,25.48802],[100.09513,25.47891],[100.09538,25.47468],[100.0843,25.46777],[100.07985,25.46769],[100.0742,25.47074],[100.068,25.48372],[100.06446,25.48502],[100.03845,25.48634],[100.03095,25.49531],[100.02911,25.49977],[100.02884,25.50773],[100.02682,25.5124],[100.03465,25.5287],[100.03357,25.53394],[100.03043,25.53633],[100.02508,25.53707],[100.01503,25.53441],[100.02635,25.55984],[100.03264,25.56503],[100.03806,25.56671],[100.04378,25.57597],[100.04846,25.58052],[100.05356,25.58094],[100.06775,25.57645],[100.07904,25.56899],[100.10558,25.55953],[100.12578,25.56281],[100.1276,25.56515],[100.1271,25.57086],[100.12182,25.57857],[100.11188,25.58831],[100.11177,25.5936],[100.12319,25.60909],[100.12747,25.61842],[100.12497,25.62527],[100.12465,25.6305],[100.11794,25.63722],[100.11155,25.6481],[100.10405,25.65283],[100.0964,25.66706],[100.09127,25.67342],[100.08912,25.6872],[100.08618,25.69185],[100.08511,25.70025],[100.08189,25.70594],[100.08163,25.71228],[100.07957,25.71765],[100.06551,25.72842],[100.06356,25.73358],[100.05892,25.73936],[100.05009,25.74262],[100.04778,25.74802],[100.04438,25.75197],[100.04319,25.7685],[100.02748,25.79498],[100.02108,25.80017],[100.01863,25.80501],[100.01616,25.81375],[100.01927,25.82471],[100.01656,25.83495],[100.00847,25.84033],[100.00561,25.84469],[100.00464,25.8494],[99.9995,25.85494],[99.99671,25.86126],[99.97935,25.87069]]]}},{"type":"Feature","id":"local-0-1","properties":{"id":"local-0-1","group":"local-0","placeIds":["dali"],"alpha":0.43},"geometry":{"type":"Polygon","coordinates":[[[99.97675,25.8692],[99.97635,25.87078],[99.97683,25.87233],[99.97806,25.8734],[99.99409,25.88102],[99.99632,25.88337],[100.0017,25.89795],[99.99844,25.90805],[99.99887,25.91748],[99.99952,25.91915],[100.00906,25.931],[100.01033,25.93192],[100.02153,25.93617],[100.02348,25.93624],[100.03819,25.93171],[100.04055,25.9327],[100.04419,25.94632],[100.04549,25.94809],[100.05971,25.95674],[100.07759,25.95916],[100.07835,25.96012],[100.07856,25.96199],[100.07739,25.96657],[100.07745,25.96825],[100.0784,25.96964],[100.07996,25.97029],[100.09973,25.97254],[100.10047,25.97343],[100.10077,25.97538],[100.09903,25.99011],[100.09931,25.99176],[100.10119,25.99567],[100.10249,25.99703],[100.10777,25.99973],[100.13681,26.00769],[100.14398,26.01096],[100.14706,26.01367],[100.14819,26.01655],[100.14768,26.0194],[100.14499,26.02098],[100.1416,26.01993],[100.13987,26.01992],[100.13842,26.02087],[100.13321,26.02707],[100.13255,26.02848],[100.13269,26.03003],[100.13358,26.0313],[100.14284,26.03905],[100.14442,26.04174],[100.14473,26.04347],[100.14265,26.05057],[100.14272,26.05246],[100.15131,26.0754],[100.15209,26.07656],[100.15332,26.07724],[100.16998,26.08185],[100.17158,26.08185],[100.18121,26.0792],[100.18252,26.07844],[100.18445,26.07321],[100.19379,26.06195],[100.19749,26.05026],[100.20733,26.04256],[100.20827,26.04131],[100.20845,26.03976],[100.20648,26.02652],[100.20814,26.02463],[100.22172,26.02509],[100.24989,26.03065],[100.28091,26.03186],[100.28371,26.03298],[100.28892,26.03731],[100.30731,26.04573],[100.3179,26.04537],[100.32926,26.04178],[100.33702,26.03676],[100.33807,26.03555],[100.33834,26.03396],[100.33723,26.02316],[100.3393,26.01383],[100.34941,25.98883],[100.35477,25.97959],[100.35517,25.97819],[100.35486,25.97676],[100.35392,25.97565],[100.33948,25.96568],[100.3324,25.96466],[100.31957,25.96701],[100.31649,25.96578],[100.31556,25.96392],[100.3157,25.96189],[100.32169,25.95566],[100.32375,25.95043],[100.32126,25.94454],[100.31961,25.93137],[100.31597,25.92023],[100.31576,25.9111],[100.31491,25.90907],[100.31122,25.90529],[100.3101,25.90262],[100.30883,25.90119],[100.3029,25.89779],[100.30037,25.88555],[100.28486,25.87758],[100.28138,25.86821],[100.28168,25.86727],[100.2865,25.86389],[100.28932,25.86268],[100.29583,25.86264],[100.29738,25.86219],[100.29848,25.86101],[100.2988,25.85943],[100.29815,25.84986],[100.29875,25.84735],[100.30131,25.84438],[100.30583,25.84293],[100.3146,25.84308],[100.31658,25.84237],[100.32071,25.83873],[100.32844,25.8261],[100.3273,25.82163],[100.32657,25.82044],[100.32537,25.8197],[100.30323,25.82284],[100.29641,25.82118],[100.29358,25.81856],[100.29352,25.81766],[100.29635,25.8122],[100.29409,25.80563],[100.29491,25.79955],[100.2929,25.79332],[100.29238,25.78621],[100.29606,25.75887],[100.29696,25.75808],[100.29832,25.75782],[100.30216,25.75956],[100.30436,25.75967],[100.3092,25.75805],[100.31065,25.757],[100.32242,25.74125],[100.32301,25.73945],[100.32299,25.73099],[100.32843,25.72592],[100.32926,25.72459],[100.33134,25.71759],[100.33259,25.71648],[100.34012,25.71612],[100.34185,25.71545],[100.34287,25.7139],[100.34675,25.69947],[100.34843,25.69837],[100.35084,25.69811],[100.36237,25.70011],[100.364,25.69994],[100.37146,25.69694],[100.37293,25.69567],[100.37902,25.68526],[100.37942,25.6835],[100.3788,25.67599],[100.38495,25.66748],[100.3862,25.66103],[100.38975,25.65864],[100.39098,25.65692],[100.39174,25.65402],[100.39285,25.6531],[100.39933,25.65281],[100.40139,25.65187],[100.41357,25.63889],[100.41625,25.6307],[100.4253,25.61905],[100.4289,25.60566],[100.43408,25.59922],[100.43799,25.5916],[100.4383,25.58982],[100.43753,25.58819],[100.43596,25.58729],[100.42778,25.58552],[100.42176,25.58603],[100.42047,25.58532],[100.41969,25.58395],[100.41974,25.5827],[100.42889,25.57352],[100.43201,25.56577],[100.43833,25.55955],[100.44043,25.55332],[100.4364,25.54652],[100.43603,25.54427],[100.43497,25.54245],[100.42991,25.5383],[100.42783,25.53434],[100.42621,25.526],[100.42101,25.51552],[100.4132,25.50498],[100.41151,25.49888],[100.40804,25.49337],[100.40238,25.48905],[100.40113,25.46491],[100.40061,25.46338],[100.39702,25.45813],[100.3949,25.44628],[100.39169,25.44086],[100.38424,25.43439],[100.38145,25.42937],[100.3801,25.42811],[100.37566,25.42634],[100.36639,25.42635],[100.35467,25.424],[100.35264,25.42557],[100.34935,25.43202],[100.34819,25.43281],[100.34004,25.43179],[100.33834,25.43208],[100.33708,25.43326],[100.33667,25.43493],[100.33722,25.44534],[100.33979,25.45087],[100.33953,25.45174],[100.33864,25.45268],[100.3341,25.454],[100.33265,25.45494],[100.32864,25.45968],[100.32237,25.4613],[100.32099,25.46209],[100.32021,25.46349],[100.31896,25.46866],[100.31457,25.47198],[100.31087,25.47831],[100.31047,25.48003],[100.31075,25.48415],[100.30765,25.49546],[100.30531,25.49844],[100.28903,25.50056],[100.28762,25.50114],[100.27889,25.50768],[100.27516,25.50837],[100.27439,25.50789],[100.2713,25.50174],[100.27026,25.50057],[100.2655,25.49746],[100.25972,25.49158],[100.25432,25.48927],[100.24902,25.48889],[100.24723,25.48933],[100.23267,25.49869],[100.22231,25.51595],[100.21257,25.52623],[100.20471,25.53044],[100.19626,25.53159],[100.18874,25.53512],[100.18596,25.53396],[100.18198,25.52618],[100.18067,25.52488],[100.16892,25.51919],[100.16587,25.51898],[100.16397,25.51949],[100.15796,25.5236],[100.14685,25.52184],[100.14093,25.5265],[100.1382,25.52666],[100.12633,25.52389],[100.11292,25.52526],[100.11008,25.52458],[100.10192,25.51957],[100.09373,25.51747],[100.09297,25.51627],[100.09322,25.50056],[100.09524,25.49246],[100.09459,25.48826],[100.09791,25.48004],[100.09838,25.47486],[100.09805,25.47331],[100.09697,25.47214],[100.08588,25.46523],[100.07991,25.46469],[100.07277,25.4681],[100.07149,25.46945],[100.06582,25.48132],[100.06385,25.48205],[100.0383,25.48335],[100.03615,25.48442],[100.02818,25.49416],[100.02633,25.49861],[100.02586,25.50706],[100.02382,25.51246],[100.03151,25.52909],[100.03086,25.53223],[100.02924,25.53346],[100.02526,25.53401],[100.0158,25.53151],[100.01414,25.53155],[100.01275,25.53247],[100.01206,25.53398],[100.01229,25.53563],[100.02361,25.56106],[100.03073,25.56735],[100.0361,25.56924],[100.04123,25.57754],[100.04637,25.58267],[100.04821,25.58351],[100.05332,25.58393],[100.06865,25.57931],[100.08039,25.5717],[100.10586,25.56261],[100.12414,25.56558],[100.12451,25.56606],[100.12418,25.56982],[100.11952,25.57663],[100.10978,25.58616],[100.10888,25.58824],[100.10877,25.59353],[100.10935,25.59538],[100.12059,25.61062],[100.12423,25.61855],[100.12215,25.62424],[100.12173,25.62918],[100.11535,25.6357],[100.10934,25.64595],[100.10245,25.65029],[100.10141,25.65141],[100.09389,25.66539],[100.08894,25.67154],[100.08831,25.67296],[100.08625,25.68613],[100.0832,25.69147],[100.08221,25.69929],[100.07928,25.70446],[100.07865,25.71166],[100.07707,25.71579],[100.06369,25.72604],[100.06271,25.72736],[100.06092,25.73207],[100.0571,25.73683],[100.04803,25.74045],[100.0452,25.74641],[100.04211,25.75001],[100.04139,25.75175],[100.04025,25.76757],[100.02517,25.79298],[100.01919,25.79784],[100.01574,25.80419],[100.01327,25.81294],[100.01328,25.81457],[100.01616,25.82474],[100.01395,25.83309],[100.00597,25.83868],[100.0031,25.84305],[100.00187,25.84797],[99.9973,25.85291],[99.99438,25.85911],[99.97791,25.86806],[99.97675,25.8692]],[[99.99671,25.86126],[99.9995,25.85494],[100.00464,25.8494],[100.00561,25.84469],[100.00847,25.84033],[100.01656,25.83495],[100.01927,25.82471],[100.01616,25.81375],[100.01863,25.80501],[100.02108,25.80017],[100.02748,25.79498],[100.04319,25.7685],[100.04438,25.75197],[100.04778,25.74802],[100.05009,25.74262],[100.05892,25.73936],[100.06356,25.73358],[100.06551,25.72842],[100.07957,25.71765],[100.08163,25.71228],[100.08189,25.70594],[100.08511,25.70025],[100.08618,25.69185],[100.08912,25.6872],[100.09127,25.67342],[100.0964,25.66706],[100.10405,25.65283],[100.11155,25.6481],[100.11794,25.63722],[100.12465,25.6305],[100.12497,25.62527],[100.12747,25.61842],[100.12319,25.60909],[100.11177,25.5936],[100.11188,25.58831],[100.12182,25.57857],[100.1271,25.57086],[100.1276,25.56515],[100.12578,25.56281],[100.10558,25.55953],[100.07904,25.56899],[100.06775,25.57645],[100.05356,25.58094],[100.04846,25.58052],[100.04378,25.57597],[100.03806,25.56671],[100.03264,25.56503],[100.02635,25.55984],[100.01503,25.53441],[100.02508,25.53707],[100.03043,25.53633],[100.03357,25.53394],[100.03465,25.5287],[100.02682,25.5124],[100.02884,25.50773],[100.02911,25.49977],[100.03095,25.49531],[100.03845,25.48634],[100.06446,25.48502],[100.068,25.48372],[100.0742,25.47074],[100.07985,25.46769],[100.0843,25.46777],[100.09538,25.47468],[100.09513,25.47891],[100.09146,25.48802],[100.09232,25.49174],[100.09022,25.50017],[100.08995,25.51712],[100.09184,25.52008],[100.10117,25.52247],[100.10889,25.52739],[100.11272,25.52829],[100.12663,25.52687],[100.13792,25.52968],[100.14211,25.52944],[100.14762,25.52473],[100.15863,25.52678],[100.16566,25.52197],[100.16872,25.52218],[100.17931,25.52755],[100.18378,25.5363],[100.1888,25.53841],[100.19754,25.53431],[100.20563,25.53335],[100.21442,25.52865],[100.22471,25.51777],[100.23524,25.50024],[100.24881,25.49188],[100.25411,25.49226],[100.25844,25.4943],[100.26356,25.49978],[100.26862,25.50308],[100.27209,25.51],[100.27457,25.51153],[100.28013,25.5105],[100.28942,25.50354],[100.30692,25.50125],[100.31038,25.49683],[100.31377,25.48445],[100.31346,25.47983],[100.31716,25.47349],[100.3216,25.4705],[100.32312,25.4642],[100.33031,25.46235],[100.33494,25.45688],[100.34026,25.45533],[100.34221,25.45327],[100.343,25.45054],[100.34021,25.44519],[100.33967,25.43477],[100.34895,25.43593],[100.35168,25.43406],[100.35532,25.42693],[100.36606,25.42935],[100.37566,25.42934],[100.37883,25.43083],[100.38188,25.43633],[100.38911,25.44239],[100.39232,25.44781],[100.39417,25.45927],[100.39814,25.46507],[100.39946,25.49065],[100.40551,25.49497],[100.40897,25.50048],[100.41043,25.50629],[100.4186,25.51731],[100.42351,25.52732],[100.42496,25.53533],[100.42754,25.54024],[100.43307,25.54477],[100.43355,25.54764],[100.43744,25.55362],[100.43554,25.55845],[100.42944,25.56406],[100.42676,25.5714],[100.41679,25.58141],[100.41666,25.58469],[100.41828,25.58754],[100.42114,25.58911],[100.42715,25.58845],[100.43533,25.59023],[100.43141,25.59785],[100.42617,25.60426],[100.42241,25.61827],[100.41353,25.62929],[100.41138,25.63684],[100.3992,25.64982],[100.39171,25.65015],[100.38909,25.65233],[100.38808,25.65615],[100.38341,25.65929],[100.38252,25.66573],[100.37572,25.67513],[100.37643,25.68375],[100.37034,25.69415],[100.36289,25.69715],[100.35094,25.69509],[100.3474,25.69546],[100.34415,25.69758],[100.33997,25.71312],[100.33139,25.71354],[100.32871,25.71592],[100.32638,25.72373],[100.31999,25.72969],[100.32001,25.73946],[100.30825,25.7552],[100.3034,25.75683],[100.29869,25.7547],[100.2956,25.75528],[100.29324,25.75735],[100.28937,25.78612],[100.28994,25.79398],[100.29193,25.79915],[100.29102,25.806],[100.29336,25.81197],[100.29047,25.81694],[100.29066,25.81995],[100.29495,25.82391],[100.3031,25.82589],[100.32444,25.82255],[100.32546,25.82572],[100.31818,25.83711],[100.31465,25.84008],[100.30539,25.83992],[100.29959,25.84178],[100.29599,25.84595],[100.29513,25.84962],[100.29581,25.85964],[100.28869,25.85969],[100.28503,25.86126],[100.27913,25.86539],[100.27821,25.86829],[100.28247,25.87975],[100.29797,25.88735],[100.3002,25.8997],[100.30733,25.90379],[100.30868,25.90698],[100.31276,25.91116],[100.31298,25.92075],[100.31663,25.93175],[100.31834,25.94539],[100.32075,25.95052],[100.31953,25.95358],[100.31278,25.9606],[100.31251,25.96453],[100.31431,25.96815],[100.31926,25.97012],[100.33294,25.96761],[100.33897,25.96864],[100.35217,25.97809],[100.34671,25.98751],[100.33643,26.01294],[100.33419,26.02298],[100.33536,26.03427],[100.32836,26.03892],[100.317,26.04251],[100.30724,26.04273],[100.29021,26.0346],[100.28529,26.03038],[100.28155,26.02889],[100.25001,26.02766],[100.22207,26.0221],[100.20683,26.02158],[100.2033,26.02558],[100.20548,26.0402],[100.19491,26.04847],[100.19093,26.06104],[100.18175,26.07175],[100.18041,26.0763],[100.17078,26.07896],[100.15412,26.07435],[100.14553,26.05141],[100.1478,26.04364],[100.14728,26.04069],[100.14516,26.03708],[100.1355,26.029],[100.14072,26.02279],[100.14537,26.02424],[100.15039,26.02129],[100.15129,26.01624],[100.14959,26.0119],[100.14563,26.00841],[100.13784,26.00486],[100.10856,25.99684],[100.10389,25.99438],[100.10201,25.99046],[100.1038,25.97532],[100.10331,25.97216],[100.10126,25.96969],[100.08029,25.96731],[100.08161,25.9622],[100.08123,25.95893],[100.07919,25.95635],[100.06011,25.95376],[100.04709,25.94555],[100.04307,25.93051],[100.03835,25.92852],[100.0226,25.93337],[100.0114,25.92912],[100.00186,25.91727],[100.0013,25.90897],[100.00487,25.89788],[99.99892,25.88175],[99.99588,25.87855],[99.97935,25.87069],[99.99671,25.86126]]]}},{"type":"Feature","id":"local-0-2","properties":{"id":"local-0-2","group":"local-0","placeIds":["dali"],"alpha":0.25},"geometry":{"type":"Polygon","coordinates":[[[99.97415,25.8677],[99.97335,25.87086],[99.97432,25.87397],[99.97677,25.87611],[99.9923,25.88349],[99.99372,25.88499],[99.99852,25.89801],[99.99559,25.90712],[99.99531,25.90937],[99.99587,25.91768],[99.99719,25.92103],[100.00672,25.93288],[100.00927,25.93473],[100.02047,25.93898],[100.02437,25.9391],[100.03804,25.9349],[100.04129,25.9471],[100.04389,25.95063],[100.05691,25.95884],[100.0593,25.95971],[100.07549,25.96191],[100.07448,25.96582],[100.0746,25.96919],[100.07651,25.97197],[100.07962,25.97327],[100.09773,25.97533],[100.09605,25.98976],[100.0966,25.99306],[100.09848,25.99697],[100.10109,25.99968],[100.10697,26.00262],[100.13579,26.01052],[100.14234,26.0135],[100.14453,26.01544],[100.14508,26.01685],[100.14462,26.01772],[100.14249,26.01706],[100.13902,26.01704],[100.13612,26.01894],[100.13091,26.02514],[100.1296,26.02796],[100.12987,26.03106],[100.13165,26.0336],[100.14051,26.04101],[100.14156,26.0428],[100.13977,26.04973],[100.13991,26.05352],[100.1485,26.07645],[100.15007,26.07878],[100.15252,26.08013],[100.16918,26.08475],[100.17238,26.08475],[100.18201,26.08209],[100.18462,26.08058],[100.18617,26.078],[100.18715,26.07468],[100.19549,26.06494],[100.19665,26.06285],[100.20007,26.05205],[100.20918,26.04492],[100.21105,26.04242],[100.21142,26.03931],[100.20968,26.02768],[100.22138,26.02808],[100.24977,26.03365],[100.28028,26.03484],[100.28214,26.03559],[100.28763,26.04001],[100.30466,26.04814],[100.30738,26.04873],[100.3188,26.04823],[100.33016,26.04465],[100.33868,26.03926],[100.34079,26.03682],[100.34133,26.03365],[100.34026,26.02334],[100.34218,26.01473],[100.35212,25.99015],[100.35736,25.98109],[100.35817,25.97829],[100.35756,25.97543],[100.35567,25.97321],[100.34246,25.96376],[100.33998,25.96272],[100.33186,25.96171],[100.31988,25.9639],[100.31866,25.96342],[100.3251,25.9558],[100.32675,25.95034],[100.32618,25.94797],[100.32418,25.9437],[100.32259,25.931],[100.31895,25.91971],[100.31876,25.91103],[100.31706,25.90698],[100.31377,25.9036],[100.31286,25.90146],[100.31032,25.89858],[100.30561,25.89588],[100.30388,25.88629],[100.30276,25.88374],[100.30062,25.88197],[100.28726,25.87541],[100.28478,25.86876],[100.28995,25.86568],[100.29585,25.86564],[100.29895,25.86475],[100.30114,25.86239],[100.3018,25.85923],[100.30118,25.85011],[100.3015,25.84875],[100.30303,25.84698],[100.30628,25.84594],[100.31455,25.84608],[100.31851,25.84467],[100.32324,25.84034],[100.33052,25.82895],[100.33142,25.82649],[100.33117,25.82387],[100.33015,25.82071],[100.32869,25.81832],[100.32631,25.81685],[100.32351,25.81663],[100.30336,25.81978],[100.29788,25.81844],[100.29701,25.81764],[100.29855,25.81499],[100.29934,25.81243],[100.29894,25.80978],[100.29717,25.80526],[100.29788,25.79995],[100.29753,25.79699],[100.29586,25.79266],[100.2954,25.78631],[100.29876,25.76131],[100.30093,25.7623],[100.30531,25.76252],[100.31016,25.76089],[100.31306,25.75879],[100.32482,25.74305],[100.32601,25.73944],[100.326,25.7323],[100.33047,25.72812],[100.33213,25.72545],[100.33393,25.71942],[100.34026,25.71911],[100.34374,25.71779],[100.34576,25.71468],[100.34935,25.70135],[100.35074,25.70114],[100.36186,25.70306],[100.36512,25.70272],[100.37258,25.69972],[100.37552,25.69718],[100.38161,25.68678],[100.38241,25.68326],[100.38188,25.67685],[100.38738,25.66924],[100.38846,25.66655],[100.38899,25.66277],[100.39143,25.66112],[100.39388,25.65768],[100.39431,25.65604],[100.39946,25.65581],[100.40357,25.65392],[100.41576,25.64094],[100.41715,25.63848],[100.41897,25.6321],[100.42708,25.62203],[100.4282,25.61982],[100.43163,25.60706],[100.43675,25.60059],[100.44066,25.59297],[100.44127,25.58941],[100.43973,25.58615],[100.4366,25.58436],[100.42842,25.58258],[100.42391,25.58277],[100.43101,25.57564],[100.4324,25.57346],[100.43458,25.56748],[100.4396,25.56286],[100.44112,25.56065],[100.44303,25.55582],[100.44341,25.55302],[100.44247,25.55035],[100.43926,25.54541],[100.43899,25.54378],[100.43687,25.54013],[100.43228,25.53637],[100.4307,25.53336],[100.4289,25.52468],[100.42342,25.51374],[100.41596,25.50367],[100.41405,25.49728],[100.41058,25.49178],[100.40531,25.48745],[100.40413,25.46476],[100.40309,25.46168],[100.39988,25.45699],[100.39825,25.44685],[100.39748,25.44475],[100.39427,25.43933],[100.38659,25.43244],[100.38407,25.42791],[100.38138,25.4254],[100.37821,25.42391],[100.37566,25.42334],[100.36672,25.42335],[100.35663,25.42108],[100.35401,25.42107],[100.35164,25.42219],[100.34997,25.4242],[100.34719,25.42966],[100.34041,25.42882],[100.33701,25.42939],[100.33449,25.43174],[100.33367,25.43509],[100.33422,25.4455],[100.3361,25.45029],[100.33327,25.45112],[100.33036,25.453],[100.32697,25.45701],[100.32163,25.45839],[100.31885,25.45999],[100.31729,25.46279],[100.31631,25.46683],[100.31198,25.47047],[100.30828,25.4768],[100.30748,25.48023],[100.30772,25.48385],[100.30491,25.49408],[100.30371,25.49562],[100.28864,25.49759],[100.28581,25.49874],[100.27765,25.50486],[100.27635,25.5051],[100.27398,25.50039],[100.2719,25.49806],[100.26745,25.49515],[100.26283,25.4902],[100.261,25.48887],[100.25453,25.48627],[100.24923,25.4859],[100.24566,25.48677],[100.2321,25.49513],[100.2301,25.49715],[100.2199,25.51412],[100.21073,25.52382],[100.2038,25.52753],[100.19683,25.52835],[100.18867,25.53184],[100.18813,25.53161],[100.18465,25.52482],[100.18202,25.5222],[100.17143,25.51683],[100.16913,25.5162],[100.16607,25.51599],[100.16227,25.51702],[100.15729,25.52043],[100.14872,25.51884],[100.14607,25.51894],[100.14373,25.52017],[100.13975,25.52356],[100.13849,25.52364],[100.12602,25.5209],[100.11312,25.52222],[100.11126,25.52178],[100.10266,25.51666],[100.09599,25.51495],[100.09621,25.50096],[100.09815,25.49319],[100.09773,25.4885],[100.10069,25.48116],[100.10137,25.47504],[100.10072,25.47193],[100.09856,25.46959],[100.08747,25.46268],[100.08441,25.46177],[100.07997,25.46169],[100.077,25.46241],[100.07135,25.46546],[100.06878,25.46816],[100.06364,25.47893],[100.03814,25.48035],[100.03577,25.48098],[100.03384,25.4825],[100.02541,25.49301],[100.02356,25.49746],[100.02288,25.50639],[100.02131,25.51002],[100.02082,25.51252],[100.02141,25.515],[100.02837,25.52947],[100.02815,25.53053],[100.02545,25.53096],[100.01657,25.52861],[100.01324,25.52868],[100.01046,25.53052],[100.00909,25.53355],[100.00955,25.53685],[100.02087,25.56228],[100.02253,25.56446],[100.02882,25.56966],[100.03414,25.57177],[100.03867,25.57912],[100.04428,25.58482],[100.04797,25.5865],[100.05307,25.58692],[100.05537,25.58666],[100.06956,25.58217],[100.08174,25.5744],[100.10614,25.5657],[100.12132,25.56816],[100.11721,25.57469],[100.10768,25.58402],[100.10588,25.58818],[100.10577,25.59347],[100.10694,25.59716],[100.11799,25.61216],[100.12099,25.61868],[100.11934,25.62321],[100.1188,25.62787],[100.11276,25.63419],[100.10712,25.64381],[100.10085,25.64776],[100.09877,25.64999],[100.09138,25.66373],[100.0866,25.66966],[100.08535,25.6725],[100.08339,25.68505],[100.08111,25.68864],[100.08023,25.69109],[100.07931,25.69832],[100.07667,25.70298],[100.0759,25.70569],[100.07567,25.71105],[100.07457,25.71392],[100.06186,25.72366],[100.0599,25.7263],[100.05829,25.73057],[100.05528,25.73431],[100.04801,25.73699],[100.04596,25.73827],[100.04458,25.74025],[100.04263,25.7448],[100.03983,25.74806],[100.0384,25.75154],[100.03731,25.76665],[100.02286,25.79099],[100.0173,25.79552],[100.01573,25.79745],[100.01285,25.80338],[100.01039,25.81212],[100.01039,25.81539],[100.01305,25.82476],[100.01134,25.83122],[100.00515,25.83533],[100.00346,25.83704],[100.00059,25.8414],[99.9991,25.84655],[99.9951,25.85087],[99.99205,25.85696],[99.97648,25.86542],[99.97415,25.8677]],[[99.99438,25.85911],[99.9973,25.85291],[100.00187,25.84797],[100.0031,25.84305],[100.00597,25.83868],[100.01395,25.83309],[100.01616,25.82474],[100.01328,25.81457],[100.01327,25.81294],[100.01574,25.80419],[100.01919,25.79784],[100.02517,25.79298],[100.04025,25.76757],[100.04139,25.75175],[100.04211,25.75001],[100.0452,25.74641],[100.04803,25.74045],[100.0571,25.73683],[100.06092,25.73207],[100.06271,25.72736],[100.06369,25.72604],[100.07707,25.71579],[100.07865,25.71166],[100.07928,25.70446],[100.08221,25.69929],[100.0832,25.69147],[100.08625,25.68613],[100.08831,25.67296],[100.08894,25.67154],[100.09389,25.66539],[100.10141,25.65141],[100.10245,25.65029],[100.10934,25.64595],[100.11535,25.6357],[100.12173,25.62918],[100.12215,25.62424],[100.12423,25.61855],[100.12059,25.61062],[100.10935,25.59538],[100.10877,25.59353],[100.10888,25.58824],[100.10978,25.58616],[100.11952,25.57663],[100.12418,25.56982],[100.12451,25.56606],[100.12414,25.56558],[100.10586,25.56261],[100.08039,25.5717],[100.06865,25.57931],[100.05332,25.58393],[100.04821,25.58351],[100.04637,25.58267],[100.04123,25.57754],[100.0361,25.56924],[100.03073,25.56735],[100.02361,25.56106],[100.01229,25.53563],[100.01206,25.53398],[100.01275,25.53247],[100.01414,25.53155],[100.0158,25.53151],[100.02526,25.53401],[100.02924,25.53346],[100.03086,25.53223],[100.03151,25.52909],[100.02382,25.51246],[100.02586,25.50706],[100.02633,25.49861],[100.02818,25.49416],[100.03615,25.48442],[100.0383,25.48335],[100.06385,25.48205],[100.06582,25.48132],[100.07149,25.46945],[100.07277,25.4681],[100.07991,25.46469],[100.08588,25.46523],[100.09697,25.47214],[100.09805,25.47331],[100.09838,25.47486],[100.09791,25.48004],[100.09459,25.48826],[100.09524,25.49246],[100.09322,25.50056],[100.09297,25.51627],[100.09373,25.51747],[100.10192,25.51957],[100.11008,25.52458],[100.11292,25.52526],[100.12633,25.52389],[100.1382,25.52666],[100.14093,25.5265],[100.14685,25.52184],[100.15796,25.5236],[100.16397,25.51949],[100.16587,25.51898],[100.16892,25.51919],[100.18067,25.52488],[100.18198,25.52618],[100.18596,25.53396],[100.18874,25.53512],[100.19626,25.53159],[100.20471,25.53044],[100.21257,25.52623],[100.22231,25.51595],[100.23267,25.49869],[100.24723,25.48933],[100.24902,25.48889],[100.25432,25.48927],[100.25972,25.49158],[100.2655,25.49746],[100.27026,25.50057],[100.2713,25.50174],[100.27439,25.50789],[100.27516,25.50837],[100.27889,25.50768],[100.28762,25.50114],[100.28903,25.50056],[100.30531,25.49844],[100.30765,25.49546],[100.31075,25.48415],[100.31047,25.48003],[100.31087,25.47831],[100.31457,25.47198],[100.31896,25.46866],[100.32021,25.46349],[100.32099,25.46209],[100.32237,25.4613],[100.32864,25.45968],[100.33265,25.45494],[100.3341,25.454],[100.33864,25.45268],[100.33953,25.45174],[100.33979,25.45087],[100.33722,25.44534],[100.33667,25.43493],[100.33708,25.43326],[100.33834,25.43208],[100.34004,25.43179],[100.34819,25.43281],[100.34935,25.43202],[100.35264,25.42557],[100.35467,25.424],[100.36639,25.42635],[100.37566,25.42634],[100.3801,25.42811],[100.38145,25.42937],[100.38424,25.43439],[100.39169,25.44086],[100.3949,25.44628],[100.39702,25.45813],[100.40061,25.46338],[100.40113,25.46491],[100.40238,25.48905],[100.40804,25.49337],[100.41151,25.49888],[100.4132,25.50498],[100.42101,25.51552],[100.42621,25.526],[100.42783,25.53434],[100.42991,25.5383],[100.43497,25.54245],[100.43603,25.54427],[100.4364,25.54652],[100.44043,25.55332],[100.43833,25.55955],[100.43201,25.56577],[100.42889,25.57352],[100.41974,25.5827],[100.41969,25.58395],[100.42047,25.58532],[100.42176,25.58603],[100.42778,25.58552],[100.43596,25.58729],[100.43753,25.58819],[100.4383,25.58982],[100.43799,25.5916],[100.43408,25.59922],[100.4289,25.60566],[100.4253,25.61905],[100.41625,25.6307],[100.41357,25.63889],[100.40139,25.65187],[100.39933,25.65281],[100.39285,25.6531],[100.39174,25.65402],[100.39098,25.65692],[100.38975,25.65864],[100.3862,25.66103],[100.38495,25.66748],[100.3788,25.67599],[100.37942,25.6835],[100.37902,25.68526],[100.37293,25.69567],[100.37146,25.69694],[100.364,25.69994],[100.36237,25.70011],[100.35084,25.69811],[100.34843,25.69837],[100.34675,25.69947],[100.34287,25.7139],[100.34185,25.71545],[100.34012,25.71612],[100.33259,25.71648],[100.33134,25.71759],[100.32926,25.72459],[100.32843,25.72592],[100.32299,25.73099],[100.32301,25.73945],[100.32242,25.74125],[100.31065,25.757],[100.3092,25.75805],[100.30436,25.75967],[100.30216,25.75956],[100.29832,25.75782],[100.29696,25.75808],[100.29606,25.75887],[100.29238,25.78621],[100.2929,25.79332],[100.29491,25.79955],[100.29409,25.80563],[100.29635,25.8122],[100.29352,25.81766],[100.29358,25.81856],[100.29641,25.82118],[100.30323,25.82284],[100.32537,25.8197],[100.32657,25.82044],[100.3273,25.82163],[100.32844,25.8261],[100.32071,25.83873],[100.31658,25.84237],[100.3146,25.84308],[100.30583,25.84293],[100.30131,25.84438],[100.29875,25.84735],[100.29815,25.84986],[100.2988,25.85943],[100.29848,25.86101],[100.29738,25.86219],[100.29583,25.86264],[100.28932,25.86268],[100.2865,25.86389],[100.28168,25.86727],[100.28138,25.86821],[100.28486,25.87758],[100.30037,25.88555],[100.3029,25.89779],[100.30883,25.90119],[100.3101,25.90262],[100.31122,25.90529],[100.31491,25.90907],[100.31576,25.9111],[100.31597,25.92023],[100.31961,25.93137],[100.32126,25.94454],[100.32375,25.95043],[100.32169,25.95566],[100.3157,25.96189],[100.31556,25.96392],[100.31649,25.96578],[100.31957,25.96701],[100.3324,25.96466],[100.33948,25.96568],[100.35392,25.97565],[100.35486,25.97676],[100.35517,25.97819],[100.35477,25.97959],[100.34941,25.98883],[100.3393,26.01383],[100.33723,26.02316],[100.33834,26.03396],[100.33807,26.03555],[100.33702,26.03676],[100.32926,26.04178],[100.3179,26.04537],[100.30731,26.04573],[100.28892,26.03731],[100.28371,26.03298],[100.28091,26.03186],[100.24989,26.03065],[100.22172,26.02509],[100.20814,26.02463],[100.20648,26.02652],[100.20845,26.03976],[100.20827,26.04131],[100.20733,26.04256],[100.19749,26.05026],[100.19379,26.06195],[100.18445,26.07321],[100.18252,26.07844],[100.18121,26.0792],[100.17158,26.08185],[100.16998,26.08185],[100.15332,26.07724],[100.15209,26.07656],[100.15131,26.0754],[100.14272,26.05246],[100.14265,26.05057],[100.14473,26.04347],[100.14442,26.04174],[100.14284,26.03905],[100.13358,26.0313],[100.13269,26.03003],[100.13255,26.02848],[100.13321,26.02707],[100.13842,26.02087],[100.13987,26.01992],[100.1416,26.01993],[100.14499,26.02098],[100.14768,26.0194],[100.14819,26.01655],[100.14706,26.01367],[100.14398,26.01096],[100.13681,26.00769],[100.10777,25.99973],[100.10249,25.99703],[100.10119,25.99567],[100.09931,25.99176],[100.09903,25.99011],[100.10077,25.97538],[100.10047,25.97343],[100.09973,25.97254],[100.07996,25.97029],[100.0784,25.96964],[100.07745,25.96825],[100.07739,25.96657],[100.07856,25.96199],[100.07835,25.96012],[100.07759,25.95916],[100.05971,25.95674],[100.04549,25.94809],[100.04419,25.94632],[100.04055,25.9327],[100.03819,25.93171],[100.02348,25.93624],[100.02153,25.93617],[100.01033,25.93192],[100.00906,25.931],[99.99952,25.91915],[99.99887,25.91748],[99.99844,25.90805],[100.0017,25.89795],[99.99632,25.88337],[99.99409,25.88102],[99.97806,25.8734],[99.97683,25.87233],[99.97635,25.87078],[99.97675,25.8692],[99.97791,25.86806],[99.99438,25.85911]]]}},{"type":"Feature","id":"local-0-3","properties":{"id":"local-0-3","group":"local-0","placeIds":["dali"],"alpha":0.11},"geometry":{"type":"Polygon","coordinates":[[[99.97155,25.8662],[99.97035,25.87094],[99.97181,25.87561],[99.97549,25.87882],[99.99112,25.88661],[99.99535,25.89808],[99.99273,25.9062],[99.99232,25.90958],[99.99288,25.91788],[99.99485,25.92292],[100.00439,25.93476],[100.00821,25.93753],[100.01941,25.94178],[100.02525,25.94197],[100.03594,25.93868],[100.03839,25.94787],[100.04229,25.95316],[100.05531,25.96138],[100.0589,25.96268],[100.07174,25.96443],[100.07175,25.97013],[100.07462,25.97429],[100.07928,25.97625],[100.09442,25.97797],[100.09307,25.98941],[100.0939,25.99436],[100.09578,25.99827],[100.0997,26.00234],[100.10618,26.00552],[100.13477,26.01335],[100.13751,26.0146],[100.13383,26.01701],[100.12861,26.02321],[100.12664,26.02744],[100.12705,26.03208],[100.12973,26.0359],[100.13848,26.04347],[100.13689,26.04888],[100.1371,26.05457],[100.14569,26.07751],[100.14804,26.08099],[100.15172,26.08302],[100.16838,26.08764],[100.17318,26.08764],[100.18281,26.08498],[100.18672,26.08272],[100.18905,26.07885],[100.18984,26.07614],[100.19777,26.0669],[100.19951,26.06376],[100.20265,26.05384],[100.21103,26.04729],[100.21384,26.04353],[100.21438,26.03887],[100.21318,26.0308],[100.22103,26.03107],[100.24966,26.03665],[100.27965,26.03782],[100.28634,26.04272],[100.30337,26.05085],[100.30745,26.05173],[100.3197,26.05109],[100.33107,26.04751],[100.34035,26.04176],[100.3435,26.0381],[100.34431,26.03334],[100.3433,26.02351],[100.34505,26.01562],[100.35482,25.99147],[100.35996,25.9826],[100.36117,25.97839],[100.36025,25.97411],[100.35741,25.97077],[100.34421,25.96132],[100.34049,25.95977],[100.33445,25.95874],[100.33132,25.95876],[100.32608,25.95972],[100.32911,25.95385],[100.32975,25.95025],[100.3289,25.94669],[100.32709,25.94286],[100.32556,25.93063],[100.32194,25.91919],[100.32176,25.91097],[100.31921,25.90488],[100.31631,25.90191],[100.31563,25.90029],[100.31181,25.89598],[100.30831,25.89397],[100.30683,25.88576],[100.30516,25.88193],[100.30194,25.87927],[100.28965,25.87325],[100.2884,25.86989],[100.29057,25.86867],[100.29587,25.86864],[100.30052,25.86731],[100.30381,25.86376],[100.30479,25.85903],[100.30425,25.85016],[100.30672,25.84895],[100.3145,25.84908],[100.32044,25.84697],[100.32577,25.84196],[100.33305,25.83057],[100.33439,25.82687],[100.33403,25.82295],[100.333,25.81978],[100.33082,25.8162],[100.32724,25.814],[100.32305,25.81366],[100.30349,25.81672],[100.30124,25.81618],[100.30233,25.81266],[100.30174,25.80868],[100.30025,25.80488],[100.30085,25.80035],[100.30033,25.79591],[100.29882,25.79199],[100.29841,25.7864],[100.30127,25.76511],[100.30627,25.76536],[100.31111,25.76374],[100.31546,25.76059],[100.32722,25.74484],[100.32901,25.73944],[100.329,25.7336],[100.33252,25.73031],[100.33501,25.7263],[100.3362,25.72231],[100.34041,25.72211],[100.34562,25.72013],[100.34866,25.71546],[100.35165,25.70434],[100.36135,25.70602],[100.36624,25.7055],[100.3737,25.7025],[100.37811,25.6987],[100.3842,25.68829],[100.3854,25.68301],[100.38496,25.6777],[100.38981,25.671],[100.39143,25.66697],[100.39177,25.66451],[100.39311,25.66361],[100.39643,25.65895],[100.39959,25.65881],[100.40576,25.65598],[100.41795,25.643],[100.42004,25.6393],[100.42169,25.63351],[100.42942,25.62391],[100.4311,25.6206],[100.43436,25.60846],[100.43942,25.60196],[100.44333,25.59434],[100.44424,25.58901],[100.44193,25.58412],[100.43724,25.58143],[100.43086,25.58004],[100.43314,25.57776],[100.43522,25.57448],[100.43714,25.5692],[100.44163,25.56507],[100.44391,25.56175],[100.44582,25.55693],[100.4464,25.55272],[100.44499,25.54871],[100.43877,25.53781],[100.43466,25.53443],[100.43357,25.53237],[100.43159,25.52336],[100.42583,25.51195],[100.41873,25.50237],[100.41659,25.49568],[100.41312,25.49018],[100.40823,25.48585],[100.40713,25.4646],[100.40557,25.45999],[100.40273,25.45585],[100.40121,25.44638],[100.40006,25.44322],[100.39685,25.4378],[100.39489,25.43549],[100.38894,25.4305],[100.38669,25.42645],[100.38265,25.42268],[100.37949,25.4212],[100.37565,25.42034],[100.36706,25.42035],[100.35729,25.41815],[100.35336,25.41815],[100.34981,25.41981],[100.3473,25.42284],[100.34547,25.42643],[100.34078,25.42584],[100.33568,25.4267],[100.3319,25.43022],[100.33068,25.43524],[100.33122,25.44566],[100.332,25.44851],[100.32807,25.45106],[100.32529,25.45435],[100.32088,25.45549],[100.31671,25.45788],[100.31438,25.46208],[100.31367,25.46499],[100.30939,25.46896],[100.30569,25.47529],[100.30448,25.48043],[100.30469,25.48354],[100.3021,25.49281],[100.28825,25.49461],[100.28401,25.49634],[100.27769,25.50108],[100.27666,25.49905],[100.27354,25.49555],[100.26939,25.49284],[100.26502,25.48816],[100.26227,25.48616],[100.25794,25.48412],[100.25475,25.48328],[100.24945,25.4829],[100.24409,25.48422],[100.23052,25.49257],[100.22753,25.4956],[100.2175,25.5123],[100.20889,25.5214],[100.20288,25.52462],[100.19648,25.52537],[100.18968,25.52806],[100.18732,25.52345],[100.18338,25.51952],[100.17279,25.51415],[100.16933,25.5132],[100.16628,25.51299],[100.16058,25.51454],[100.15662,25.51725],[100.14927,25.51589],[100.1453,25.51604],[100.14178,25.51789],[100.13863,25.52058],[100.1288,25.51814],[100.12572,25.51792],[100.11332,25.51919],[100.106,25.51488],[100.09903,25.51263],[100.0992,25.50135],[100.10106,25.49391],[100.10087,25.48874],[100.10348,25.48228],[100.10437,25.47522],[100.10338,25.47056],[100.10015,25.46705],[100.08906,25.46013],[100.08447,25.45877],[100.08002,25.45869],[100.07558,25.45977],[100.06992,25.46282],[100.06607,25.46686],[100.06164,25.47615],[100.03799,25.47736],[100.03443,25.47829],[100.03154,25.48057],[100.02405,25.48954],[100.02264,25.49186],[100.02079,25.49631],[100.02011,25.49947],[100.0199,25.50572],[100.01856,25.50882],[100.01782,25.51258],[100.01871,25.5163],[100.02409,25.5275],[100.01733,25.52571],[100.01234,25.52582],[100.00818,25.52858],[100.00612,25.53313],[100.00681,25.53807],[100.01813,25.5635],[100.02062,25.56678],[100.02691,25.57197],[100.03218,25.57431],[100.03612,25.5807],[100.04219,25.58697],[100.04772,25.58949],[100.05282,25.58991],[100.05628,25.58952],[100.07046,25.58503],[100.08309,25.5771],[100.10642,25.56878],[100.1165,25.57042],[100.1149,25.57276],[100.10558,25.58187],[100.10288,25.58811],[100.10277,25.59341],[100.10452,25.59894],[100.1154,25.61369],[100.11775,25.61881],[100.11652,25.62218],[100.11588,25.62655],[100.11017,25.63267],[100.1049,25.64166],[100.09925,25.64522],[100.09613,25.64857],[100.08887,25.66206],[100.08426,25.66778],[100.08238,25.67203],[100.08052,25.68397],[100.07857,25.68704],[100.07725,25.69071],[100.0764,25.69736],[100.07406,25.70151],[100.0729,25.70556],[100.0727,25.71043],[100.07207,25.71206],[100.06004,25.72128],[100.0571,25.72524],[100.05565,25.72906],[100.05346,25.73178],[100.04697,25.73418],[100.0439,25.7361],[100.04182,25.73907],[100.04005,25.7432],[100.03756,25.74611],[100.03541,25.75132],[100.03437,25.76573],[100.02056,25.789],[100.01541,25.79319],[100.01306,25.7961],[100.00996,25.80256],[100.0075,25.81131],[100.0075,25.8162],[100.00994,25.82479],[100.00873,25.82935],[100.00349,25.83284],[100.00095,25.83539],[99.99808,25.83975],[99.99633,25.84513],[99.9929,25.84883],[99.98972,25.85481],[99.97505,25.86279],[99.97155,25.8662]],[[99.99205,25.85696],[99.9951,25.85087],[99.9991,25.84655],[100.00059,25.8414],[100.00346,25.83704],[100.00515,25.83533],[100.01134,25.83122],[100.01305,25.82476],[100.01039,25.81539],[100.01039,25.81212],[100.01285,25.80338],[100.01573,25.79745],[100.0173,25.79552],[100.02286,25.79099],[100.03731,25.76665],[100.0384,25.75154],[100.03983,25.74806],[100.04263,25.7448],[100.04458,25.74025],[100.04596,25.73827],[100.04801,25.73699],[100.05528,25.73431],[100.05829,25.73057],[100.0599,25.7263],[100.06186,25.72366],[100.07457,25.71392],[100.07567,25.71105],[100.0759,25.70569],[100.07667,25.70298],[100.07931,25.69832],[100.08023,25.69109],[100.08111,25.68864],[100.08339,25.68505],[100.08535,25.6725],[100.0866,25.66966],[100.09138,25.66373],[100.09877,25.64999],[100.10085,25.64776],[100.10712,25.64381],[100.11276,25.63419],[100.1188,25.62787],[100.11934,25.62321],[100.12099,25.61868],[100.11799,25.61216],[100.10694,25.59716],[100.10577,25.59347],[100.10588,25.58818],[100.10768,25.58402],[100.11721,25.57469],[100.12132,25.56816],[100.10614,25.5657],[100.08174,25.5744],[100.06956,25.58217],[100.05537,25.58666],[100.05307,25.58692],[100.04797,25.5865],[100.04428,25.58482],[100.03867,25.57912],[100.03414,25.57177],[100.02882,25.56966],[100.02253,25.56446],[100.02087,25.56228],[100.00955,25.53685],[100.00909,25.53355],[100.01046,25.53052],[100.01324,25.52868],[100.01657,25.52861],[100.02545,25.53096],[100.02815,25.53053],[100.02837,25.52947],[100.02141,25.515],[100.02082,25.51252],[100.02131,25.51002],[100.02288,25.50639],[100.02356,25.49746],[100.02541,25.49301],[100.03384,25.4825],[100.03577,25.48098],[100.03814,25.48035],[100.06364,25.47893],[100.06878,25.46816],[100.07135,25.46546],[100.077,25.46241],[100.07997,25.46169],[100.08441,25.46177],[100.08747,25.46268],[100.09856,25.46959],[100.10072,25.47193],[100.10137,25.47504],[100.10069,25.48116],[100.09773,25.4885],[100.09815,25.49319],[100.09621,25.50096],[100.09599,25.51495],[100.10266,25.51666],[100.11126,25.52178],[100.11312,25.52222],[100.12602,25.5209],[100.13849,25.52364],[100.13975,25.52356],[100.14373,25.52017],[100.14607,25.51894],[100.14872,25.51884],[100.15729,25.52043],[100.16227,25.51702],[100.16607,25.51599],[100.16913,25.5162],[100.17143,25.51683],[100.18202,25.5222],[100.18465,25.52482],[100.18813,25.53161],[100.18867,25.53184],[100.19683,25.52835],[100.2038,25.52753],[100.21073,25.52382],[100.2199,25.51412],[100.2301,25.49715],[100.2321,25.49513],[100.24566,25.48677],[100.24923,25.4859],[100.25453,25.48627],[100.261,25.48887],[100.26283,25.4902],[100.26745,25.49515],[100.2719,25.49806],[100.27398,25.50039],[100.27635,25.5051],[100.27765,25.50486],[100.28581,25.49874],[100.28864,25.49759],[100.30371,25.49562],[100.30491,25.49408],[100.30772,25.48385],[100.30748,25.48023],[100.30828,25.4768],[100.31198,25.47047],[100.31631,25.46683],[100.31729,25.46279],[100.31885,25.45999],[100.32163,25.45839],[100.32697,25.45701],[100.33036,25.453],[100.33327,25.45112],[100.3361,25.45029],[100.33422,25.4455],[100.33367,25.43509],[100.33449,25.43174],[100.33701,25.42939],[100.34041,25.42882],[100.34719,25.42966],[100.34997,25.4242],[100.35164,25.42219],[100.35401,25.42107],[100.35663,25.42108],[100.36672,25.42335],[100.37566,25.42334],[100.37821,25.42391],[100.38138,25.4254],[100.38407,25.42791],[100.38659,25.43244],[100.39427,25.43933],[100.39748,25.44475],[100.39825,25.44685],[100.39988,25.45699],[100.40309,25.46168],[100.40413,25.46476],[100.40531,25.48745],[100.41058,25.49178],[100.41405,25.49728],[100.41596,25.50367],[100.42342,25.51374],[100.4289,25.52468],[100.4307,25.53336],[100.43228,25.53637],[100.43687,25.54013],[100.43899,25.54378],[100.43926,25.54541],[100.44247,25.55035],[100.44341,25.55302],[100.44303,25.55582],[100.44112,25.56065],[100.4396,25.56286],[100.43458,25.56748],[100.4324,25.57346],[100.43101,25.57564],[100.42391,25.58277],[100.42842,25.58258],[100.4366,25.58436],[100.43973,25.58615],[100.44127,25.58941],[100.44066,25.59297],[100.43675,25.60059],[100.43163,25.60706],[100.4282,25.61982],[100.42708,25.62203],[100.41897,25.6321],[100.41715,25.63848],[100.41576,25.64094],[100.40357,25.65392],[100.39946,25.65581],[100.39431,25.65604],[100.39388,25.65768],[100.39143,25.66112],[100.38899,25.66277],[100.38846,25.66655],[100.38738,25.66924],[100.38188,25.67685],[100.38241,25.68326],[100.38161,25.68678],[100.37552,25.69718],[100.37258,25.69972],[100.36512,25.70272],[100.36186,25.70306],[100.35074,25.70114],[100.34935,25.70135],[100.34576,25.71468],[100.34374,25.71779],[100.34026,25.71911],[100.33393,25.71942],[100.33213,25.72545],[100.33047,25.72812],[100.326,25.7323],[100.32601,25.73944],[100.32482,25.74305],[100.31306,25.75879],[100.31016,25.76089],[100.30531,25.76252],[100.30093,25.7623],[100.29876,25.76131],[100.2954,25.78631],[100.29586,25.79266],[100.29753,25.79699],[100.29788,25.79995],[100.29717,25.80526],[100.29894,25.80978],[100.29934,25.81243],[100.29855,25.81499],[100.29701,25.81764],[100.29788,25.81844],[100.30336,25.81978],[100.32351,25.81663],[100.32631,25.81685],[100.32869,25.81832],[100.33015,25.82071],[100.33117,25.82387],[100.33142,25.82649],[100.33052,25.82895],[100.32324,25.84034],[100.31851,25.84467],[100.31455,25.84608],[100.30628,25.84594],[100.30303,25.84698],[100.3015,25.84875],[100.30118,25.85011],[100.3018,25.85923],[100.30114,25.86239],[100.29895,25.86475],[100.29585,25.86564],[100.28995,25.86568],[100.28478,25.86876],[100.28726,25.87541],[100.30062,25.88197],[100.30276,25.88374],[100.30388,25.88629],[100.30561,25.89588],[100.31032,25.89858],[100.31286,25.90146],[100.31377,25.9036],[100.31706,25.90698],[100.31876,25.91103],[100.31895,25.91971],[100.32259,25.931],[100.32418,25.9437],[100.32618,25.94797],[100.32675,25.95034],[100.3251,25.9558],[100.31866,25.96342],[100.31988,25.9639],[100.33186,25.96171],[100.33998,25.96272],[100.34246,25.96376],[100.35567,25.97321],[100.35756,25.97543],[100.35817,25.97829],[100.35736,25.98109],[100.35212,25.99015],[100.34218,26.01473],[100.34026,26.02334],[100.34133,26.03365],[100.34079,26.03682],[100.33868,26.03926],[100.33016,26.04465],[100.3188,26.04823],[100.30738,26.04873],[100.30466,26.04814],[100.28763,26.04001],[100.28214,26.03559],[100.28028,26.03484],[100.24977,26.03365],[100.22138,26.02808],[100.20968,26.02768],[100.21142,26.03931],[100.21105,26.04242],[100.20918,26.04492],[100.20007,26.05205],[100.19665,26.06285],[100.19549,26.06494],[100.18715,26.07468],[100.18617,26.078],[100.18462,26.08058],[100.18201,26.08209],[100.17238,26.08475],[100.16918,26.08475],[100.15252,26.08013],[100.15007,26.07878],[100.1485,26.07645],[100.13991,26.05352],[100.13977,26.04973],[100.14156,26.0428],[100.14051,26.04101],[100.13165,26.0336],[100.12987,26.03106],[100.1296,26.02796],[100.13091,26.02514],[100.13612,26.01894],[100.13902,26.01704],[100.14249,26.01706],[100.14462,26.01772],[100.14508,26.01685],[100.14453,26.01544],[100.14234,26.0135],[100.13579,26.01052],[100.10697,26.00262],[100.10109,25.99968],[100.09848,25.99697],[100.0966,25.99306],[100.09605,25.98976],[100.09773,25.97533],[100.07962,25.97327],[100.07651,25.97197],[100.0746,25.96919],[100.07448,25.96582],[100.07549,25.96191],[100.0593,25.95971],[100.05691,25.95884],[100.04389,25.95063],[100.04129,25.9471],[100.03804,25.9349],[100.02437,25.9391],[100.02047,25.93898],[100.00927,25.93473],[100.00672,25.93288],[99.99719,25.92103],[99.99587,25.91768],[99.99531,25.90937],[99.99559,25.90712],[99.99852,25.89801],[99.99372,25.88499],[99.9923,25.88349],[99.97677,25.87611],[99.97432,25.87397],[99.97335,25.87086],[99.97415,25.8677],[99.97648,25.86542],[99.99205,25.85696]]]}},{"type":"Feature","id":"local-0-4","properties":{"id":"local-0-4","group":"local-0","placeIds":["dali"],"alpha":0.035},"geometry":{"type":"Polygon","coordinates":[[[99.96895,25.8647],[99.96735,25.87102],[99.96929,25.87724],[99.9742,25.88153],[99.98857,25.88836],[99.99218,25.89814],[99.98987,25.90528],[99.98932,25.90978],[99.98989,25.91809],[99.99251,25.9248],[100.00205,25.93664],[100.00714,25.94034],[100.01834,25.94459],[100.02613,25.94484],[100.03384,25.94246],[100.0355,25.94865],[100.04069,25.9557],[100.05371,25.96391],[100.0585,25.96566],[100.06876,25.96705],[100.0689,25.97107],[100.07272,25.97662],[100.07894,25.97923],[100.09109,25.98061],[100.0901,25.98906],[100.0912,25.99566],[100.09307,25.99957],[100.0983,26.00499],[100.10539,26.00841],[100.13119,26.01548],[100.12632,26.02128],[100.12369,26.02692],[100.12423,26.03311],[100.1278,26.0382],[100.1351,26.04431],[100.13401,26.04804],[100.13429,26.05562],[100.14288,26.07856],[100.14601,26.0832],[100.15092,26.08592],[100.16758,26.09053],[100.17397,26.09053],[100.18361,26.08787],[100.18883,26.08486],[100.19192,26.07969],[100.19254,26.07761],[100.20005,26.06885],[100.20237,26.06466],[100.20523,26.05563],[100.21288,26.04965],[100.21663,26.04464],[100.21735,26.03843],[100.21668,26.03393],[100.22068,26.03406],[100.24954,26.03965],[100.279,26.04079],[100.28504,26.04543],[100.30207,26.05356],[100.30752,26.05473],[100.31727,26.0545],[100.3206,26.05395],[100.33197,26.05037],[100.33501,26.04891],[100.34201,26.04426],[100.34622,26.03938],[100.3473,26.03303],[100.34633,26.02369],[100.34793,26.01651],[100.35752,25.99279],[100.36256,25.9841],[100.36417,25.97849],[100.36294,25.97278],[100.35916,25.96833],[100.34596,25.95888],[100.34099,25.95681],[100.33496,25.95578],[100.33156,25.9558],[100.33274,25.95016],[100.33161,25.94542],[100.33001,25.94201],[100.32802,25.92796],[100.32493,25.91867],[100.32476,25.9109],[100.32136,25.90279],[100.3133,25.89338],[100.31102,25.89207],[100.30978,25.88523],[100.30755,25.88013],[100.30326,25.87658],[100.29322,25.87166],[100.29589,25.87164],[100.30209,25.86986],[100.30648,25.86514],[100.30778,25.85882],[100.30732,25.85196],[100.31445,25.85208],[100.32237,25.84927],[100.3259,25.8463],[100.3283,25.84357],[100.33558,25.83218],[100.33737,25.82725],[100.33688,25.82203],[100.33586,25.81886],[100.33294,25.81408],[100.32817,25.81115],[100.32259,25.8107],[100.30516,25.81342],[100.30453,25.80759],[100.30332,25.80451],[100.30383,25.80074],[100.30313,25.79483],[100.30178,25.79133],[100.30143,25.78649],[100.30391,25.76804],[100.30722,25.76821],[100.31207,25.76658],[100.31786,25.76239],[100.32963,25.74664],[100.33201,25.73943],[100.332,25.7349],[100.33457,25.73251],[100.33788,25.72716],[100.33846,25.72521],[100.34056,25.7251],[100.3475,25.72246],[100.35156,25.71624],[100.35384,25.70777],[100.36084,25.70898],[100.36736,25.70828],[100.37482,25.70528],[100.3807,25.70021],[100.38678,25.68981],[100.38839,25.68277],[100.38804,25.67856],[100.39224,25.67276],[100.39456,25.66625],[100.39778,25.66189],[100.39972,25.66181],[100.40795,25.65803],[100.42013,25.64505],[100.42293,25.64012],[100.42441,25.63492],[100.43175,25.62579],[100.434,25.62138],[100.43709,25.60986],[100.44209,25.60333],[100.446,25.59571],[100.44721,25.5886],[100.44414,25.58208],[100.43787,25.5785],[100.43635,25.57817],[100.43804,25.57551],[100.43971,25.57091],[100.44366,25.56728],[100.4467,25.56285],[100.44861,25.55803],[100.44938,25.55241],[100.4475,25.54707],[100.44067,25.53549],[100.43703,25.5325],[100.43429,25.52204],[100.42824,25.51016],[100.42149,25.50106],[100.41913,25.49409],[100.41566,25.48858],[100.41115,25.48425],[100.41012,25.46445],[100.40804,25.4583],[100.40559,25.45471],[100.40417,25.4459],[100.40264,25.44169],[100.39943,25.43627],[100.39682,25.43319],[100.39129,25.42856],[100.38931,25.425],[100.38393,25.41997],[100.38076,25.41848],[100.37565,25.41734],[100.36739,25.41735],[100.35795,25.41522],[100.35271,25.41522],[100.34797,25.41744],[100.34375,25.42319],[100.34115,25.42286],[100.33436,25.42401],[100.32931,25.42871],[100.32768,25.4354],[100.32863,25.44728],[100.32578,25.44912],[100.32362,25.45168],[100.32013,25.45258],[100.31458,25.45578],[100.31146,25.46138],[100.31103,25.46315],[100.30679,25.46744],[100.3031,25.47378],[100.30149,25.48063],[100.30166,25.48324],[100.29979,25.49008],[100.28786,25.49164],[100.28221,25.49394],[100.27848,25.49674],[100.27519,25.49304],[100.27134,25.49053],[100.26721,25.48611],[100.26355,25.48344],[100.25921,25.4814],[100.25496,25.48029],[100.24966,25.47991],[100.24251,25.48166],[100.22895,25.49002],[100.22496,25.49406],[100.21509,25.51047],[100.20704,25.51899],[100.20196,25.5217],[100.19613,25.52239],[100.19103,25.52411],[100.18999,25.52208],[100.18473,25.51685],[100.17414,25.51148],[100.16954,25.51021],[100.16648,25.51],[100.15889,25.51206],[100.15595,25.51407],[100.14981,25.51294],[100.14452,25.51314],[100.13984,25.5156],[100.13785,25.5173],[100.12953,25.51523],[100.12541,25.51494],[100.11358,25.51615],[100.10762,25.51235],[100.10206,25.51031],[100.1022,25.50174],[100.10397,25.49464],[100.10401,25.48899],[100.10626,25.48341],[100.10711,25.47963],[100.10736,25.4754],[100.10605,25.46918],[100.10173,25.4645],[100.09065,25.45759],[100.08452,25.45577],[100.08008,25.45569],[100.07415,25.45713],[100.0685,25.46018],[100.06337,25.46557],[100.0597,25.47325],[100.03784,25.47436],[100.03309,25.47561],[100.02924,25.47865],[100.02175,25.48762],[100.01802,25.49516],[100.01711,25.49937],[100.01692,25.50505],[100.01581,25.50763],[100.01482,25.51264],[100.016,25.5176],[100.01857,25.52293],[100.01145,25.52296],[100.00589,25.52663],[100.00315,25.5327],[100.00407,25.53929],[100.01539,25.56472],[100.01871,25.56909],[100.025,25.57429],[100.03021,25.57684],[100.03541,25.58457],[100.0401,25.58912],[100.04747,25.59248],[100.05258,25.5929],[100.05718,25.59238],[100.07136,25.58789],[100.07436,25.58647],[100.08444,25.57981],[100.1067,25.57187],[100.11083,25.57254],[100.10349,25.57973],[100.09988,25.58805],[100.09977,25.59334],[100.10211,25.60072],[100.1128,25.61522],[100.11451,25.61894],[100.11295,25.62523],[100.10759,25.63115],[100.10268,25.63951],[100.09765,25.64268],[100.09348,25.64715],[100.08635,25.6604],[100.08192,25.6659],[100.07942,25.67157],[100.07765,25.68289],[100.07604,25.68544],[100.07428,25.69034],[100.0735,25.6964],[100.07145,25.70003],[100.0699,25.70543],[100.06957,25.71019],[100.05821,25.7189],[100.05429,25.72417],[100.05301,25.72755],[100.05164,25.72925],[100.04593,25.73137],[100.04183,25.73392],[100.03907,25.73789],[100.03748,25.74159],[100.03528,25.74415],[100.03241,25.75111],[100.03143,25.76481],[100.01825,25.78701],[100.01351,25.79086],[100.01038,25.79474],[100.00708,25.80175],[100.00461,25.81049],[100.00462,25.81702],[100.00683,25.82482],[100.00612,25.82748],[100.00183,25.83034],[99.99845,25.83374],[99.99558,25.8381],[99.99356,25.8437],[99.9907,25.84679],[99.98739,25.85266],[99.97362,25.86015],[99.96895,25.8647]],[[99.98972,25.85481],[99.9929,25.84883],[99.99633,25.84513],[99.99808,25.83975],[100.00095,25.83539],[100.00349,25.83284],[100.00873,25.82935],[100.00994,25.82479],[100.0075,25.8162],[100.0075,25.81131],[100.00996,25.80256],[100.01306,25.7961],[100.01541,25.79319],[100.02056,25.789],[100.03437,25.76573],[100.03541,25.75132],[100.03756,25.74611],[100.04005,25.7432],[100.04182,25.73907],[100.0439,25.7361],[100.04697,25.73418],[100.05346,25.73178],[100.05565,25.72906],[100.0571,25.72524],[100.06004,25.72128],[100.07207,25.71206],[100.0727,25.71043],[100.0729,25.70556],[100.07406,25.70151],[100.0764,25.69736],[100.07725,25.69071],[100.07857,25.68704],[100.08052,25.68397],[100.08238,25.67203],[100.08426,25.66778],[100.08887,25.66206],[100.09613,25.64857],[100.09925,25.64522],[100.1049,25.64166],[100.11017,25.63267],[100.11588,25.62655],[100.11652,25.62218],[100.11775,25.61881],[100.1154,25.61369],[100.10452,25.59894],[100.10277,25.59341],[100.10288,25.58811],[100.10558,25.58187],[100.1149,25.57276],[100.1165,25.57042],[100.10642,25.56878],[100.08309,25.5771],[100.07046,25.58503],[100.05628,25.58952],[100.05282,25.58991],[100.04772,25.58949],[100.04219,25.58697],[100.03612,25.5807],[100.03218,25.57431],[100.02691,25.57197],[100.02062,25.56678],[100.01813,25.5635],[100.00681,25.53807],[100.00612,25.53313],[100.00818,25.52858],[100.01234,25.52582],[100.01733,25.52571],[100.02409,25.5275],[100.01871,25.5163],[100.01782,25.51258],[100.01856,25.50882],[100.0199,25.50572],[100.02011,25.49947],[100.02079,25.49631],[100.02264,25.49186],[100.02405,25.48954],[100.03154,25.48057],[100.03443,25.47829],[100.03799,25.47736],[100.06164,25.47615],[100.06607,25.46686],[100.06992,25.46282],[100.07558,25.45977],[100.08002,25.45869],[100.08447,25.45877],[100.08906,25.46013],[100.10015,25.46705],[100.10338,25.47056],[100.10437,25.47522],[100.10348,25.48228],[100.10087,25.48874],[100.10106,25.49391],[100.0992,25.50135],[100.09903,25.51263],[100.106,25.51488],[100.11332,25.51919],[100.12572,25.51792],[100.1288,25.51814],[100.13863,25.52058],[100.14178,25.51789],[100.1453,25.51604],[100.14927,25.51589],[100.15662,25.51725],[100.16058,25.51454],[100.16628,25.51299],[100.16933,25.5132],[100.17279,25.51415],[100.18338,25.51952],[100.18732,25.52345],[100.18968,25.52806],[100.19648,25.52537],[100.20288,25.52462],[100.20889,25.5214],[100.2175,25.5123],[100.22753,25.4956],[100.23052,25.49257],[100.24409,25.48422],[100.24945,25.4829],[100.25475,25.48328],[100.25794,25.48412],[100.26227,25.48616],[100.26502,25.48816],[100.26939,25.49284],[100.27354,25.49555],[100.27666,25.49905],[100.27769,25.50108],[100.28401,25.49634],[100.28825,25.49461],[100.3021,25.49281],[100.30469,25.48354],[100.30448,25.48043],[100.30569,25.47529],[100.30939,25.46896],[100.31367,25.46499],[100.31438,25.46208],[100.31671,25.45788],[100.32088,25.45549],[100.32529,25.45435],[100.32807,25.45106],[100.332,25.44851],[100.33122,25.44566],[100.33068,25.43524],[100.3319,25.43022],[100.33568,25.4267],[100.34078,25.42584],[100.34547,25.42643],[100.3473,25.42284],[100.34981,25.41981],[100.35336,25.41815],[100.35729,25.41815],[100.36706,25.42035],[100.37565,25.42034],[100.37949,25.4212],[100.38265,25.42268],[100.38669,25.42645],[100.38894,25.4305],[100.39489,25.43549],[100.39685,25.4378],[100.40006,25.44322],[100.40121,25.44638],[100.40273,25.45585],[100.40557,25.45999],[100.40713,25.4646],[100.40823,25.48585],[100.41312,25.49018],[100.41659,25.49568],[100.41873,25.50237],[100.42583,25.51195],[100.43159,25.52336],[100.43357,25.53237],[100.43466,25.53443],[100.43877,25.53781],[100.44499,25.54871],[100.4464,25.55272],[100.44582,25.55693],[100.44391,25.56175],[100.44163,25.56507],[100.43714,25.5692],[100.43522,25.57448],[100.43314,25.57776],[100.43086,25.58004],[100.43724,25.58143],[100.44193,25.58412],[100.44424,25.58901],[100.44333,25.59434],[100.43942,25.60196],[100.43436,25.60846],[100.4311,25.6206],[100.42942,25.62391],[100.42169,25.63351],[100.42004,25.6393],[100.41795,25.643],[100.40576,25.65598],[100.39959,25.65881],[100.39643,25.65895],[100.39311,25.66361],[100.39177,25.66451],[100.39143,25.66697],[100.38981,25.671],[100.38496,25.6777],[100.3854,25.68301],[100.3842,25.68829],[100.37811,25.6987],[100.3737,25.7025],[100.36624,25.7055],[100.36135,25.70602],[100.35165,25.70434],[100.34866,25.71546],[100.34562,25.72013],[100.34041,25.72211],[100.3362,25.72231],[100.33501,25.7263],[100.33252,25.73031],[100.329,25.7336],[100.32901,25.73944],[100.32722,25.74484],[100.31546,25.76059],[100.31111,25.76374],[100.30627,25.76536],[100.30127,25.76511],[100.29841,25.7864],[100.29882,25.79199],[100.30033,25.79591],[100.30085,25.80035],[100.30025,25.80488],[100.30174,25.80868],[100.30233,25.81266],[100.30124,25.81618],[100.30349,25.81672],[100.32305,25.81366],[100.32724,25.814],[100.33082,25.8162],[100.333,25.81978],[100.33403,25.82295],[100.33439,25.82687],[100.33305,25.83057],[100.32577,25.84196],[100.32044,25.84697],[100.3145,25.84908],[100.30672,25.84895],[100.30425,25.85016],[100.30479,25.85903],[100.30381,25.86376],[100.30052,25.86731],[100.29587,25.86864],[100.29057,25.86867],[100.2884,25.86989],[100.28965,25.87325],[100.30194,25.87927],[100.30516,25.88193],[100.30683,25.88576],[100.30831,25.89397],[100.31181,25.89598],[100.31563,25.90029],[100.31631,25.90191],[100.31921,25.90488],[100.32176,25.91097],[100.32194,25.91919],[100.32556,25.93063],[100.32709,25.94286],[100.3289,25.94669],[100.32975,25.95025],[100.32911,25.95385],[100.32608,25.95972],[100.33132,25.95876],[100.33445,25.95874],[100.34049,25.95977],[100.34421,25.96132],[100.35741,25.97077],[100.36025,25.97411],[100.36117,25.97839],[100.35996,25.9826],[100.35482,25.99147],[100.34505,26.01562],[100.3433,26.02351],[100.34431,26.03334],[100.3435,26.0381],[100.34035,26.04176],[100.33107,26.04751],[100.3197,26.05109],[100.30745,26.05173],[100.30337,26.05085],[100.28634,26.04272],[100.27965,26.03782],[100.24966,26.03665],[100.22103,26.03107],[100.21318,26.0308],[100.21438,26.03887],[100.21384,26.04353],[100.21103,26.04729],[100.20265,26.05384],[100.19951,26.06376],[100.19777,26.0669],[100.18984,26.07614],[100.18905,26.07885],[100.18672,26.08272],[100.18281,26.08498],[100.17318,26.08764],[100.16838,26.08764],[100.15172,26.08302],[100.14804,26.08099],[100.14569,26.07751],[100.1371,26.05457],[100.13689,26.04888],[100.13848,26.04347],[100.12973,26.0359],[100.12705,26.03208],[100.12664,26.02744],[100.12861,26.02321],[100.13383,26.01701],[100.13751,26.0146],[100.13477,26.01335],[100.10618,26.00552],[100.0997,26.00234],[100.09578,25.99827],[100.0939,25.99436],[100.09307,25.98941],[100.09442,25.97797],[100.07928,25.97625],[100.07462,25.97429],[100.07175,25.97013],[100.07174,25.96443],[100.0589,25.96268],[100.05531,25.96138],[100.04229,25.95316],[100.03839,25.94787],[100.03594,25.93868],[100.02525,25.94197],[100.01941,25.94178],[100.00821,25.93753],[100.00439,25.93476],[99.99485,25.92292],[99.99288,25.91788],[99.99232,25.90958],[99.99273,25.9062],[99.99535,25.89808],[99.99112,25.88661],[99.97549,25.87882],[99.97181,25.87561],[99.97035,25.87094],[99.97155,25.8662],[99.97505,25.86279],[99.98972,25.85481]]]}},{"type":"Feature","id":"local-1-0","properties":{"id":"local-1-0","group":"local-1","placeIds":["xihu"],"alpha":0.62},"geometry":{"type":"Polygon","coordinates":[[[119.99354,30.18626],[119.99792,30.1925],[120.00359,30.19698],[120.00446,30.19966],[120.0009,30.21019],[120.00564,30.21248],[120.00782,30.2164],[120.00475,30.22504],[120.00871,30.2255],[120.01201,30.22779],[120.01958,30.23007],[120.02384,30.22979],[120.03211,30.23416],[120.03423,30.23634],[120.035,30.24045],[120.0373,30.24122],[120.04143,30.24546],[120.04835,30.24786],[120.05212,30.25571],[120.05139,30.26305],[120.05251,30.26993],[120.05147,30.27255],[120.04518,30.27673],[120.04807,30.28516],[120.04831,30.28834],[120.04668,30.29144],[120.04892,30.29843],[120.04759,30.30157],[120.04476,30.30347],[120.04066,30.30334],[120.03512,30.30516],[120.02611,30.30232],[120.0205,30.30968],[120.01715,30.31128],[120.01573,30.31851],[120.01767,30.32194],[120.01746,30.32505],[120.0132,30.33474],[120.01911,30.33632],[120.02103,30.3386],[120.02138,30.34592],[120.01912,30.35082],[120.02756,30.35396],[120.03787,30.35398],[120.04181,30.35617],[120.04617,30.35392],[120.05181,30.3537],[120.06236,30.35734],[120.06445,30.35412],[120.07182,30.35103],[120.07183,30.34744],[120.07336,30.34492],[120.07954,30.34053],[120.08096,30.33503],[120.09142,30.3264],[120.09873,30.31059],[120.09737,30.30303],[120.09836,30.29881],[120.10052,30.29588],[120.1108,30.29469],[120.12201,30.29647],[120.1286,30.29513],[120.1364,30.2959],[120.14994,30.27472],[120.15498,30.25708],[120.15757,30.25364],[120.14953,30.24052],[120.15143,30.23542],[120.15458,30.23373],[120.15591,30.23128],[120.15544,30.22655],[120.15044,30.21874],[120.14077,30.21396],[120.13872,30.21141],[120.13835,30.2079],[120.13466,30.20583],[120.13286,30.20178],[120.13452,30.19503],[120.12734,30.19185],[120.12183,30.18733],[120.11853,30.17692],[120.11898,30.16856],[120.12276,30.15681],[120.13245,30.14622],[120.15741,30.12813],[120.17517,30.11761],[120.17717,30.11079],[120.1745,30.10107],[120.17486,30.09502],[120.1711,30.09469],[120.16843,30.09243],[120.16741,30.0848],[120.16196,30.08648],[120.15054,30.08638],[120.14657,30.09074],[120.14058,30.09051],[120.13646,30.09855],[120.13337,30.09978],[120.12509,30.10003],[120.11682,30.09037],[120.11597,30.08216],[120.09931,30.07826],[120.09437,30.08301],[120.07772,30.08147],[120.0682,30.08597],[120.05413,30.09504],[120.0482,30.09382],[120.04353,30.08744],[120.04049,30.08753],[120.03638,30.09438],[120.02744,30.09631],[120.0205,30.10697],[120.01521,30.10791],[120.01237,30.11008],[120.01152,30.1146],[120.00925,30.11731],[119.99767,30.11822],[120.00103,30.13067],[120.00372,30.1353],[120.00283,30.14018],[120.00709,30.14521],[120.00711,30.15085],[120.01066,30.15598],[120.00963,30.16172],[120.0123,30.16495],[120.01286,30.16771],[120.00957,30.17529],[120.0104,30.17903],[120.00939,30.18205],[120.00699,30.18414],[119.99816,30.18416],[119.99354,30.18626]]]}},{"type":"Feature","id":"local-1-1","properties":{"id":"local-1-1","group":"local-1","placeIds":["xihu"],"alpha":0.43},"geometry":{"type":"Polygon","coordinates":[[[119.991,30.18467],[119.99054,30.18634],[119.99109,30.18799],[119.99546,30.19422],[120.00102,30.19877],[120.0013,30.19964],[119.99794,30.21066],[119.9985,30.21198],[119.9996,30.21289],[120.00348,30.21477],[120.00454,30.21667],[120.00193,30.22404],[120.00185,30.22581],[120.00279,30.22731],[120.00441,30.22802],[120.00762,30.22839],[120.01114,30.23066],[120.01871,30.23295],[120.02319,30.23284],[120.03029,30.23659],[120.03145,30.23778],[120.03274,30.24243],[120.03566,30.24383],[120.04044,30.2483],[120.04618,30.25029],[120.04905,30.25625],[120.04841,30.26275],[120.04942,30.26959],[120.04903,30.27057],[120.04352,30.27423],[120.0422,30.2764],[120.04511,30.28577],[120.04525,30.28771],[120.04369,30.29118],[120.04572,30.29829],[120.04517,30.29958],[120.04389,30.30044],[120.03973,30.30049],[120.0351,30.30201],[120.02701,30.29946],[120.02521,30.29946],[120.02373,30.3005],[120.01855,30.30729],[120.01585,30.30858],[120.0142,30.31071],[120.01279,30.31794],[120.01312,30.31999],[120.01461,30.32264],[120.0145,30.32433],[120.01045,30.33353],[120.01023,30.33522],[120.01097,30.33675],[120.01242,30.33764],[120.01742,30.33897],[120.01808,30.33976],[120.01835,30.34533],[120.0164,30.34957],[120.01615,30.35117],[120.01677,30.35268],[120.01808,30.35363],[120.02652,30.35677],[120.03709,30.35698],[120.04176,30.35917],[120.04695,30.35689],[120.05136,30.35672],[120.06139,30.36017],[120.06394,30.35989],[120.06646,30.35653],[120.07298,30.35379],[120.07432,30.35269],[120.07483,30.34828],[120.0756,30.347],[120.08128,30.34298],[120.08245,30.34128],[120.08362,30.33672],[120.09414,30.32766],[120.10145,30.31184],[120.10168,30.31006],[120.10044,30.30311],[120.10114,30.3001],[120.10216,30.29871],[120.11074,30.29772],[120.12154,30.29943],[120.12875,30.29816],[120.13611,30.29889],[120.13771,30.2986],[120.13893,30.29752],[120.15283,30.27555],[120.15771,30.25844],[120.15997,30.25545],[120.16057,30.25379],[120.16013,30.25207],[120.15285,30.2402],[120.15385,30.23753],[120.15721,30.23516],[120.15854,30.23271],[120.15889,30.23098],[120.15843,30.22626],[120.15297,30.21712],[120.15177,30.21605],[120.14269,30.21156],[120.14161,30.21022],[120.14086,30.20625],[120.137,30.2037],[120.13602,30.2015],[120.13743,30.19575],[120.13684,30.19313],[120.12893,30.18927],[120.12442,30.18557],[120.12156,30.17654],[120.12195,30.16911],[120.12542,30.15835],[120.13446,30.14847],[120.15906,30.13064],[120.1767,30.12019],[120.17805,30.11845],[120.18005,30.11163],[120.18006,30.11],[120.17753,30.10076],[120.17756,30.09371],[120.17656,30.09255],[120.17231,30.09178],[120.17125,30.09089],[120.17039,30.08441],[120.16969,30.08284],[120.16824,30.08192],[120.16653,30.08193],[120.16152,30.08348],[120.14934,30.08364],[120.14529,30.08769],[120.1407,30.08751],[120.13907,30.08792],[120.13791,30.08914],[120.1343,30.09618],[120.13275,30.0968],[120.12644,30.09699],[120.1197,30.08913],[120.11895,30.08185],[120.11822,30.08017],[120.11665,30.07924],[120.09999,30.07534],[120.09852,30.07536],[120.09723,30.07609],[120.09328,30.07989],[120.07799,30.07848],[120.07643,30.07876],[120.06657,30.08345],[120.05353,30.09185],[120.04994,30.09111],[120.04484,30.08474],[120.0404,30.08453],[120.03897,30.08494],[120.03448,30.09172],[120.0268,30.09337],[120.02492,30.09467],[120.01869,30.10424],[120.01469,30.10496],[120.01055,30.10769],[120.00942,30.10953],[120.00872,30.11327],[120.00776,30.11442],[119.99744,30.11523],[119.99583,30.11586],[119.99483,30.11727],[119.99478,30.119],[119.99813,30.13145],[120.00057,30.13585],[119.99993,30.14096],[120.00409,30.14631],[120.00411,30.15086],[120.00464,30.15255],[120.00749,30.15666],[120.00672,30.16248],[120.0095,30.16629],[120.00973,30.16738],[120.00682,30.1741],[120.00664,30.17594],[120.00729,30.17887],[120.00681,30.18032],[120.00586,30.18114],[119.99692,30.18143],[119.9923,30.18353],[119.991,30.18467]],[[119.99816,30.18416],[120.00699,30.18414],[120.00939,30.18205],[120.0104,30.17903],[120.00957,30.17529],[120.01286,30.16771],[120.0123,30.16495],[120.00963,30.16172],[120.01066,30.15598],[120.00711,30.15085],[120.00709,30.14521],[120.00283,30.14018],[120.00372,30.1353],[120.00103,30.13067],[119.99767,30.11822],[120.00925,30.11731],[120.01152,30.1146],[120.01237,30.11008],[120.01521,30.10791],[120.0205,30.10697],[120.02744,30.09631],[120.03638,30.09438],[120.04049,30.08753],[120.04353,30.08744],[120.0482,30.09382],[120.05413,30.09504],[120.0682,30.08597],[120.07772,30.08147],[120.09437,30.08301],[120.09931,30.07826],[120.11597,30.08216],[120.11682,30.09037],[120.12509,30.10003],[120.13337,30.09978],[120.13646,30.09855],[120.14058,30.09051],[120.14657,30.09074],[120.15054,30.08638],[120.16196,30.08648],[120.16741,30.0848],[120.16843,30.09243],[120.1711,30.09469],[120.17486,30.09502],[120.1745,30.10107],[120.17717,30.11079],[120.17517,30.11761],[120.15741,30.12813],[120.13245,30.14622],[120.12276,30.15681],[120.11898,30.16856],[120.11853,30.17692],[120.12183,30.18733],[120.12734,30.19185],[120.13452,30.19503],[120.13286,30.20178],[120.13466,30.20583],[120.13835,30.2079],[120.13872,30.21141],[120.14077,30.21396],[120.15044,30.21874],[120.15544,30.22655],[120.15591,30.23128],[120.15458,30.23373],[120.15143,30.23542],[120.14953,30.24052],[120.15757,30.25364],[120.15498,30.25708],[120.14994,30.27472],[120.1364,30.2959],[120.1286,30.29513],[120.12201,30.29647],[120.1108,30.29469],[120.10052,30.29588],[120.09836,30.29881],[120.09737,30.30303],[120.09873,30.31059],[120.09142,30.3264],[120.08096,30.33503],[120.07954,30.34053],[120.07336,30.34492],[120.07183,30.34744],[120.07182,30.35103],[120.06445,30.35412],[120.06236,30.35734],[120.05181,30.3537],[120.04617,30.35392],[120.04181,30.35617],[120.03787,30.35398],[120.02756,30.35396],[120.01912,30.35082],[120.02138,30.34592],[120.02103,30.3386],[120.01911,30.33632],[120.0132,30.33474],[120.01746,30.32505],[120.01767,30.32194],[120.01573,30.31851],[120.01715,30.31128],[120.0205,30.30968],[120.02611,30.30232],[120.03512,30.30516],[120.04066,30.30334],[120.04476,30.30347],[120.04759,30.30157],[120.04892,30.29843],[120.04668,30.29144],[120.04831,30.28834],[120.04807,30.28516],[120.04518,30.27673],[120.05147,30.27255],[120.05251,30.26993],[120.05139,30.26305],[120.05212,30.25571],[120.04835,30.24786],[120.04143,30.24546],[120.0373,30.24122],[120.035,30.24045],[120.03423,30.23634],[120.03211,30.23416],[120.02384,30.22979],[120.01958,30.23007],[120.01201,30.22779],[120.00871,30.2255],[120.00475,30.22504],[120.00782,30.2164],[120.00564,30.21248],[120.0009,30.21019],[120.00446,30.19966],[120.00359,30.19698],[119.99792,30.1925],[119.99354,30.18626],[119.99816,30.18416]]]}},{"type":"Feature","id":"local-1-2","properties":{"id":"local-1-2","group":"local-1","placeIds":["xihu"],"alpha":0.25},"geometry":{"type":"Polygon","coordinates":[[[119.98845,30.18308],[119.98754,30.18642],[119.98863,30.18971],[119.99301,30.19595],[119.99795,30.20017],[119.99522,30.20827],[119.99498,30.21112],[119.99609,30.21377],[119.99829,30.21559],[120.00123,30.21701],[119.9991,30.22304],[119.99895,30.22658],[120.00083,30.22958],[120.00407,30.231],[120.00653,30.23129],[120.01028,30.23353],[120.01785,30.23582],[120.02254,30.23589],[120.02847,30.23902],[120.03049,30.2444],[120.03402,30.24645],[120.03712,30.24964],[120.03946,30.25113],[120.04402,30.25271],[120.04598,30.25679],[120.04542,30.26246],[120.04625,30.26881],[120.04186,30.27173],[120.04006,30.27361],[120.03922,30.27608],[120.0395,30.27867],[120.04214,30.28638],[120.0407,30.29091],[120.04228,30.29739],[120.03879,30.29764],[120.03509,30.29886],[120.02792,30.2966],[120.0243,30.2966],[120.02134,30.29868],[120.01661,30.30489],[120.0124,30.30761],[120.01126,30.31013],[120.00984,30.31736],[120.01051,30.32147],[120.01154,30.3236],[120.0077,30.33232],[120.00727,30.33569],[120.00874,30.33876],[120.01165,30.34053],[120.01516,30.34147],[120.01531,30.34475],[120.01367,30.34832],[120.01317,30.35153],[120.01441,30.35453],[120.01703,30.35645],[120.02547,30.35958],[120.03631,30.35998],[120.03889,30.36141],[120.04171,30.36217],[120.04455,30.3615],[120.04773,30.35987],[120.05092,30.35974],[120.06041,30.36301],[120.06302,30.3633],[120.06551,30.36244],[120.06847,30.35894],[120.07414,30.35656],[120.07681,30.35435],[120.07782,30.35104],[120.07784,30.34909],[120.08301,30.34543],[120.08535,30.34203],[120.08628,30.33842],[120.09524,30.33103],[120.09687,30.32892],[120.10418,30.3131],[120.10463,30.30953],[120.1035,30.30319],[120.10388,30.30153],[120.11067,30.30074],[120.12106,30.30239],[120.12891,30.30119],[120.13581,30.30187],[120.13902,30.3013],[120.14146,30.29913],[120.15571,30.27637],[120.16044,30.2598],[120.16236,30.25726],[120.16356,30.25393],[120.16269,30.25051],[120.15617,30.23988],[120.15985,30.23659],[120.16118,30.23414],[120.16188,30.23069],[120.16141,30.22597],[120.1605,30.22332],[120.1555,30.2155],[120.1531,30.21336],[120.14461,30.20916],[120.14337,30.2046],[120.13933,30.20157],[120.14035,30.19647],[120.14037,30.19371],[120.13915,30.19122],[120.13695,30.18955],[120.13052,30.18669],[120.12702,30.18382],[120.12458,30.17615],[120.12493,30.16966],[120.12807,30.15989],[120.13646,30.15072],[120.1607,30.13315],[120.17823,30.12277],[120.18093,30.11929],[120.18293,30.11248],[120.18295,30.10921],[120.18055,30.10044],[120.18085,30.09538],[120.18025,30.09239],[120.17826,30.09008],[120.17402,30.08892],[120.17336,30.08401],[120.17196,30.08088],[120.16907,30.07904],[120.16565,30.07907],[120.16109,30.08047],[120.15059,30.08038],[120.14814,30.08089],[120.14401,30.08464],[120.14082,30.08451],[120.13755,30.08533],[120.13524,30.08777],[120.13215,30.09381],[120.12778,30.09395],[120.12259,30.08789],[120.12194,30.08154],[120.12047,30.07819],[120.11734,30.07631],[120.10068,30.07241],[120.09772,30.07247],[120.09515,30.07393],[120.09219,30.07678],[120.07827,30.0755],[120.07515,30.07605],[120.06495,30.08093],[120.05293,30.08867],[120.05167,30.08841],[120.04837,30.08389],[120.04616,30.08205],[120.04335,30.08144],[120.04031,30.08153],[120.03745,30.08235],[120.03534,30.08445],[120.03257,30.08906],[120.02617,30.09044],[120.02241,30.09303],[120.01689,30.10152],[120.01416,30.102],[120.01157,30.10314],[120.00873,30.10531],[120.00647,30.10897],[120.00599,30.11155],[119.9972,30.11224],[119.99398,30.1135],[119.99198,30.11633],[119.99188,30.11979],[119.99524,30.13223],[119.99742,30.1364],[119.99704,30.14173],[119.99825,30.14406],[120.0011,30.14742],[120.00111,30.15087],[120.00218,30.15426],[120.00432,30.15735],[120.00382,30.16324],[120.00648,30.16734],[120.00407,30.17291],[120.00371,30.17659],[120.00406,30.17815],[119.99814,30.17816],[119.99567,30.1787],[119.99106,30.1808],[119.98845,30.18308]],[[119.99692,30.18143],[120.00586,30.18114],[120.00681,30.18032],[120.00729,30.17887],[120.00664,30.17594],[120.00682,30.1741],[120.00973,30.16738],[120.0095,30.16629],[120.00672,30.16248],[120.00749,30.15666],[120.00464,30.15255],[120.00411,30.15086],[120.00409,30.14631],[119.99993,30.14096],[120.00057,30.13585],[119.99813,30.13145],[119.99478,30.119],[119.99483,30.11727],[119.99583,30.11586],[119.99744,30.11523],[120.00776,30.11442],[120.00872,30.11327],[120.00942,30.10953],[120.01055,30.10769],[120.01469,30.10496],[120.01869,30.10424],[120.02492,30.09467],[120.0268,30.09337],[120.03448,30.09172],[120.03897,30.08494],[120.0404,30.08453],[120.04484,30.08474],[120.04994,30.09111],[120.05353,30.09185],[120.06657,30.08345],[120.07643,30.07876],[120.07799,30.07848],[120.09328,30.07989],[120.09723,30.07609],[120.09852,30.07536],[120.09999,30.07534],[120.11665,30.07924],[120.11822,30.08017],[120.11895,30.08185],[120.1197,30.08913],[120.12644,30.09699],[120.13275,30.0968],[120.1343,30.09618],[120.13791,30.08914],[120.13907,30.08792],[120.1407,30.08751],[120.14529,30.08769],[120.14934,30.08364],[120.16152,30.08348],[120.16653,30.08193],[120.16824,30.08192],[120.16969,30.08284],[120.17039,30.08441],[120.17125,30.09089],[120.17231,30.09178],[120.17656,30.09255],[120.17756,30.09371],[120.17753,30.10076],[120.18006,30.11],[120.18005,30.11163],[120.17805,30.11845],[120.1767,30.12019],[120.15906,30.13064],[120.13446,30.14847],[120.12542,30.15835],[120.12195,30.16911],[120.12156,30.17654],[120.12442,30.18557],[120.12893,30.18927],[120.13684,30.19313],[120.13743,30.19575],[120.13602,30.2015],[120.137,30.2037],[120.14086,30.20625],[120.14161,30.21022],[120.14269,30.21156],[120.15177,30.21605],[120.15297,30.21712],[120.15843,30.22626],[120.15889,30.23098],[120.15854,30.23271],[120.15721,30.23516],[120.15385,30.23753],[120.15285,30.2402],[120.16013,30.25207],[120.16057,30.25379],[120.15997,30.25545],[120.15771,30.25844],[120.15283,30.27555],[120.13893,30.29752],[120.13771,30.2986],[120.13611,30.29889],[120.12875,30.29816],[120.12154,30.29943],[120.11074,30.29772],[120.10216,30.29871],[120.10114,30.3001],[120.10044,30.30311],[120.10168,30.31006],[120.10145,30.31184],[120.09414,30.32766],[120.08362,30.33672],[120.08245,30.34128],[120.08128,30.34298],[120.0756,30.347],[120.07483,30.34828],[120.07432,30.35269],[120.07298,30.35379],[120.06646,30.35653],[120.06394,30.35989],[120.06139,30.36017],[120.05136,30.35672],[120.04695,30.35689],[120.04176,30.35917],[120.03709,30.35698],[120.02652,30.35677],[120.01808,30.35363],[120.01677,30.35268],[120.01615,30.35117],[120.0164,30.34957],[120.01835,30.34533],[120.01808,30.33976],[120.01742,30.33897],[120.01242,30.33764],[120.01097,30.33675],[120.01023,30.33522],[120.01045,30.33353],[120.0145,30.32433],[120.01461,30.32264],[120.01312,30.31999],[120.01279,30.31794],[120.0142,30.31071],[120.01585,30.30858],[120.01855,30.30729],[120.02373,30.3005],[120.02521,30.29946],[120.02701,30.29946],[120.0351,30.30201],[120.03973,30.30049],[120.04389,30.30044],[120.04517,30.29958],[120.04572,30.29829],[120.04369,30.29118],[120.04525,30.28771],[120.04511,30.28577],[120.0422,30.2764],[120.04352,30.27423],[120.04903,30.27057],[120.04942,30.26959],[120.04841,30.26275],[120.04905,30.25625],[120.04618,30.25029],[120.04044,30.2483],[120.03566,30.24383],[120.03274,30.24243],[120.03145,30.23778],[120.03029,30.23659],[120.02319,30.23284],[120.01871,30.23295],[120.01114,30.23066],[120.00762,30.22839],[120.00441,30.22802],[120.00279,30.22731],[120.00185,30.22581],[120.00193,30.22404],[120.00454,30.21667],[120.00348,30.21477],[119.9996,30.21289],[119.9985,30.21198],[119.99794,30.21066],[120.0013,30.19964],[120.00102,30.19877],[119.99546,30.19422],[119.99109,30.18799],[119.99054,30.18634],[119.991,30.18467],[119.9923,30.18353],[119.99692,30.18143]]]}},{"type":"Feature","id":"local-1-3","properties":{"id":"local-1-3","group":"local-1","placeIds":["xihu"],"alpha":0.11},"geometry":{"type":"Polygon","coordinates":[[[119.98591,30.18149],[119.98454,30.1865],[119.98617,30.19143],[119.99055,30.19767],[119.99443,30.20122],[119.99238,30.20731],[119.99201,30.21159],[119.99368,30.21555],[119.99751,30.21854],[119.99627,30.22204],[119.99605,30.22734],[119.99886,30.23185],[120.00372,30.23398],[120.00543,30.23418],[120.00941,30.23641],[120.01698,30.23869],[120.02189,30.23894],[120.02596,30.24109],[120.02823,30.24638],[120.03238,30.24907],[120.03497,30.25174],[120.03848,30.25397],[120.04186,30.25514],[120.04291,30.25733],[120.04243,30.26216],[120.04298,30.26739],[120.0402,30.26923],[120.03749,30.27205],[120.03623,30.27576],[120.03667,30.27964],[120.03905,30.28661],[120.03771,30.29065],[120.03828,30.29473],[120.03507,30.29571],[120.02882,30.29374],[120.02339,30.29374],[120.01895,30.29686],[120.01466,30.3025],[120.01003,30.30577],[120.00831,30.30955],[120.0069,30.31678],[120.00827,30.3236],[120.00496,30.33111],[120.00431,30.33617],[120.00652,30.34077],[120.01087,30.34343],[120.01227,30.34381],[120.01095,30.34706],[120.01019,30.35188],[120.01205,30.35639],[120.01599,30.35926],[120.02443,30.36239],[120.02754,30.36296],[120.03553,30.36298],[120.03744,30.36403],[120.04167,30.36517],[120.04593,30.36417],[120.04852,30.36284],[120.05047,30.36276],[120.05943,30.36585],[120.06336,30.36628],[120.06709,30.36499],[120.07049,30.36135],[120.07531,30.35932],[120.07931,30.35602],[120.08082,30.35066],[120.08474,30.34788],[120.08826,30.34277],[120.08894,30.34011],[120.09715,30.33335],[120.09959,30.33018],[120.1069,30.31436],[120.10759,30.309],[120.10673,30.30422],[120.11061,30.30377],[120.12059,30.30536],[120.1238,30.30529],[120.12906,30.30422],[120.13552,30.30486],[120.14033,30.304],[120.14398,30.30075],[120.15752,30.27957],[120.1586,30.27719],[120.16317,30.26116],[120.16475,30.25907],[120.16656,30.25408],[120.16524,30.24894],[120.16004,30.24045],[120.16249,30.23802],[120.16382,30.23557],[120.16486,30.2304],[120.1644,30.22567],[120.16302,30.2217],[120.15802,30.21389],[120.15443,30.21067],[120.14732,30.20716],[120.14587,30.20296],[120.14258,30.19995],[120.14326,30.19719],[120.1433,30.19304],[120.14147,30.18932],[120.13817,30.18681],[120.1321,30.18412],[120.12961,30.18206],[120.12761,30.17577],[120.1279,30.17021],[120.13073,30.16144],[120.13847,30.15297],[120.16235,30.13566],[120.17976,30.12535],[120.18381,30.12013],[120.1858,30.11332],[120.18585,30.10841],[120.18358,30.10012],[120.18385,30.09556],[120.18295,30.09107],[120.17996,30.08761],[120.17671,30.08644],[120.17634,30.08361],[120.17423,30.07893],[120.1699,30.07615],[120.16477,30.0762],[120.16065,30.07747],[120.15061,30.07738],[120.14694,30.07814],[120.14274,30.08159],[120.14094,30.08152],[120.13604,30.08274],[120.13257,30.08641],[120.13028,30.09087],[120.12913,30.09091],[120.12548,30.08665],[120.12492,30.08123],[120.12273,30.07621],[120.11802,30.07339],[120.10136,30.06949],[120.09693,30.06958],[120.09307,30.07177],[120.0911,30.07367],[120.07854,30.07251],[120.07387,30.07334],[120.06332,30.07841],[120.05296,30.08508],[120.05079,30.08212],[120.04748,30.07935],[120.04326,30.07844],[120.04022,30.07853],[120.03593,30.07977],[120.03277,30.0829],[120.03067,30.0864],[120.02554,30.08751],[120.01989,30.0914],[120.01508,30.09879],[120.00975,30.10075],[120.00691,30.10292],[120.00346,30.10874],[119.99697,30.10925],[119.99213,30.11113],[119.98914,30.11538],[119.98898,30.12057],[119.99234,30.13301],[119.99427,30.13695],[119.99414,30.14251],[119.99596,30.146],[119.9981,30.14852],[119.99811,30.15088],[119.99971,30.15597],[120.00114,30.15804],[120.00092,30.164],[120.003,30.16783],[120.00131,30.17172],[120.00098,30.17516],[119.99813,30.17516],[119.99443,30.17597],[119.98982,30.17807],[119.98591,30.18149]],[[119.99567,30.1787],[119.99814,30.17816],[120.00406,30.17815],[120.00371,30.17659],[120.00407,30.17291],[120.00648,30.16734],[120.00382,30.16324],[120.00432,30.15735],[120.00218,30.15426],[120.00111,30.15087],[120.0011,30.14742],[119.99825,30.14406],[119.99704,30.14173],[119.99742,30.1364],[119.99524,30.13223],[119.99188,30.11979],[119.99198,30.11633],[119.99398,30.1135],[119.9972,30.11224],[120.00599,30.11155],[120.00647,30.10897],[120.00873,30.10531],[120.01157,30.10314],[120.01416,30.102],[120.01689,30.10152],[120.02241,30.09303],[120.02617,30.09044],[120.03257,30.08906],[120.03534,30.08445],[120.03745,30.08235],[120.04031,30.08153],[120.04335,30.08144],[120.04616,30.08205],[120.04837,30.08389],[120.05167,30.08841],[120.05293,30.08867],[120.06495,30.08093],[120.07515,30.07605],[120.07827,30.0755],[120.09219,30.07678],[120.09515,30.07393],[120.09772,30.07247],[120.10068,30.07241],[120.11734,30.07631],[120.12047,30.07819],[120.12194,30.08154],[120.12259,30.08789],[120.12778,30.09395],[120.13215,30.09381],[120.13524,30.08777],[120.13755,30.08533],[120.14082,30.08451],[120.14401,30.08464],[120.14814,30.08089],[120.15059,30.08038],[120.16109,30.08047],[120.16565,30.07907],[120.16907,30.07904],[120.17196,30.08088],[120.17336,30.08401],[120.17402,30.08892],[120.17826,30.09008],[120.18025,30.09239],[120.18085,30.09538],[120.18055,30.10044],[120.18295,30.10921],[120.18293,30.11248],[120.18093,30.11929],[120.17823,30.12277],[120.1607,30.13315],[120.13646,30.15072],[120.12807,30.15989],[120.12493,30.16966],[120.12458,30.17615],[120.12702,30.18382],[120.13052,30.18669],[120.13695,30.18955],[120.13915,30.19122],[120.14037,30.19371],[120.14035,30.19647],[120.13933,30.20157],[120.14337,30.2046],[120.14461,30.20916],[120.1531,30.21336],[120.1555,30.2155],[120.1605,30.22332],[120.16141,30.22597],[120.16188,30.23069],[120.16118,30.23414],[120.15985,30.23659],[120.15617,30.23988],[120.16269,30.25051],[120.16356,30.25393],[120.16236,30.25726],[120.16044,30.2598],[120.15571,30.27637],[120.14146,30.29913],[120.13902,30.3013],[120.13581,30.30187],[120.12891,30.30119],[120.12106,30.30239],[120.11067,30.30074],[120.10388,30.30153],[120.1035,30.30319],[120.10463,30.30953],[120.10418,30.3131],[120.09687,30.32892],[120.09524,30.33103],[120.08628,30.33842],[120.08535,30.34203],[120.08301,30.34543],[120.07784,30.34909],[120.07782,30.35104],[120.07681,30.35435],[120.07414,30.35656],[120.06847,30.35894],[120.06551,30.36244],[120.06302,30.3633],[120.06041,30.36301],[120.05092,30.35974],[120.04773,30.35987],[120.04455,30.3615],[120.04171,30.36217],[120.03889,30.36141],[120.03631,30.35998],[120.02547,30.35958],[120.01703,30.35645],[120.01441,30.35453],[120.01317,30.35153],[120.01367,30.34832],[120.01531,30.34475],[120.01516,30.34147],[120.01165,30.34053],[120.00874,30.33876],[120.00727,30.33569],[120.0077,30.33232],[120.01154,30.3236],[120.01051,30.32147],[120.00984,30.31736],[120.01126,30.31013],[120.0124,30.30761],[120.01661,30.30489],[120.02134,30.29868],[120.0243,30.2966],[120.02792,30.2966],[120.03509,30.29886],[120.03879,30.29764],[120.04228,30.29739],[120.0407,30.29091],[120.04214,30.28638],[120.0395,30.27867],[120.03922,30.27608],[120.04006,30.27361],[120.04186,30.27173],[120.04625,30.26881],[120.04542,30.26246],[120.04598,30.25679],[120.04402,30.25271],[120.03946,30.25113],[120.03712,30.24964],[120.03402,30.24645],[120.03049,30.2444],[120.02847,30.23902],[120.02254,30.23589],[120.01785,30.23582],[120.01028,30.23353],[120.00653,30.23129],[120.00407,30.231],[120.00083,30.22958],[119.99895,30.22658],[119.9991,30.22304],[120.00123,30.21701],[119.99829,30.21559],[119.99609,30.21377],[119.99498,30.21112],[119.99522,30.20827],[119.99795,30.20017],[119.99301,30.19595],[119.98863,30.18971],[119.98754,30.18642],[119.98845,30.18308],[119.99106,30.1808],[119.99567,30.1787]]]}},{"type":"Feature","id":"local-1-4","properties":{"id":"local-1-4","group":"local-1","placeIds":["xihu"],"alpha":0.035},"geometry":{"type":"Polygon","coordinates":[[[119.98337,30.1799],[119.98155,30.18658],[119.98372,30.19316],[119.9881,30.19939],[119.99092,30.20226],[119.98953,30.20635],[119.98905,30.21206],[119.99127,30.21734],[119.99396,30.21957],[119.99344,30.22104],[119.99315,30.22811],[119.9969,30.23412],[120.00854,30.23928],[120.01612,30.24156],[120.02124,30.24199],[120.02344,30.24315],[120.02597,30.24835],[120.03029,30.25123],[120.03282,30.25383],[120.03984,30.25787],[120.03945,30.26186],[120.03971,30.26596],[120.03493,30.27049],[120.03325,30.27543],[120.03383,30.28061],[120.03586,30.28655],[120.03472,30.29039],[120.03496,30.29253],[120.02972,30.29088],[120.02249,30.29088],[120.01657,30.29505],[120.01271,30.3001],[120.00766,30.30393],[120.00537,30.30898],[120.00395,30.31621],[120.00511,30.32333],[120.00221,30.3299],[120.00135,30.33665],[120.00429,30.34278],[120.00845,30.34532],[120.00721,30.35223],[120.00969,30.35824],[120.01495,30.36207],[120.02338,30.36521],[120.02754,30.36596],[120.03475,30.36597],[120.04162,30.36817],[120.05003,30.36578],[120.05845,30.36868],[120.06369,30.36926],[120.06867,30.36755],[120.0725,30.36375],[120.07647,30.36209],[120.08181,30.35768],[120.08337,30.35253],[120.08648,30.35033],[120.09117,30.34352],[120.09161,30.3418],[120.09905,30.33566],[120.10231,30.33144],[120.10962,30.31562],[120.11054,30.30847],[120.11025,30.30683],[120.12012,30.30832],[120.1244,30.30823],[120.12922,30.30725],[120.13522,30.30784],[120.14164,30.3067],[120.14651,30.30236],[120.16005,30.28119],[120.16148,30.27802],[120.1659,30.26252],[120.16715,30.26088],[120.16956,30.25422],[120.1678,30.24737],[120.16377,30.2408],[120.16513,30.23945],[120.16646,30.237],[120.16785,30.2301],[120.16739,30.22538],[120.16555,30.22008],[120.16055,30.21227],[120.15576,30.20798],[120.14969,30.20498],[120.14838,30.20131],[120.1459,30.199],[120.14622,30.19238],[120.14379,30.18741],[120.13939,30.18406],[120.13369,30.18154],[120.1322,30.18031],[120.13063,30.17538],[120.13088,30.17076],[120.13338,30.16298],[120.14048,30.15522],[120.164,30.13817],[120.18129,30.12794],[120.18669,30.12098],[120.18868,30.11416],[120.18874,30.10762],[120.1866,30.09981],[120.18684,30.09573],[120.18564,30.08975],[120.18166,30.08514],[120.17946,30.08434],[120.1765,30.07697],[120.17073,30.07327],[120.16388,30.07333],[120.16021,30.07446],[120.15064,30.07438],[120.14573,30.07539],[120.14146,30.07853],[120.13452,30.08015],[120.1299,30.08504],[120.12921,30.08639],[120.12837,30.08541],[120.12791,30.08093],[120.12498,30.07423],[120.1187,30.07047],[120.10205,30.06657],[120.09613,30.06668],[120.09001,30.07055],[120.07882,30.06952],[120.07259,30.07062],[120.06307,30.07512],[120.05371,30.08103],[120.04879,30.07666],[120.04317,30.07545],[120.04013,30.07554],[120.03442,30.07718],[120.03019,30.08136],[120.02877,30.08374],[120.02491,30.08458],[120.01738,30.08976],[120.01328,30.09607],[120.00794,30.09837],[120.00509,30.10054],[120.00181,30.10586],[119.99673,30.10626],[119.99028,30.10877],[119.98629,30.11443],[119.98609,30.12135],[119.98944,30.13379],[119.99112,30.1375],[119.99124,30.14328],[119.99368,30.14794],[119.99511,30.14963],[119.99724,30.15767],[119.99797,30.15873],[119.99802,30.16476],[119.99966,30.16798],[119.99856,30.17052],[119.9984,30.17216],[119.99319,30.17324],[119.98858,30.17534],[119.98337,30.1799]],[[119.99443,30.17597],[119.99813,30.17516],[120.00098,30.17516],[120.00131,30.17172],[120.003,30.16783],[120.00092,30.164],[120.00114,30.15804],[119.99971,30.15597],[119.99811,30.15088],[119.9981,30.14852],[119.99596,30.146],[119.99414,30.14251],[119.99427,30.13695],[119.99234,30.13301],[119.98898,30.12057],[119.98914,30.11538],[119.99213,30.11113],[119.99697,30.10925],[120.00346,30.10874],[120.00691,30.10292],[120.00975,30.10075],[120.01508,30.09879],[120.01989,30.0914],[120.02554,30.08751],[120.03067,30.0864],[120.03277,30.0829],[120.03593,30.07977],[120.04022,30.07853],[120.04326,30.07844],[120.04748,30.07935],[120.05079,30.08212],[120.05296,30.08508],[120.06332,30.07841],[120.07387,30.07334],[120.07854,30.07251],[120.0911,30.07367],[120.09307,30.07177],[120.09693,30.06958],[120.10136,30.06949],[120.11802,30.07339],[120.12273,30.07621],[120.12492,30.08123],[120.12548,30.08665],[120.12913,30.09091],[120.13028,30.09087],[120.13257,30.08641],[120.13604,30.08274],[120.14094,30.08152],[120.14274,30.08159],[120.14694,30.07814],[120.15061,30.07738],[120.16065,30.07747],[120.16477,30.0762],[120.1699,30.07615],[120.17423,30.07893],[120.17634,30.08361],[120.17671,30.08644],[120.17996,30.08761],[120.18295,30.09107],[120.18385,30.09556],[120.18358,30.10012],[120.18585,30.10841],[120.1858,30.11332],[120.18381,30.12013],[120.17976,30.12535],[120.16235,30.13566],[120.13847,30.15297],[120.13073,30.16144],[120.1279,30.17021],[120.12761,30.17577],[120.12961,30.18206],[120.1321,30.18412],[120.13817,30.18681],[120.14147,30.18932],[120.1433,30.19304],[120.14326,30.19719],[120.14258,30.19995],[120.14587,30.20296],[120.14732,30.20716],[120.15443,30.21067],[120.15802,30.21389],[120.16302,30.2217],[120.1644,30.22567],[120.16486,30.2304],[120.16382,30.23557],[120.16249,30.23802],[120.16004,30.24045],[120.16524,30.24894],[120.16656,30.25408],[120.16475,30.25907],[120.16317,30.26116],[120.1586,30.27719],[120.15752,30.27957],[120.14398,30.30075],[120.14033,30.304],[120.13552,30.30486],[120.12906,30.30422],[120.1238,30.30529],[120.12059,30.30536],[120.11061,30.30377],[120.10673,30.30422],[120.10759,30.309],[120.1069,30.31436],[120.09959,30.33018],[120.09715,30.33335],[120.08894,30.34011],[120.08826,30.34277],[120.08474,30.34788],[120.08082,30.35066],[120.07931,30.35602],[120.07531,30.35932],[120.07049,30.36135],[120.06709,30.36499],[120.06336,30.36628],[120.05943,30.36585],[120.05047,30.36276],[120.04852,30.36284],[120.04593,30.36417],[120.04167,30.36517],[120.03744,30.36403],[120.03553,30.36298],[120.02754,30.36296],[120.02443,30.36239],[120.01599,30.35926],[120.01205,30.35639],[120.01019,30.35188],[120.01095,30.34706],[120.01227,30.34381],[120.01087,30.34343],[120.00652,30.34077],[120.00431,30.33617],[120.00496,30.33111],[120.00827,30.3236],[120.0069,30.31678],[120.00831,30.30955],[120.01003,30.30577],[120.01466,30.3025],[120.01895,30.29686],[120.02339,30.29374],[120.02882,30.29374],[120.03507,30.29571],[120.03828,30.29473],[120.03771,30.29065],[120.03905,30.28661],[120.03667,30.27964],[120.03623,30.27576],[120.03749,30.27205],[120.0402,30.26923],[120.04298,30.26739],[120.04243,30.26216],[120.04291,30.25733],[120.04186,30.25514],[120.03848,30.25397],[120.03497,30.25174],[120.03238,30.24907],[120.02823,30.24638],[120.02596,30.24109],[120.02189,30.23894],[120.01698,30.23869],[120.00941,30.23641],[120.00543,30.23418],[120.00372,30.23398],[119.99886,30.23185],[119.99605,30.22734],[119.99627,30.22204],[119.99751,30.21854],[119.99368,30.21555],[119.99201,30.21159],[119.99238,30.20731],[119.99443,30.20122],[119.99055,30.19767],[119.98617,30.19143],[119.98454,30.1865],[119.98591,30.18149],[119.98982,30.17807],[119.99443,30.17597]]]}},{"type":"Feature","id":"local-2-0","properties":{"id":"local-2-0","group":"local-2","placeIds":["xuanwu"],"alpha":0.62},"geometry":{"type":"Polygon","coordinates":[[[118.77906,32.09451],[118.78907,32.09226],[118.79504,32.09764],[118.8004,32.10003],[118.80974,32.09873],[118.81244,32.10065],[118.81409,32.10566],[118.82919,32.1081],[118.83701,32.10724],[118.84,32.10219],[118.84532,32.09953],[118.85298,32.09935],[118.85988,32.10241],[118.86953,32.10249],[118.87548,32.10535],[118.88072,32.10474],[118.88991,32.09826],[118.89549,32.09729],[118.90296,32.08875],[118.89106,32.08317],[118.88708,32.07608],[118.8817,32.07384],[118.88062,32.06849],[118.88297,32.05984],[118.88153,32.05414],[118.87846,32.04974],[118.87837,32.04679],[118.88265,32.03902],[118.89117,32.03345],[118.89174,32.02714],[118.88961,32.02484],[118.88141,32.02167],[118.87556,32.01713],[118.87196,32.01886],[118.86961,32.02305],[118.86684,32.0246],[118.85934,32.02577],[118.85471,32.02333],[118.85048,32.02366],[118.84599,32.02052],[118.84081,32.02158],[118.83858,32.0287],[118.83292,32.03106],[118.83335,32.03522],[118.83102,32.03973],[118.82863,32.04146],[118.82262,32.0409],[118.77908,32.04403],[118.77906,32.09451]]]}},{"type":"Feature","id":"local-2-1","properties":{"id":"local-2-1","group":"local-2","placeIds":["xuanwu"],"alpha":0.43},"geometry":{"type":"Polygon","coordinates":[[[118.77658,32.09619],[118.77796,32.0973],[118.77972,32.09743],[118.78821,32.09552],[118.79303,32.09987],[118.79918,32.10277],[118.80081,32.103],[118.80897,32.10187],[118.8099,32.10252],[118.81215,32.10794],[118.81361,32.10862],[118.82871,32.11106],[118.83864,32.10976],[118.84213,32.10447],[118.84606,32.10251],[118.85237,32.10236],[118.85985,32.10541],[118.86884,32.10549],[118.87419,32.10805],[118.87583,32.10833],[118.88106,32.10772],[118.88245,32.1072],[118.89109,32.1011],[118.896,32.10024],[118.89775,32.09926],[118.90522,32.09072],[118.90589,32.08813],[118.90423,32.08603],[118.8932,32.08086],[118.8897,32.07462],[118.88823,32.07331],[118.88432,32.07169],[118.8837,32.06859],[118.88586,32.06062],[118.88588,32.0591],[118.88444,32.05341],[118.88143,32.04875],[118.88139,32.04752],[118.88492,32.04112],[118.89375,32.03499],[118.89458,32.02617],[118.89069,32.02204],[118.8829,32.01903],[118.8774,32.01476],[118.87588,32.01415],[118.87426,32.01443],[118.87066,32.01616],[118.86934,32.0174],[118.86741,32.02084],[118.86584,32.02172],[118.85986,32.02266],[118.85611,32.02068],[118.85132,32.02059],[118.84771,32.01806],[118.84539,32.01758],[118.84021,32.01864],[118.8388,32.01935],[118.83795,32.02068],[118.83613,32.02647],[118.83177,32.02829],[118.83035,32.02953],[118.82994,32.03136],[118.83027,32.03464],[118.82869,32.03772],[118.82779,32.03837],[118.82241,32.0379],[118.77887,32.04104],[118.77746,32.0415],[118.77645,32.04259],[118.77608,32.04403],[118.77606,32.09451],[118.77658,32.09619]],[[118.77908,32.04403],[118.82262,32.0409],[118.82863,32.04146],[118.83102,32.03973],[118.83335,32.03522],[118.83292,32.03106],[118.83858,32.0287],[118.84081,32.02158],[118.84599,32.02052],[118.85048,32.02366],[118.85471,32.02333],[118.85934,32.02577],[118.86684,32.0246],[118.86961,32.02305],[118.87196,32.01886],[118.87556,32.01713],[118.88141,32.02167],[118.88961,32.02484],[118.89174,32.02714],[118.89117,32.03345],[118.88265,32.03902],[118.87837,32.04679],[118.87846,32.04974],[118.88153,32.05414],[118.88297,32.05984],[118.88062,32.06849],[118.8817,32.07384],[118.88708,32.07608],[118.89106,32.08317],[118.90296,32.08875],[118.89549,32.09729],[118.88991,32.09826],[118.88072,32.10474],[118.87548,32.10535],[118.86953,32.10249],[118.85988,32.10241],[118.85298,32.09935],[118.84532,32.09953],[118.84,32.10219],[118.83701,32.10724],[118.82919,32.1081],[118.81409,32.10566],[118.81244,32.10065],[118.80974,32.09873],[118.8004,32.10003],[118.79504,32.09764],[118.78907,32.09226],[118.77906,32.09451],[118.77908,32.04403]]]}},{"type":"Feature","id":"local-2-2","properties":{"id":"local-2-2","group":"local-2","placeIds":["xuanwu"],"alpha":0.25},"geometry":{"type":"Polygon","coordinates":[[[118.7741,32.09788],[118.77686,32.10009],[118.78038,32.10036],[118.78736,32.09879],[118.7926,32.10312],[118.79795,32.10551],[118.80122,32.10597],[118.80759,32.10509],[118.8084,32.10754],[118.8102,32.11022],[118.81314,32.11158],[118.82823,32.11402],[118.83767,32.1132],[118.84026,32.11228],[118.84217,32.11029],[118.84426,32.10676],[118.8468,32.10549],[118.85177,32.10538],[118.85745,32.10789],[118.85983,32.10841],[118.86814,32.10848],[118.87289,32.11076],[118.87617,32.11131],[118.88141,32.1107],[118.88417,32.10965],[118.89227,32.10394],[118.89652,32.1032],[118.90001,32.10124],[118.90747,32.0927],[118.90876,32.09027],[118.90883,32.08752],[118.90766,32.08503],[118.9055,32.08332],[118.89535,32.07856],[118.89231,32.07315],[118.88939,32.07054],[118.88695,32.06953],[118.88678,32.06869],[118.88876,32.06141],[118.88878,32.05837],[118.88735,32.05268],[118.88456,32.04799],[118.88718,32.04322],[118.89446,32.03847],[118.89632,32.03653],[118.89715,32.03398],[118.89771,32.02767],[118.89742,32.02519],[118.89401,32.02076],[118.89177,32.01924],[118.8844,32.01639],[118.87924,32.01239],[118.8762,32.01116],[118.87296,32.01172],[118.86936,32.01345],[118.86672,32.01593],[118.86485,32.01884],[118.86037,32.01954],[118.8575,32.01803],[118.85424,32.01735],[118.85216,32.01751],[118.8472,32.01464],[118.84479,32.01464],[118.83961,32.0157],[118.83679,32.01712],[118.83509,32.01978],[118.83369,32.02424],[118.83061,32.02552],[118.82777,32.02799],[118.82696,32.03167],[118.8272,32.03405],[118.82659,32.03524],[118.82219,32.03491],[118.77865,32.03804],[118.77584,32.03898],[118.77381,32.04115],[118.77308,32.04403],[118.77306,32.0945],[118.7741,32.09788]],[[118.77608,32.04403],[118.77645,32.04259],[118.77746,32.0415],[118.77887,32.04104],[118.82241,32.0379],[118.82779,32.03837],[118.82869,32.03772],[118.83027,32.03464],[118.82994,32.03136],[118.83035,32.02953],[118.83177,32.02829],[118.83613,32.02647],[118.83795,32.02068],[118.8388,32.01935],[118.84021,32.01864],[118.84539,32.01758],[118.84771,32.01806],[118.85132,32.02059],[118.85611,32.02068],[118.85986,32.02266],[118.86584,32.02172],[118.86741,32.02084],[118.86934,32.0174],[118.87066,32.01616],[118.87426,32.01443],[118.87588,32.01415],[118.8774,32.01476],[118.8829,32.01903],[118.89069,32.02204],[118.89458,32.02617],[118.89375,32.03499],[118.88492,32.04112],[118.88139,32.04752],[118.88143,32.04875],[118.88444,32.05341],[118.88588,32.0591],[118.88586,32.06062],[118.8837,32.06859],[118.88432,32.07169],[118.88823,32.07331],[118.8897,32.07462],[118.8932,32.08086],[118.90423,32.08603],[118.90589,32.08813],[118.90522,32.09072],[118.89775,32.09926],[118.896,32.10024],[118.89109,32.1011],[118.88245,32.1072],[118.88106,32.10772],[118.87583,32.10833],[118.87419,32.10805],[118.86884,32.10549],[118.85985,32.10541],[118.85237,32.10236],[118.84606,32.10251],[118.84213,32.10447],[118.83864,32.10976],[118.82871,32.11106],[118.81361,32.10862],[118.81215,32.10794],[118.8099,32.10252],[118.80897,32.10187],[118.80081,32.103],[118.79918,32.10277],[118.79303,32.09987],[118.78821,32.09552],[118.77972,32.09743],[118.77796,32.0973],[118.77658,32.09619],[118.77606,32.09451],[118.77608,32.04403]]]}},{"type":"Feature","id":"local-2-3","properties":{"id":"local-2-3","group":"local-2","placeIds":["xuanwu"],"alpha":0.11},"geometry":{"type":"Polygon","coordinates":[[[118.77162,32.09957],[118.77576,32.10288],[118.78104,32.10329],[118.7865,32.10206],[118.79138,32.10586],[118.79673,32.10825],[118.80163,32.10894],[118.80552,32.1084],[118.80825,32.11251],[118.81266,32.11454],[118.82775,32.11698],[118.838,32.11618],[118.84189,32.1148],[118.84475,32.11182],[118.8464,32.10905],[118.84754,32.10848],[118.85117,32.10839],[118.85624,32.11063],[118.8598,32.1114],[118.86745,32.11147],[118.87159,32.11346],[118.87652,32.11429],[118.88175,32.11368],[118.8859,32.1121],[118.89344,32.10678],[118.89703,32.10616],[118.90227,32.10321],[118.90973,32.09467],[118.91166,32.09103],[118.91176,32.0869],[118.91001,32.08316],[118.90678,32.0806],[118.89749,32.07625],[118.89493,32.07168],[118.89018,32.06762],[118.89165,32.06219],[118.89169,32.05764],[118.89026,32.05194],[118.88809,32.0478],[118.88945,32.04533],[118.8961,32.04098],[118.89889,32.03808],[118.90014,32.03425],[118.9007,32.02794],[118.90026,32.02422],[118.89834,32.02101],[118.89621,32.01872],[118.89285,32.01645],[118.88589,32.01375],[118.88108,32.01002],[118.87652,32.00818],[118.87167,32.00902],[118.86806,32.01075],[118.8641,32.01446],[118.86321,32.01606],[118.86089,32.01642],[118.8589,32.01537],[118.853,32.01444],[118.84781,32.01171],[118.84418,32.0117],[118.83901,32.01276],[118.83478,32.01489],[118.83223,32.01888],[118.83124,32.02201],[118.82945,32.02276],[118.82519,32.02646],[118.82397,32.03198],[118.77844,32.03505],[118.77421,32.03646],[118.77118,32.03971],[118.77008,32.04402],[118.77006,32.0945],[118.77162,32.09957]],[[118.77308,32.04403],[118.77381,32.04115],[118.77584,32.03898],[118.77865,32.03804],[118.82219,32.03491],[118.82659,32.03524],[118.8272,32.03405],[118.82696,32.03167],[118.82777,32.02799],[118.83061,32.02552],[118.83369,32.02424],[118.83509,32.01978],[118.83679,32.01712],[118.83961,32.0157],[118.84479,32.01464],[118.8472,32.01464],[118.85216,32.01751],[118.85424,32.01735],[118.8575,32.01803],[118.86037,32.01954],[118.86485,32.01884],[118.86672,32.01593],[118.86936,32.01345],[118.87296,32.01172],[118.8762,32.01116],[118.87924,32.01239],[118.8844,32.01639],[118.89177,32.01924],[118.89401,32.02076],[118.89742,32.02519],[118.89771,32.02767],[118.89715,32.03398],[118.89632,32.03653],[118.89446,32.03847],[118.88718,32.04322],[118.88456,32.04799],[118.88735,32.05268],[118.88878,32.05837],[118.88876,32.06141],[118.88678,32.06869],[118.88695,32.06953],[118.88939,32.07054],[118.89231,32.07315],[118.89535,32.07856],[118.9055,32.08332],[118.90766,32.08503],[118.90883,32.08752],[118.90876,32.09027],[118.90747,32.0927],[118.90001,32.10124],[118.89652,32.1032],[118.89227,32.10394],[118.88417,32.10965],[118.88141,32.1107],[118.87617,32.11131],[118.87289,32.11076],[118.86814,32.10848],[118.85983,32.10841],[118.85745,32.10789],[118.85177,32.10538],[118.8468,32.10549],[118.84426,32.10676],[118.84217,32.11029],[118.84026,32.11228],[118.83767,32.1132],[118.82823,32.11402],[118.81314,32.11158],[118.8102,32.11022],[118.8084,32.10754],[118.80759,32.10509],[118.80122,32.10597],[118.79795,32.10551],[118.7926,32.10312],[118.78736,32.09879],[118.78038,32.10036],[118.77686,32.10009],[118.7741,32.09788],[118.77306,32.0945],[118.77308,32.04403]]]}},{"type":"Feature","id":"local-2-4","properties":{"id":"local-2-4","group":"local-2","placeIds":["xuanwu"],"alpha":0.035},"geometry":{"type":"Polygon","coordinates":[[[118.76914,32.10125],[118.77466,32.10567],[118.7817,32.10621],[118.78564,32.10533],[118.79016,32.1086],[118.79551,32.11099],[118.80205,32.11192],[118.80418,32.11162],[118.80631,32.11479],[118.81218,32.11751],[118.82727,32.11994],[118.83833,32.11916],[118.84352,32.11732],[118.84734,32.11335],[118.84846,32.11146],[118.85057,32.11141],[118.85502,32.11338],[118.85977,32.1144],[118.86675,32.11447],[118.87029,32.11617],[118.87686,32.11727],[118.88209,32.11666],[118.88763,32.11455],[118.89462,32.10962],[118.89754,32.10911],[118.90453,32.10519],[118.91199,32.09665],[118.91457,32.09178],[118.9147,32.08628],[118.91236,32.0813],[118.90805,32.07788],[118.89964,32.07394],[118.89755,32.07021],[118.89355,32.06666],[118.89455,32.06298],[118.8946,32.05691],[118.89317,32.05121],[118.89157,32.0477],[118.89774,32.04349],[118.90146,32.03962],[118.90313,32.03452],[118.90369,32.02821],[118.90309,32.02325],[118.90054,32.01897],[118.89841,32.01668],[118.89394,32.01365],[118.88738,32.01111],[118.88292,32.00765],[118.87683,32.0052],[118.87037,32.00631],[118.86676,32.00804],[118.86134,32.01326],[118.85387,32.01139],[118.84842,32.00877],[118.84358,32.00876],[118.83841,32.00982],[118.83277,32.01267],[118.82936,32.01798],[118.8288,32.01978],[118.82261,32.02492],[118.82173,32.02893],[118.77822,32.03206],[118.77259,32.03393],[118.76855,32.03828],[118.76708,32.04402],[118.76706,32.0945],[118.76914,32.10125]],[[118.77008,32.04402],[118.77118,32.03971],[118.77421,32.03646],[118.77844,32.03505],[118.82397,32.03198],[118.82519,32.02646],[118.82945,32.02276],[118.83124,32.02201],[118.83223,32.01888],[118.83478,32.01489],[118.83901,32.01276],[118.84418,32.0117],[118.84781,32.01171],[118.853,32.01444],[118.8589,32.01537],[118.86089,32.01642],[118.86321,32.01606],[118.8641,32.01446],[118.86806,32.01075],[118.87167,32.00902],[118.87652,32.00818],[118.88108,32.01002],[118.88589,32.01375],[118.89285,32.01645],[118.89621,32.01872],[118.89834,32.02101],[118.90026,32.02422],[118.9007,32.02794],[118.90014,32.03425],[118.89889,32.03808],[118.8961,32.04098],[118.88945,32.04533],[118.88809,32.0478],[118.89026,32.05194],[118.89169,32.05764],[118.89165,32.06219],[118.89018,32.06762],[118.89493,32.07168],[118.89749,32.07625],[118.90678,32.0806],[118.91001,32.08316],[118.91176,32.0869],[118.91166,32.09103],[118.90973,32.09467],[118.90227,32.10321],[118.89703,32.10616],[118.89344,32.10678],[118.8859,32.1121],[118.88175,32.11368],[118.87652,32.11429],[118.87159,32.11346],[118.86745,32.11147],[118.8598,32.1114],[118.85624,32.11063],[118.85117,32.10839],[118.84754,32.10848],[118.8464,32.10905],[118.84475,32.11182],[118.84189,32.1148],[118.838,32.11618],[118.82775,32.11698],[118.81266,32.11454],[118.80825,32.11251],[118.80552,32.1084],[118.80163,32.10894],[118.79673,32.10825],[118.79138,32.10586],[118.7865,32.10206],[118.78104,32.10329],[118.77576,32.10288],[118.77162,32.09957],[118.77006,32.0945],[118.77008,32.04402]]]}},{"type":"Feature","id":"local-3-0","properties":{"id":"local-3-0","group":"local-3","placeIds":["kunshan"],"alpha":0.62},"geometry":{"type":"Polygon","coordinates":[[[120.799,31.50879],[120.80154,31.51672],[120.80875,31.52163],[120.82438,31.52027],[120.84269,31.52089],[120.8459,31.50985],[120.84768,31.50781],[120.85403,31.50608],[120.8573,31.50642],[120.8599,31.50845],[120.86128,31.51267],[120.8673,31.51648],[120.86986,31.51961],[120.87376,31.53007],[120.87747,31.5318],[120.87965,31.53501],[120.88836,31.53673],[120.89116,31.5422],[120.89764,31.53703],[120.89947,31.53083],[120.90235,31.52913],[120.90714,31.52958],[120.91146,31.52428],[120.91722,31.52421],[120.93041,31.53098],[120.93456,31.52799],[120.93576,31.52182],[120.94714,31.51291],[120.94867,31.50926],[120.95573,31.50355],[120.96019,31.50352],[120.96429,31.49874],[120.97597,31.49423],[120.98246,31.49655],[120.99347,31.49619],[120.99932,31.49385],[121.0049,31.49325],[121.01028,31.48617],[121.00846,31.47994],[121.00886,31.47242],[121.00413,31.46863],[121.00357,31.46324],[121.00709,31.4559],[121.01404,31.45322],[121.01301,31.44438],[121.01385,31.44045],[121.02009,31.43253],[121.03176,31.43423],[121.0441,31.42708],[121.04716,31.4277],[121.05117,31.43196],[121.0564,31.4315],[121.06541,31.42488],[121.06919,31.42555],[121.08332,31.43315],[121.09227,31.42131],[121.08919,31.41874],[121.08768,31.41237],[121.08037,31.40023],[121.07958,31.39554],[121.08104,31.39188],[121.08619,31.38757],[121.09364,31.38547],[121.09666,31.37478],[121.10246,31.36731],[121.10426,31.35618],[121.1068,31.35418],[121.11231,31.35391],[121.11832,31.34628],[121.12526,31.346],[121.12522,31.33939],[121.12863,31.33202],[121.1287,31.32862],[121.12313,31.31965],[121.12559,31.30916],[121.12802,31.30703],[121.1312,31.30646],[121.13965,31.31072],[121.14652,31.30175],[121.14757,31.29436],[121.15503,31.28888],[121.15747,31.28418],[121.15163,31.28212],[121.14838,31.27846],[121.1431,31.27734],[121.11243,31.28665],[121.09846,31.27604],[121.09383,31.27924],[121.08932,31.28889],[121.08309,31.28997],[121.08081,31.28859],[121.07865,31.28449],[121.07832,31.2816],[121.08012,31.27788],[121.07695,31.27287],[121.06302,31.27062],[121.0587,31.26763],[121.0573,31.25466],[121.05997,31.24929],[121.05881,31.24085],[121.0594,31.23715],[121.06245,31.23398],[121.0587,31.22665],[121.05873,31.2241],[121.06425,31.20026],[121.06831,31.19519],[121.06774,31.18906],[121.07031,31.18561],[121.0683,31.18062],[121.07274,31.16371],[121.07181,31.16077],[121.06508,31.15394],[121.06383,31.15029],[121.06065,31.15076],[121.0574,31.1538],[121.0454,31.15251],[121.04252,31.15108],[121.03601,31.13989],[121.03172,31.13973],[121.02779,31.14346],[121.02359,31.1436],[121.02042,31.14292],[121.01283,31.13622],[120.97849,31.13402],[120.94702,31.14071],[120.92703,31.14353],[120.91192,31.13843],[120.90139,31.13673],[120.89335,31.13832],[120.87842,31.13716],[120.87466,31.13543],[120.86884,31.12965],[120.86485,31.12039],[120.85772,31.11466],[120.85199,31.10744],[120.83995,31.11662],[120.81831,31.1279],[120.81192,31.15084],[120.81668,31.15314],[120.81859,31.15573],[120.81892,31.16745],[120.81632,31.17011],[120.79968,31.17901],[120.8176,31.2043],[120.84986,31.22174],[120.87472,31.21211],[120.87861,31.21194],[120.88888,31.21496],[120.89521,31.22148],[120.89589,31.22809],[120.89291,31.23642],[120.88424,31.24186],[120.88288,31.25201],[120.87805,31.26669],[120.87436,31.2706],[120.87645,31.27668],[120.87606,31.28476],[120.87242,31.29227],[120.86694,31.29527],[120.86642,31.29844],[120.86076,31.30865],[120.84983,31.33643],[120.84802,31.3448],[120.84845,31.35029],[120.84424,31.36279],[120.84241,31.36548],[120.83281,31.37095],[120.82268,31.37293],[120.81527,31.37182],[120.81802,31.38035],[120.81638,31.39357],[120.81929,31.41171],[120.82565,31.43602],[120.82384,31.45882],[120.81763,31.48293],[120.80877,31.49422],[120.80999,31.50214],[120.80597,31.50642],[120.799,31.50879]]]}},{"type":"Feature","id":"local-3-1","properties":{"id":"local-3-1","group":"local-3","placeIds":["kunshan"],"alpha":0.43},"geometry":{"type":"Polygon","coordinates":[[[120.79676,31.5068],[120.79607,31.50817],[120.79615,31.50971],[120.79869,31.51763],[120.79985,31.5192],[120.80706,31.52411],[120.80901,31.52462],[120.82446,31.52327],[120.84388,31.52365],[120.84557,31.52173],[120.8486,31.51132],[120.84935,31.51046],[120.85427,31.50912],[120.85614,31.50932],[120.85734,31.51025],[120.85843,31.5136],[120.85968,31.5152],[120.86528,31.51875],[120.86722,31.52112],[120.87095,31.53112],[120.8725,31.53279],[120.87545,31.53416],[120.87716,31.53669],[120.87907,31.53796],[120.88635,31.53939],[120.88849,31.54357],[120.88971,31.54483],[120.89141,31.54519],[120.89303,31.54455],[120.89951,31.53938],[120.90052,31.53788],[120.90201,31.53281],[120.90304,31.53221],[120.9083,31.53235],[120.9129,31.52726],[120.91651,31.52722],[120.92904,31.53365],[120.93063,31.53398],[120.93216,31.53342],[120.93631,31.53042],[120.9375,31.52856],[120.93849,31.52349],[120.94899,31.51527],[120.95114,31.51111],[120.9568,31.50654],[120.96145,31.50624],[120.96607,31.50127],[120.97601,31.49743],[120.98256,31.49954],[120.99357,31.49919],[121.00005,31.49678],[121.00638,31.49586],[121.01323,31.48672],[121.01149,31.47959],[121.01159,31.47119],[121.00699,31.46708],[121.00664,31.46377],[121.00928,31.45827],[121.01512,31.45602],[121.01689,31.45418],[121.01605,31.44452],[121.01664,31.44175],[121.02137,31.43575],[121.03133,31.4372],[121.03327,31.43682],[121.04462,31.43025],[121.04563,31.43046],[121.0501,31.43476],[121.05666,31.43449],[121.05818,31.43392],[121.06615,31.42806],[121.0682,31.42842],[121.08326,31.43615],[121.08463,31.43585],[121.08572,31.43496],[121.09467,31.42312],[121.09524,31.42173],[121.09507,31.42023],[121.09188,31.41708],[121.09025,31.41082],[121.08324,31.39916],[121.08268,31.39587],[121.08355,31.39369],[121.08763,31.39028],[121.09576,31.38759],[121.09652,31.38628],[121.09939,31.37616],[121.10542,31.36779],[121.10703,31.35781],[121.10791,31.35713],[121.11369,31.35658],[121.11982,31.34922],[121.12538,31.34899],[121.12683,31.34855],[121.12788,31.34745],[121.12822,31.34004],[121.13135,31.33328],[121.1317,31.32869],[121.13125,31.32704],[121.12634,31.31913],[121.1283,31.31078],[121.12937,31.30983],[121.13074,31.30959],[121.13831,31.3134],[121.14098,31.31341],[121.14204,31.31254],[121.14891,31.30358],[121.15037,31.29603],[121.15769,31.29026],[121.16014,31.28556],[121.16046,31.2839],[121.15984,31.28233],[121.15847,31.28135],[121.15336,31.27955],[121.15062,31.27646],[121.14899,31.27552],[121.14372,31.27441],[121.14223,31.27447],[121.11303,31.28334],[121.10027,31.27365],[121.09852,31.27304],[121.09675,31.27357],[121.09213,31.27677],[121.09112,31.27797],[121.08726,31.2862],[121.08368,31.28682],[121.08156,31.28359],[121.0814,31.28212],[121.08311,31.2777],[121.08265,31.27627],[121.0786,31.27037],[121.06417,31.26776],[121.06153,31.26595],[121.06038,31.25522],[121.06266,31.25063],[121.06294,31.24888],[121.06184,31.24088],[121.06222,31.23855],[121.06461,31.23606],[121.06542,31.23442],[121.06512,31.23261],[121.06171,31.22595],[121.06173,31.22446],[121.06701,31.2016],[121.07065,31.19707],[121.07129,31.19492],[121.07083,31.18993],[121.07329,31.18599],[121.07146,31.18042],[121.07564,31.16447],[121.07467,31.15986],[121.0677,31.15232],[121.06593,31.14815],[121.06339,31.14732],[121.06021,31.14779],[121.0586,31.14857],[121.05635,31.15067],[121.04626,31.14958],[121.04466,31.14879],[121.0386,31.13838],[121.03755,31.13732],[121.03612,31.13689],[121.03066,31.13692],[121.02655,31.1405],[121.02386,31.14059],[121.02182,31.14015],[121.01481,31.13397],[121.01302,31.13322],[120.97786,31.13109],[120.9465,31.13776],[120.92732,31.14046],[120.91288,31.13559],[120.90187,31.13376],[120.89317,31.13529],[120.87919,31.13421],[120.87639,31.13293],[120.87136,31.12793],[120.86673,31.11805],[120.85986,31.11253],[120.85434,31.10557],[120.85311,31.10465],[120.85158,31.10446],[120.85017,31.10505],[120.83833,31.11408],[120.81598,31.12601],[120.80898,31.15141],[120.81062,31.15354],[120.8147,31.15552],[120.81562,31.15675],[120.81589,31.16627],[120.8145,31.16769],[120.79827,31.17637],[120.79707,31.17754],[120.79669,31.17917],[120.79723,31.18075],[120.81515,31.20603],[120.84967,31.22474],[120.87534,31.21509],[120.87824,31.21496],[120.88727,31.21762],[120.89233,31.22282],[120.89283,31.22772],[120.89044,31.23443],[120.88171,31.24024],[120.87994,31.25134],[120.87541,31.26512],[120.87218,31.26855],[120.87143,31.26997],[120.87153,31.27158],[120.87342,31.27711],[120.87309,31.284],[120.87014,31.2901],[120.8645,31.29354],[120.86354,31.29743],[120.85797,31.30755],[120.84704,31.33533],[120.84509,31.34416],[120.84541,31.34991],[120.84153,31.36144],[120.84032,31.36321],[120.83175,31.3681],[120.82261,31.36989],[120.81422,31.36901],[120.81298,31.36988],[120.81233,31.37124],[120.81242,31.37274],[120.81496,31.38064],[120.81341,31.39405],[120.81639,31.41247],[120.82262,31.43628],[120.82087,31.45833],[120.81489,31.48157],[120.80587,31.49346],[120.8068,31.50115],[120.8043,31.50382],[120.79804,31.50595],[120.79676,31.5068]],[[120.80597,31.50642],[120.80999,31.50214],[120.80877,31.49422],[120.81763,31.48293],[120.82384,31.45882],[120.82565,31.43602],[120.81929,31.41171],[120.81638,31.39357],[120.81802,31.38035],[120.81527,31.37182],[120.82268,31.37293],[120.83281,31.37095],[120.84241,31.36548],[120.84424,31.36279],[120.84845,31.35029],[120.84802,31.3448],[120.84983,31.33643],[120.86076,31.30865],[120.86642,31.29844],[120.86694,31.29527],[120.87242,31.29227],[120.87606,31.28476],[120.87645,31.27668],[120.87436,31.2706],[120.87805,31.26669],[120.88288,31.25201],[120.88424,31.24186],[120.89291,31.23642],[120.89589,31.22809],[120.89521,31.22148],[120.88888,31.21496],[120.87861,31.21194],[120.87472,31.21211],[120.84986,31.22174],[120.8176,31.2043],[120.79968,31.17901],[120.81632,31.17011],[120.81892,31.16745],[120.81859,31.15573],[120.81668,31.15314],[120.81192,31.15084],[120.81831,31.1279],[120.83995,31.11662],[120.85199,31.10744],[120.85772,31.11466],[120.86485,31.12039],[120.86884,31.12965],[120.87466,31.13543],[120.87842,31.13716],[120.89335,31.13832],[120.90139,31.13673],[120.91192,31.13843],[120.92703,31.14353],[120.94702,31.14071],[120.97849,31.13402],[121.01283,31.13622],[121.02042,31.14292],[121.02359,31.1436],[121.02779,31.14346],[121.03172,31.13973],[121.03601,31.13989],[121.04252,31.15108],[121.0454,31.15251],[121.0574,31.1538],[121.06065,31.15076],[121.06383,31.15029],[121.06508,31.15394],[121.07181,31.16077],[121.07274,31.16371],[121.0683,31.18062],[121.07031,31.18561],[121.06774,31.18906],[121.06831,31.19519],[121.06425,31.20026],[121.05873,31.2241],[121.0587,31.22665],[121.06245,31.23398],[121.0594,31.23715],[121.05881,31.24085],[121.05997,31.24929],[121.0573,31.25466],[121.0587,31.26763],[121.06302,31.27062],[121.07695,31.27287],[121.08012,31.27788],[121.07832,31.2816],[121.07865,31.28449],[121.08081,31.28859],[121.08309,31.28997],[121.08932,31.28889],[121.09383,31.27924],[121.09846,31.27604],[121.11243,31.28665],[121.1431,31.27734],[121.14838,31.27846],[121.15163,31.28212],[121.15747,31.28418],[121.15503,31.28888],[121.14757,31.29436],[121.14652,31.30175],[121.13965,31.31072],[121.1312,31.30646],[121.12802,31.30703],[121.12559,31.30916],[121.12313,31.31965],[121.1287,31.32862],[121.12863,31.33202],[121.12522,31.33939],[121.12526,31.346],[121.11832,31.34628],[121.11231,31.35391],[121.1068,31.35418],[121.10426,31.35618],[121.10246,31.36731],[121.09666,31.37478],[121.09364,31.38547],[121.08619,31.38757],[121.08104,31.39188],[121.07958,31.39554],[121.08037,31.40023],[121.08768,31.41237],[121.08919,31.41874],[121.09227,31.42131],[121.08332,31.43315],[121.06919,31.42555],[121.06541,31.42488],[121.0564,31.4315],[121.05117,31.43196],[121.04716,31.4277],[121.0441,31.42708],[121.03176,31.43423],[121.02009,31.43253],[121.01385,31.44045],[121.01301,31.44438],[121.01404,31.45322],[121.00709,31.4559],[121.00357,31.46324],[121.00413,31.46863],[121.00886,31.47242],[121.00846,31.47994],[121.01028,31.48617],[121.0049,31.49325],[120.99932,31.49385],[120.99347,31.49619],[120.98246,31.49655],[120.97597,31.49423],[120.96429,31.49874],[120.96019,31.50352],[120.95573,31.50355],[120.94867,31.50926],[120.94714,31.51291],[120.93576,31.52182],[120.93456,31.52799],[120.93041,31.53098],[120.91722,31.52421],[120.91146,31.52428],[120.90714,31.52958],[120.90235,31.52913],[120.89947,31.53083],[120.89764,31.53703],[120.89116,31.5422],[120.88836,31.53673],[120.87965,31.53501],[120.87747,31.5318],[120.87376,31.53007],[120.86986,31.51961],[120.8673,31.51648],[120.86128,31.51267],[120.8599,31.50845],[120.8573,31.50642],[120.85403,31.50608],[120.84768,31.50781],[120.8459,31.50985],[120.84269,31.52089],[120.82438,31.52027],[120.80875,31.52163],[120.80154,31.51672],[120.799,31.50879],[120.80597,31.50642]]]}},{"type":"Feature","id":"local-3-2","properties":{"id":"local-3-2","group":"local-3","placeIds":["kunshan"],"alpha":0.25},"geometry":{"type":"Polygon","coordinates":[[[120.79451,31.50481],[120.79313,31.50756],[120.79329,31.51062],[120.79583,31.51855],[120.79816,31.52168],[120.80537,31.52659],[120.80927,31.52761],[120.82454,31.52627],[120.84249,31.52689],[120.84506,31.5264],[120.84719,31.52486],[120.84845,31.52257],[120.85122,31.51306],[120.85482,31.51219],[120.85558,31.51453],[120.85807,31.51774],[120.86327,31.52103],[120.86458,31.52264],[120.86814,31.53217],[120.87123,31.53551],[120.87343,31.53653],[120.87467,31.53837],[120.87849,31.5409],[120.88435,31.54205],[120.88582,31.54494],[120.88825,31.54745],[120.89166,31.54818],[120.89491,31.54689],[120.90138,31.54172],[120.90339,31.53873],[120.90439,31.53535],[120.90946,31.53511],[120.91179,31.53337],[120.91434,31.53025],[120.9158,31.53023],[120.92767,31.53632],[120.93086,31.53697],[120.93392,31.53585],[120.93807,31.53286],[120.94045,31.52914],[120.94122,31.52517],[120.95084,31.51763],[120.95267,31.51523],[120.95362,31.51297],[120.95787,31.50954],[120.96271,31.50897],[120.96474,31.50743],[120.96786,31.5038],[120.97605,31.50063],[120.98265,31.50254],[120.99366,31.50219],[121.00078,31.49972],[121.00554,31.49921],[121.00785,31.49847],[121.00968,31.49688],[121.01505,31.4898],[121.01618,31.48727],[121.01604,31.4845],[121.01451,31.47924],[121.01485,31.47273],[121.01433,31.46997],[121.01261,31.46774],[121.00984,31.46552],[121.00972,31.4643],[121.01147,31.46064],[121.0162,31.45882],[121.01838,31.45737],[121.01973,31.45513],[121.02,31.45253],[121.01909,31.44466],[121.01943,31.44306],[121.02266,31.43897],[121.0309,31.44017],[121.03477,31.43942],[121.04459,31.43373],[121.0468,31.43607],[121.04903,31.43756],[121.05168,31.43793],[121.05692,31.43748],[121.05995,31.43634],[121.06689,31.43124],[121.08048,31.43843],[121.0832,31.43915],[121.08594,31.43855],[121.08811,31.43677],[121.09706,31.42493],[121.09821,31.42214],[121.09787,31.41915],[121.09457,31.41541],[121.09282,31.40927],[121.0861,31.3981],[121.08605,31.39551],[121.08906,31.39299],[121.09526,31.39124],[121.09787,31.38971],[121.09941,31.3871],[121.10212,31.37754],[121.1072,31.37099],[121.10838,31.36827],[121.10971,31.36004],[121.11506,31.35924],[121.11703,31.35762],[121.12133,31.35216],[121.1255,31.35199],[121.12841,31.3511],[121.13051,31.3489],[121.13126,31.34596],[121.13123,31.3407],[121.13407,31.33453],[121.1347,31.32876],[121.1338,31.32546],[121.12954,31.3186],[121.13085,31.31301],[121.13696,31.31608],[121.13962,31.31672],[121.1423,31.3161],[121.14442,31.31437],[121.15129,31.3054],[121.15246,31.30259],[121.15316,31.2977],[121.15858,31.29371],[121.16035,31.29164],[121.1628,31.28694],[121.16345,31.28363],[121.16221,31.28049],[121.15947,31.27852],[121.15509,31.27697],[121.15286,31.27447],[121.14961,31.27258],[121.14434,31.27147],[121.14135,31.2716],[121.11362,31.28002],[121.10208,31.27126],[121.09859,31.27004],[121.09504,31.27111],[121.09042,31.27431],[121.0884,31.27669],[121.08494,31.28356],[121.08448,31.28265],[121.08552,31.28049],[121.08611,31.27753],[121.08519,31.27467],[121.08202,31.26966],[121.08026,31.26786],[121.07791,31.26695],[121.06531,31.26491],[121.06437,31.26426],[121.06345,31.25577],[121.06534,31.25197],[121.06592,31.24847],[121.06487,31.24092],[121.06503,31.23996],[121.06678,31.23814],[121.06839,31.23485],[121.06779,31.23125],[121.06473,31.22482],[121.06978,31.20294],[121.07299,31.19894],[121.07428,31.19464],[121.07393,31.1908],[121.07626,31.18638],[121.07588,31.18336],[121.07461,31.18022],[121.07854,31.16523],[121.07846,31.1619],[121.07753,31.15895],[121.07608,31.15656],[121.07031,31.1507],[121.06804,31.14601],[121.06569,31.14458],[121.06295,31.14435],[121.05977,31.14482],[121.05655,31.14638],[121.05531,31.14754],[121.04711,31.14666],[121.04119,31.13687],[121.03909,31.13474],[121.03623,31.13389],[121.0296,31.13412],[121.02531,31.13754],[121.02413,31.13758],[121.02322,31.13738],[121.0168,31.13172],[121.01321,31.13023],[120.97724,31.12816],[120.94598,31.1348],[120.9276,31.13739],[120.91384,31.13275],[120.90235,31.1308],[120.89299,31.13227],[120.87995,31.13126],[120.87813,31.13042],[120.87389,31.12621],[120.87036,31.11801],[120.86861,31.11571],[120.86201,31.1104],[120.85668,31.1037],[120.85423,31.10187],[120.85118,31.10149],[120.84835,31.10267],[120.83672,31.11154],[120.81554,31.12258],[120.81365,31.12412],[120.81253,31.12629],[120.80614,31.14923],[120.80603,31.15198],[120.80717,31.1545],[120.80931,31.15624],[120.81265,31.15785],[120.81285,31.16508],[120.79685,31.17372],[120.79446,31.17606],[120.79369,31.17932],[120.79479,31.18248],[120.8127,31.20777],[120.81474,31.20958],[120.84701,31.22702],[120.84948,31.22773],[120.85203,31.22734],[120.87597,31.21806],[120.87787,31.21798],[120.88567,31.22027],[120.88945,31.22417],[120.88978,31.22735],[120.88796,31.23244],[120.88105,31.23678],[120.87919,31.23861],[120.87829,31.24107],[120.87701,31.25066],[120.87276,31.26354],[120.86999,31.26649],[120.8685,31.26934],[120.86869,31.27255],[120.8704,31.27754],[120.87013,31.28324],[120.86785,31.28793],[120.86406,31.29001],[120.86205,31.2918],[120.86067,31.29643],[120.85517,31.30646],[120.84424,31.33424],[120.84216,31.34353],[120.84237,31.34954],[120.83882,31.36009],[120.83823,31.36095],[120.83069,31.36525],[120.82254,31.36685],[120.81616,31.36589],[120.81316,31.3662],[120.8107,31.36794],[120.80939,31.37065],[120.80956,31.37366],[120.8119,31.38093],[120.81045,31.39452],[120.81348,31.41323],[120.81959,31.43655],[120.8179,31.45783],[120.81214,31.48021],[120.80405,31.49052],[120.80297,31.4927],[120.80284,31.49514],[120.80361,31.50016],[120.80262,31.50122],[120.79707,31.50311],[120.79451,31.50481]],[[120.8043,31.50382],[120.8068,31.50115],[120.80587,31.49346],[120.81489,31.48157],[120.82087,31.45833],[120.82262,31.43628],[120.81639,31.41247],[120.81341,31.39405],[120.81496,31.38064],[120.81242,31.37274],[120.81233,31.37124],[120.81298,31.36988],[120.81422,31.36901],[120.82261,31.36989],[120.83175,31.3681],[120.84032,31.36321],[120.84153,31.36144],[120.84541,31.34991],[120.84509,31.34416],[120.84704,31.33533],[120.85797,31.30755],[120.86354,31.29743],[120.8645,31.29354],[120.87014,31.2901],[120.87309,31.284],[120.87342,31.27711],[120.87153,31.27158],[120.87143,31.26997],[120.87218,31.26855],[120.87541,31.26512],[120.87994,31.25134],[120.88171,31.24024],[120.89044,31.23443],[120.89283,31.22772],[120.89233,31.22282],[120.88727,31.21762],[120.87824,31.21496],[120.87534,31.21509],[120.84967,31.22474],[120.81515,31.20603],[120.79723,31.18075],[120.79669,31.17917],[120.79707,31.17754],[120.79827,31.17637],[120.8145,31.16769],[120.81589,31.16627],[120.81562,31.15675],[120.8147,31.15552],[120.81062,31.15354],[120.80898,31.15141],[120.81598,31.12601],[120.83833,31.11408],[120.85017,31.10505],[120.85158,31.10446],[120.85311,31.10465],[120.85434,31.10557],[120.85986,31.11253],[120.86673,31.11805],[120.87136,31.12793],[120.87639,31.13293],[120.87919,31.13421],[120.89317,31.13529],[120.90187,31.13376],[120.91288,31.13559],[120.92732,31.14046],[120.9465,31.13776],[120.97786,31.13109],[121.01302,31.13322],[121.01481,31.13397],[121.02182,31.14015],[121.02386,31.14059],[121.02655,31.1405],[121.03066,31.13692],[121.03612,31.13689],[121.03755,31.13732],[121.0386,31.13838],[121.04466,31.14879],[121.04626,31.14958],[121.05635,31.15067],[121.0586,31.14857],[121.06021,31.14779],[121.06339,31.14732],[121.06593,31.14815],[121.0677,31.15232],[121.07467,31.15986],[121.07564,31.16447],[121.07146,31.18042],[121.07329,31.18599],[121.07083,31.18993],[121.07129,31.19492],[121.07065,31.19707],[121.06701,31.2016],[121.06173,31.22446],[121.06171,31.22595],[121.06512,31.23261],[121.06542,31.23442],[121.06461,31.23606],[121.06222,31.23855],[121.06184,31.24088],[121.06294,31.24888],[121.06266,31.25063],[121.06038,31.25522],[121.06153,31.26595],[121.06417,31.26776],[121.0786,31.27037],[121.08265,31.27627],[121.08311,31.2777],[121.0814,31.28212],[121.08156,31.28359],[121.08368,31.28682],[121.08726,31.2862],[121.09112,31.27797],[121.09213,31.27677],[121.09675,31.27357],[121.09852,31.27304],[121.10027,31.27365],[121.11303,31.28334],[121.14223,31.27447],[121.14372,31.27441],[121.14899,31.27552],[121.15062,31.27646],[121.15336,31.27955],[121.15847,31.28135],[121.15984,31.28233],[121.16046,31.2839],[121.16014,31.28556],[121.15769,31.29026],[121.15037,31.29603],[121.14891,31.30358],[121.14204,31.31254],[121.14098,31.31341],[121.13831,31.3134],[121.13074,31.30959],[121.12937,31.30983],[121.1283,31.31078],[121.12634,31.31913],[121.13125,31.32704],[121.1317,31.32869],[121.13135,31.33328],[121.12822,31.34004],[121.12788,31.34745],[121.12683,31.34855],[121.12538,31.34899],[121.11982,31.34922],[121.11369,31.35658],[121.10791,31.35713],[121.10703,31.35781],[121.10542,31.36779],[121.09939,31.37616],[121.09652,31.38628],[121.09576,31.38759],[121.08763,31.39028],[121.08355,31.39369],[121.08268,31.39587],[121.08324,31.39916],[121.09025,31.41082],[121.09188,31.41708],[121.09507,31.42023],[121.09524,31.42173],[121.09467,31.42312],[121.08572,31.43496],[121.08463,31.43585],[121.08326,31.43615],[121.0682,31.42842],[121.06615,31.42806],[121.05818,31.43392],[121.05666,31.43449],[121.0501,31.43476],[121.04563,31.43046],[121.04462,31.43025],[121.03327,31.43682],[121.03133,31.4372],[121.02137,31.43575],[121.01664,31.44175],[121.01605,31.44452],[121.01689,31.45418],[121.01512,31.45602],[121.00928,31.45827],[121.00664,31.46377],[121.00699,31.46708],[121.01159,31.47119],[121.01149,31.47959],[121.01323,31.48672],[121.00638,31.49586],[121.00005,31.49678],[120.99357,31.49919],[120.98256,31.49954],[120.97601,31.49743],[120.96607,31.50127],[120.96145,31.50624],[120.9568,31.50654],[120.95114,31.51111],[120.94899,31.51527],[120.93849,31.52349],[120.9375,31.52856],[120.93631,31.53042],[120.93216,31.53342],[120.93063,31.53398],[120.92904,31.53365],[120.91651,31.52722],[120.9129,31.52726],[120.9083,31.53235],[120.90304,31.53221],[120.90201,31.53281],[120.90052,31.53788],[120.89951,31.53938],[120.89303,31.54455],[120.89141,31.54519],[120.88971,31.54483],[120.88849,31.54357],[120.88635,31.53939],[120.87907,31.53796],[120.87716,31.53669],[120.87545,31.53416],[120.8725,31.53279],[120.87095,31.53112],[120.86722,31.52112],[120.86528,31.51875],[120.85968,31.5152],[120.85843,31.5136],[120.85734,31.51025],[120.85614,31.50932],[120.85427,31.50912],[120.84935,31.51046],[120.8486,31.51132],[120.84557,31.52173],[120.84388,31.52365],[120.82446,31.52327],[120.80901,31.52462],[120.80706,31.52411],[120.79985,31.5192],[120.79869,31.51763],[120.79615,31.50971],[120.79607,31.50817],[120.79676,31.5068],[120.79804,31.50595],[120.8043,31.50382]]]}},{"type":"Feature","id":"local-3-3","properties":{"id":"local-3-3","group":"local-3","placeIds":["kunshan"],"alpha":0.11},"geometry":{"type":"Polygon","coordinates":[[[120.79227,31.50282],[120.7902,31.50694],[120.79043,31.51154],[120.79297,31.51947],[120.79647,31.52415],[120.80368,31.52907],[120.80953,31.5306],[120.82462,31.52928],[120.84238,31.52988],[120.84625,31.52916],[120.84943,31.52685],[120.85133,31.52341],[120.85339,31.51632],[120.85647,31.52027],[120.86194,31.52415],[120.86533,31.53322],[120.86997,31.53823],[120.87791,31.54384],[120.88234,31.54472],[120.88315,31.5463],[120.88679,31.55007],[120.89191,31.55117],[120.89678,31.54924],[120.90325,31.54407],[120.90659,31.5385],[120.91062,31.53788],[120.91412,31.53526],[120.91557,31.53348],[120.92629,31.53899],[120.93108,31.53996],[120.93567,31.53828],[120.93982,31.53529],[120.94339,31.52971],[120.94395,31.52684],[120.95269,31.52],[120.95609,31.51483],[120.95893,31.51253],[120.96397,31.51169],[120.96701,31.50939],[120.96964,31.50632],[120.97609,31.50383],[120.97944,31.50502],[120.98275,31.50554],[120.99376,31.50519],[120.99682,31.50454],[121.00151,31.50266],[121.00586,31.5022],[121.00933,31.50108],[121.01207,31.49869],[121.01744,31.49161],[121.01913,31.48781],[121.01892,31.48366],[121.01753,31.47889],[121.01784,31.47289],[121.01707,31.46874],[121.01306,31.46426],[121.01366,31.46302],[121.01728,31.46162],[121.02054,31.45945],[121.02258,31.45609],[121.02298,31.45218],[121.02213,31.4448],[121.02394,31.44219],[121.03047,31.44313],[121.03628,31.44202],[121.04404,31.43752],[121.04796,31.44037],[121.05194,31.44092],[121.05718,31.44047],[121.06173,31.43875],[121.06723,31.43471],[121.07906,31.44108],[121.08313,31.44215],[121.08725,31.44125],[121.0905,31.43858],[121.09945,31.42674],[121.10119,31.42256],[121.10067,31.41807],[121.09726,31.41375],[121.09539,31.40772],[121.08895,31.39699],[121.09049,31.3957],[121.09608,31.39413],[121.09999,31.39183],[121.10229,31.38792],[121.10485,31.37892],[121.10957,31.37283],[121.11134,31.36875],[121.11228,31.36292],[121.11644,31.36191],[121.11938,31.35948],[121.12283,31.3551],[121.12563,31.35499],[121.12998,31.35365],[121.13313,31.35036],[121.13426,31.34595],[121.13423,31.34135],[121.1368,31.33579],[121.13762,31.33222],[121.1377,31.32883],[121.13635,31.32388],[121.13275,31.31807],[121.13291,31.3174],[121.13561,31.31876],[121.13961,31.31972],[121.14362,31.3188],[121.1468,31.31619],[121.15367,31.30723],[121.15544,31.30302],[121.15595,31.29937],[121.16036,31.29613],[121.16302,31.29303],[121.16546,31.28833],[121.16644,31.28336],[121.16458,31.27865],[121.16046,31.27569],[121.15681,31.2744],[121.1551,31.27248],[121.15023,31.26965],[121.14495,31.26854],[121.14048,31.26873],[121.11422,31.2767],[121.1039,31.26887],[121.09865,31.26704],[121.09333,31.26864],[121.0877,31.27303],[121.08456,31.26806],[121.08191,31.26536],[121.07839,31.26399],[121.06716,31.26217],[121.06653,31.25632],[121.06803,31.2533],[121.06889,31.24806],[121.06795,31.24125],[121.06894,31.24022],[121.07135,31.23529],[121.07046,31.22988],[121.06783,31.22473],[121.07255,31.20428],[121.07533,31.20082],[121.07727,31.19437],[121.07702,31.19167],[121.07924,31.18676],[121.07866,31.18224],[121.07777,31.18002],[121.08144,31.16599],[121.08132,31.16099],[121.08038,31.15805],[121.07822,31.15445],[121.07293,31.14908],[121.07014,31.14387],[121.06662,31.14173],[121.06251,31.14139],[121.05933,31.14186],[121.05426,31.14441],[121.04871,31.14381],[121.04379,31.13536],[121.04064,31.13217],[121.03634,31.13089],[121.03205,31.13074],[121.02854,31.13131],[121.02431,31.13435],[121.01878,31.12947],[121.0134,31.12724],[120.97662,31.12522],[120.94546,31.13184],[120.92789,31.13432],[120.9148,31.1299],[120.90283,31.12784],[120.89965,31.1279],[120.89281,31.12925],[120.88072,31.12831],[120.87641,31.12449],[120.87311,31.11683],[120.87049,31.11338],[120.86415,31.10827],[120.85903,31.10184],[120.85534,31.09909],[120.85078,31.09852],[120.84653,31.10028],[120.8351,31.109],[120.81415,31.11992],[120.81132,31.12223],[120.80964,31.12549],[120.80325,31.14842],[120.80309,31.15256],[120.80479,31.15633],[120.8097,31.15976],[120.8098,31.16339],[120.79544,31.17108],[120.79185,31.17459],[120.79069,31.17947],[120.79234,31.18422],[120.81025,31.2095],[120.81332,31.21222],[120.84558,31.22966],[120.84929,31.23072],[120.85311,31.23013],[120.87659,31.22104],[120.88407,31.22293],[120.88658,31.22551],[120.88673,31.22699],[120.88549,31.23045],[120.87945,31.23424],[120.87667,31.23699],[120.87532,31.24067],[120.87407,31.24999],[120.87012,31.26197],[120.86781,31.26444],[120.86556,31.26871],[120.86585,31.27353],[120.86738,31.27797],[120.86716,31.28249],[120.86557,31.28576],[120.86261,31.28738],[120.8596,31.29007],[120.85779,31.29543],[120.85238,31.30536],[120.84145,31.33314],[120.83922,31.3429],[120.83933,31.34916],[120.83612,31.3587],[120.82963,31.3624],[120.82247,31.3638],[120.81661,31.36292],[120.81211,31.3634],[120.80841,31.366],[120.80644,31.37007],[120.80671,31.37458],[120.80885,31.38122],[120.80749,31.395],[120.81058,31.41399],[120.81656,31.43682],[120.81493,31.45733],[120.80939,31.47886],[120.80169,31.48867],[120.80007,31.49194],[120.79988,31.49559],[120.80037,31.49882],[120.7961,31.50027],[120.79227,31.50282]],[[120.80262,31.50122],[120.80361,31.50016],[120.80284,31.49514],[120.80297,31.4927],[120.80405,31.49052],[120.81214,31.48021],[120.8179,31.45783],[120.81959,31.43655],[120.81348,31.41323],[120.81045,31.39452],[120.8119,31.38093],[120.80956,31.37366],[120.80939,31.37065],[120.8107,31.36794],[120.81316,31.3662],[120.81616,31.36589],[120.82254,31.36685],[120.83069,31.36525],[120.83823,31.36095],[120.83882,31.36009],[120.84237,31.34954],[120.84216,31.34353],[120.84424,31.33424],[120.85517,31.30646],[120.86067,31.29643],[120.86205,31.2918],[120.86406,31.29001],[120.86785,31.28793],[120.87013,31.28324],[120.8704,31.27754],[120.86869,31.27255],[120.8685,31.26934],[120.86999,31.26649],[120.87276,31.26354],[120.87701,31.25066],[120.87829,31.24107],[120.87919,31.23861],[120.88105,31.23678],[120.88796,31.23244],[120.88978,31.22735],[120.88945,31.22417],[120.88567,31.22027],[120.87787,31.21798],[120.87597,31.21806],[120.85203,31.22734],[120.84948,31.22773],[120.84701,31.22702],[120.81474,31.20958],[120.8127,31.20777],[120.79479,31.18248],[120.79369,31.17932],[120.79446,31.17606],[120.79685,31.17372],[120.81285,31.16508],[120.81265,31.15785],[120.80931,31.15624],[120.80717,31.1545],[120.80603,31.15198],[120.80614,31.14923],[120.81253,31.12629],[120.81365,31.12412],[120.81554,31.12258],[120.83672,31.11154],[120.84835,31.10267],[120.85118,31.10149],[120.85423,31.10187],[120.85668,31.1037],[120.86201,31.1104],[120.86861,31.11571],[120.87036,31.11801],[120.87389,31.12621],[120.87813,31.13042],[120.87995,31.13126],[120.89299,31.13227],[120.90235,31.1308],[120.91384,31.13275],[120.9276,31.13739],[120.94598,31.1348],[120.97724,31.12816],[121.01321,31.13023],[121.0168,31.13172],[121.02322,31.13738],[121.02413,31.13758],[121.02531,31.13754],[121.0296,31.13412],[121.03623,31.13389],[121.03909,31.13474],[121.04119,31.13687],[121.04711,31.14666],[121.05531,31.14754],[121.05655,31.14638],[121.05977,31.14482],[121.06295,31.14435],[121.06569,31.14458],[121.06804,31.14601],[121.07031,31.1507],[121.07608,31.15656],[121.07753,31.15895],[121.07846,31.1619],[121.07854,31.16523],[121.07461,31.18022],[121.07588,31.18336],[121.07626,31.18638],[121.07393,31.1908],[121.07428,31.19464],[121.07299,31.19894],[121.06978,31.20294],[121.06473,31.22482],[121.06779,31.23125],[121.06839,31.23485],[121.06678,31.23814],[121.06503,31.23996],[121.06487,31.24092],[121.06592,31.24847],[121.06534,31.25197],[121.06345,31.25577],[121.06437,31.26426],[121.06531,31.26491],[121.07791,31.26695],[121.08026,31.26786],[121.08202,31.26966],[121.08519,31.27467],[121.08611,31.27753],[121.08552,31.28049],[121.08448,31.28265],[121.08494,31.28356],[121.0884,31.27669],[121.09042,31.27431],[121.09504,31.27111],[121.09859,31.27004],[121.10208,31.27126],[121.11362,31.28002],[121.14135,31.2716],[121.14434,31.27147],[121.14961,31.27258],[121.15286,31.27447],[121.15509,31.27697],[121.15947,31.27852],[121.16221,31.28049],[121.16345,31.28363],[121.1628,31.28694],[121.16035,31.29164],[121.15858,31.29371],[121.15316,31.2977],[121.15246,31.30259],[121.15129,31.3054],[121.14442,31.31437],[121.1423,31.3161],[121.13962,31.31672],[121.13696,31.31608],[121.13085,31.31301],[121.12954,31.3186],[121.1338,31.32546],[121.1347,31.32876],[121.13407,31.33453],[121.13123,31.3407],[121.13126,31.34596],[121.13051,31.3489],[121.12841,31.3511],[121.1255,31.35199],[121.12133,31.35216],[121.11703,31.35762],[121.11506,31.35924],[121.10971,31.36004],[121.10838,31.36827],[121.1072,31.37099],[121.10212,31.37754],[121.09941,31.3871],[121.09787,31.38971],[121.09526,31.39124],[121.08906,31.39299],[121.08605,31.39551],[121.0861,31.3981],[121.09282,31.40927],[121.09457,31.41541],[121.09787,31.41915],[121.09821,31.42214],[121.09706,31.42493],[121.08811,31.43677],[121.08594,31.43855],[121.0832,31.43915],[121.08048,31.43843],[121.06689,31.43124],[121.05995,31.43634],[121.05692,31.43748],[121.05168,31.43793],[121.04903,31.43756],[121.0468,31.43607],[121.04459,31.43373],[121.03477,31.43942],[121.0309,31.44017],[121.02266,31.43897],[121.01943,31.44306],[121.01909,31.44466],[121.02,31.45253],[121.01973,31.45513],[121.01838,31.45737],[121.0162,31.45882],[121.01147,31.46064],[121.00972,31.4643],[121.00984,31.46552],[121.01261,31.46774],[121.01433,31.46997],[121.01485,31.47273],[121.01451,31.47924],[121.01604,31.4845],[121.01618,31.48727],[121.01505,31.4898],[121.00968,31.49688],[121.00785,31.49847],[121.00554,31.49921],[121.00078,31.49972],[120.99366,31.50219],[120.98265,31.50254],[120.97605,31.50063],[120.96786,31.5038],[120.96474,31.50743],[120.96271,31.50897],[120.95787,31.50954],[120.95362,31.51297],[120.95267,31.51523],[120.95084,31.51763],[120.94122,31.52517],[120.94045,31.52914],[120.93807,31.53286],[120.93392,31.53585],[120.93086,31.53697],[120.92767,31.53632],[120.9158,31.53023],[120.91434,31.53025],[120.91179,31.53337],[120.90946,31.53511],[120.90439,31.53535],[120.90339,31.53873],[120.90138,31.54172],[120.89491,31.54689],[120.89166,31.54818],[120.88825,31.54745],[120.88582,31.54494],[120.88435,31.54205],[120.87849,31.5409],[120.87467,31.53837],[120.87343,31.53653],[120.87123,31.53551],[120.86814,31.53217],[120.86458,31.52264],[120.86327,31.52103],[120.85807,31.51774],[120.85558,31.51453],[120.85482,31.51219],[120.85122,31.51306],[120.84845,31.52257],[120.84719,31.52486],[120.84506,31.5264],[120.84249,31.52689],[120.82454,31.52627],[120.80927,31.52761],[120.80537,31.52659],[120.79816,31.52168],[120.79583,31.51855],[120.79329,31.51062],[120.79313,31.50756],[120.79451,31.50481],[120.79707,31.50311],[120.80262,31.50122]]]}},{"type":"Feature","id":"local-3-4","properties":{"id":"local-3-4","group":"local-3","placeIds":["kunshan"],"alpha":0.035},"geometry":{"type":"Polygon","coordinates":[[[120.79002,31.50083],[120.78726,31.50632],[120.78758,31.51245],[120.79012,31.52038],[120.79478,31.52663],[120.80199,31.53154],[120.80979,31.53358],[120.8247,31.53228],[120.84228,31.53288],[120.84743,31.53191],[120.85168,31.52884],[120.85469,31.52259],[120.85931,31.52566],[120.86252,31.53427],[120.8687,31.54095],[120.87733,31.54679],[120.88033,31.54738],[120.88533,31.55269],[120.89216,31.55416],[120.89865,31.55158],[120.90512,31.54641],[120.90868,31.54112],[120.91178,31.54064],[120.91633,31.53724],[120.92492,31.54166],[120.93131,31.54295],[120.93743,31.54072],[120.94158,31.53772],[120.94634,31.53028],[120.94668,31.52851],[120.95454,31.52236],[120.95857,31.51669],[120.96,31.51552],[120.96523,31.51441],[120.96929,31.51134],[120.97143,31.50885],[120.97613,31.50703],[120.98285,31.50854],[120.99386,31.50818],[120.99794,31.50733],[121.00224,31.5056],[121.00618,31.50518],[121.0108,31.5037],[121.01446,31.5005],[121.01983,31.49343],[121.02207,31.48836],[121.0218,31.48282],[121.02055,31.47854],[121.02084,31.47305],[121.01981,31.46751],[121.01763,31.4647],[121.02271,31.46152],[121.02542,31.45704],[121.02596,31.45184],[121.02522,31.4454],[121.03004,31.4461],[121.03778,31.44461],[121.04382,31.44111],[121.04689,31.44317],[121.0522,31.44391],[121.05744,31.44346],[121.06351,31.44117],[121.06747,31.43825],[121.07764,31.44372],[121.08307,31.44515],[121.08855,31.44395],[121.0929,31.44039],[121.10185,31.42855],[121.10416,31.42298],[121.10347,31.41698],[121.09995,31.41209],[121.09796,31.40618],[121.09309,31.39809],[121.09689,31.39702],[121.10211,31.39396],[121.10518,31.38874],[121.10757,31.3803],[121.11194,31.37467],[121.1143,31.36923],[121.11493,31.36535],[121.11781,31.36458],[121.12174,31.36133],[121.12433,31.35804],[121.13156,31.35621],[121.13575,31.35181],[121.13726,31.34593],[121.13724,31.342],[121.13952,31.33705],[121.14062,31.33229],[121.1407,31.3289],[121.13897,31.32257],[121.14494,31.32149],[121.14918,31.31802],[121.15605,31.30905],[121.15841,31.30344],[121.15875,31.30104],[121.16214,31.29855],[121.16568,31.29441],[121.16812,31.28971],[121.16942,31.28308],[121.16694,31.2768],[121.16146,31.27286],[121.15854,31.27183],[121.15734,31.27048],[121.15085,31.26671],[121.14557,31.2656],[121.13961,31.26586],[121.11481,31.27339],[121.10571,31.26648],[121.09872,31.26404],[121.09162,31.26617],[121.08835,31.26844],[121.08709,31.26645],[121.08356,31.26285],[121.07887,31.26102],[121.0699,31.25957],[121.06961,31.25687],[121.07072,31.25464],[121.07186,31.24765],[121.07112,31.24227],[121.07432,31.23573],[121.07313,31.22851],[121.071,31.22434],[121.07532,31.20563],[121.07767,31.2027],[121.08025,31.19409],[121.0801,31.19238],[121.08221,31.18715],[121.08092,31.17982],[121.08435,31.16675],[121.08418,31.16008],[121.08324,31.15714],[121.08036,31.15235],[121.07555,31.14746],[121.07225,31.14174],[121.06755,31.13888],[121.06207,31.13842],[121.05889,31.13889],[121.0538,31.14134],[121.05053,31.14099],[121.04638,31.13385],[121.04218,31.1296],[121.03645,31.1279],[121.03216,31.12774],[121.02748,31.1285],[121.02441,31.13043],[121.02077,31.12722],[121.01359,31.12424],[120.97925,31.12205],[120.97599,31.12229],[120.94494,31.12889],[120.92817,31.13125],[120.91576,31.12706],[120.90331,31.12488],[120.89906,31.12495],[120.89263,31.12622],[120.88155,31.12537],[120.87894,31.12277],[120.87587,31.11564],[120.87237,31.11104],[120.86629,31.10614],[120.86138,31.09997],[120.85646,31.0963],[120.85038,31.09555],[120.84471,31.0979],[120.83349,31.10646],[120.81277,31.11726],[120.80899,31.12035],[120.80675,31.12468],[120.80036,31.14762],[120.80015,31.15313],[120.80242,31.15816],[120.80671,31.16165],[120.79402,31.16843],[120.78923,31.17311],[120.7877,31.17963],[120.78989,31.18595],[120.80781,31.21124],[120.81189,31.21486],[120.84415,31.2323],[120.8491,31.23372],[120.85419,31.23293],[120.87718,31.22403],[120.88247,31.22559],[120.88362,31.22677],[120.88301,31.22846],[120.87786,31.23169],[120.87414,31.23537],[120.87234,31.24027],[120.87113,31.24932],[120.86748,31.2604],[120.86562,31.26238],[120.86263,31.26808],[120.86301,31.2745],[120.86435,31.2784],[120.86419,31.28173],[120.86329,31.28359],[120.86117,31.28475],[120.85715,31.28833],[120.85492,31.29443],[120.84959,31.30426],[120.83866,31.33204],[120.83629,31.34226],[120.83629,31.34878],[120.83364,31.35666],[120.82857,31.35955],[120.82241,31.36076],[120.81705,31.35995],[120.81105,31.36059],[120.80612,31.36406],[120.8035,31.36949],[120.80385,31.37551],[120.80579,31.38151],[120.80447,31.39209],[120.80453,31.39547],[120.80768,31.41475],[120.81353,31.43709],[120.81196,31.45684],[120.80664,31.4775],[120.79933,31.48682],[120.79716,31.49118],[120.79703,31.49679],[120.79514,31.49743],[120.79002,31.50083]],[[120.80037,31.49882],[120.79988,31.49559],[120.80007,31.49194],[120.80169,31.48867],[120.80939,31.47886],[120.81493,31.45733],[120.81656,31.43682],[120.81058,31.41399],[120.80749,31.395],[120.80885,31.38122],[120.80671,31.37458],[120.80644,31.37007],[120.80841,31.366],[120.81211,31.3634],[120.81661,31.36292],[120.82247,31.3638],[120.82963,31.3624],[120.83612,31.3587],[120.83933,31.34916],[120.83922,31.3429],[120.84145,31.33314],[120.85238,31.30536],[120.85779,31.29543],[120.8596,31.29007],[120.86261,31.28738],[120.86557,31.28576],[120.86716,31.28249],[120.86738,31.27797],[120.86585,31.27353],[120.86556,31.26871],[120.86781,31.26444],[120.87012,31.26197],[120.87407,31.24999],[120.87532,31.24067],[120.87667,31.23699],[120.87945,31.23424],[120.88549,31.23045],[120.88673,31.22699],[120.88658,31.22551],[120.88407,31.22293],[120.87659,31.22104],[120.85311,31.23013],[120.84929,31.23072],[120.84558,31.22966],[120.81332,31.21222],[120.81025,31.2095],[120.79234,31.18422],[120.79069,31.17947],[120.79185,31.17459],[120.79544,31.17108],[120.8098,31.16339],[120.8097,31.15976],[120.80479,31.15633],[120.80309,31.15256],[120.80325,31.14842],[120.80964,31.12549],[120.81132,31.12223],[120.81415,31.11992],[120.8351,31.109],[120.84653,31.10028],[120.85078,31.09852],[120.85534,31.09909],[120.85903,31.10184],[120.86415,31.10827],[120.87049,31.11338],[120.87311,31.11683],[120.87641,31.12449],[120.88072,31.12831],[120.89281,31.12925],[120.89965,31.1279],[120.90283,31.12784],[120.9148,31.1299],[120.92789,31.13432],[120.94546,31.13184],[120.97662,31.12522],[121.0134,31.12724],[121.01878,31.12947],[121.02431,31.13435],[121.02854,31.13131],[121.03205,31.13074],[121.03634,31.13089],[121.04064,31.13217],[121.04379,31.13536],[121.04871,31.14381],[121.05426,31.14441],[121.05933,31.14186],[121.06251,31.14139],[121.06662,31.14173],[121.07014,31.14387],[121.07293,31.14908],[121.07822,31.15445],[121.08038,31.15805],[121.08132,31.16099],[121.08144,31.16599],[121.07777,31.18002],[121.07866,31.18224],[121.07924,31.18676],[121.07702,31.19167],[121.07727,31.19437],[121.07533,31.20082],[121.07255,31.20428],[121.06783,31.22473],[121.07046,31.22988],[121.07135,31.23529],[121.06894,31.24022],[121.06795,31.24125],[121.06889,31.24806],[121.06803,31.2533],[121.06653,31.25632],[121.06716,31.26217],[121.07839,31.26399],[121.08191,31.26536],[121.08456,31.26806],[121.0877,31.27303],[121.09333,31.26864],[121.09865,31.26704],[121.1039,31.26887],[121.11422,31.2767],[121.14048,31.26873],[121.14495,31.26854],[121.15023,31.26965],[121.1551,31.27248],[121.15681,31.2744],[121.16046,31.27569],[121.16458,31.27865],[121.16644,31.28336],[121.16546,31.28833],[121.16302,31.29303],[121.16036,31.29613],[121.15595,31.29937],[121.15544,31.30302],[121.15367,31.30723],[121.1468,31.31619],[121.14362,31.3188],[121.13961,31.31972],[121.13561,31.31876],[121.13291,31.3174],[121.13275,31.31807],[121.13635,31.32388],[121.1377,31.32883],[121.13762,31.33222],[121.1368,31.33579],[121.13423,31.34135],[121.13426,31.34595],[121.13313,31.35036],[121.12998,31.35365],[121.12563,31.35499],[121.12283,31.3551],[121.11938,31.35948],[121.11644,31.36191],[121.11228,31.36292],[121.11134,31.36875],[121.10957,31.37283],[121.10485,31.37892],[121.10229,31.38792],[121.09999,31.39183],[121.09608,31.39413],[121.09049,31.3957],[121.08895,31.39699],[121.09539,31.40772],[121.09726,31.41375],[121.10067,31.41807],[121.10119,31.42256],[121.09945,31.42674],[121.0905,31.43858],[121.08725,31.44125],[121.08313,31.44215],[121.07906,31.44108],[121.06723,31.43471],[121.06173,31.43875],[121.05718,31.44047],[121.05194,31.44092],[121.04796,31.44037],[121.04404,31.43752],[121.03628,31.44202],[121.03047,31.44313],[121.02394,31.44219],[121.02213,31.4448],[121.02298,31.45218],[121.02258,31.45609],[121.02054,31.45945],[121.01728,31.46162],[121.01366,31.46302],[121.01306,31.46426],[121.01707,31.46874],[121.01784,31.47289],[121.01753,31.47889],[121.01892,31.48366],[121.01913,31.48781],[121.01744,31.49161],[121.01207,31.49869],[121.00933,31.50108],[121.00586,31.5022],[121.00151,31.50266],[120.99682,31.50454],[120.99376,31.50519],[120.98275,31.50554],[120.97944,31.50502],[120.97609,31.50383],[120.96964,31.50632],[120.96701,31.50939],[120.96397,31.51169],[120.95893,31.51253],[120.95609,31.51483],[120.95269,31.52],[120.94395,31.52684],[120.94339,31.52971],[120.93982,31.53529],[120.93567,31.53828],[120.93108,31.53996],[120.92629,31.53899],[120.91557,31.53348],[120.91412,31.53526],[120.91062,31.53788],[120.90659,31.5385],[120.90325,31.54407],[120.89678,31.54924],[120.89191,31.55117],[120.88679,31.55007],[120.88315,31.5463],[120.88234,31.54472],[120.87791,31.54384],[120.86997,31.53823],[120.86533,31.53322],[120.86194,31.52415],[120.85647,31.52027],[120.85339,31.51632],[120.85133,31.52341],[120.84943,31.52685],[120.84625,31.52916],[120.84238,31.52988],[120.82462,31.52928],[120.80953,31.5306],[120.80368,31.52907],[120.79647,31.52415],[120.79297,31.51947],[120.79043,31.51154],[120.7902,31.50694],[120.79227,31.50282],[120.7961,31.50027],[120.80037,31.49882]]]}},{"type":"Feature","id":"local-4-0","properties":{"id":"local-4-0","group":"local-4","placeIds":["yangshuo"],"alpha":0.62},"geometry":{"type":"Polygon","coordinates":[[[110.25378,24.84635],[110.2587,24.84398],[110.26371,24.84712],[110.26455,24.85103],[110.26956,24.84979],[110.27635,24.85046],[110.28034,24.85255],[110.28261,24.85596],[110.2826,24.86112],[110.28435,24.86486],[110.294,24.86979],[110.29732,24.87422],[110.29711,24.87707],[110.29443,24.8814],[110.29408,24.88562],[110.29702,24.89016],[110.29694,24.89382],[110.29859,24.89761],[110.30744,24.90115],[110.32065,24.89979],[110.3237,24.90145],[110.32543,24.90504],[110.33383,24.90627],[110.33819,24.90893],[110.33933,24.91232],[110.33835,24.91575],[110.33165,24.92198],[110.32961,24.93185],[110.32439,24.93854],[110.32356,24.94534],[110.32011,24.95273],[110.31561,24.95607],[110.31553,24.96108],[110.31223,24.96508],[110.30556,24.96715],[110.30236,24.97084],[110.30632,24.97614],[110.31157,24.97631],[110.31735,24.9803],[110.31917,24.98298],[110.33334,24.98418],[110.33611,24.98561],[110.33779,24.98824],[110.33689,24.9972],[110.34003,25.00209],[110.3397,25.00487],[110.33815,25.0072],[110.33424,25.00911],[110.33265,25.0136],[110.33574,25.01512],[110.35111,25.01125],[110.36024,25.01428],[110.37127,25.01158],[110.37398,25.0128],[110.37944,25.01911],[110.38237,25.01911],[110.38484,25.01526],[110.38785,25.01408],[110.39821,25.01788],[110.40056,25.01637],[110.40588,25.01705],[110.4112,25.02345],[110.41266,25.02708],[110.41324,25.03542],[110.41602,25.03561],[110.41882,25.03754],[110.42028,25.04122],[110.42305,25.04357],[110.42725,25.0441],[110.42984,25.04603],[110.43343,25.05513],[110.43907,25.05833],[110.45325,25.05033],[110.45908,25.05169],[110.46211,25.04681],[110.46752,25.04493],[110.47024,25.04611],[110.47384,25.05219],[110.47948,25.0531],[110.4849,25.05188],[110.48916,25.0524],[110.49486,25.05495],[110.51379,25.05381],[110.51326,25.04822],[110.5186,25.04208],[110.52227,25.03217],[110.52483,25.02909],[110.52992,25.02678],[110.53467,25.028],[110.53745,25.03023],[110.54214,25.03719],[110.54471,25.04389],[110.55328,25.05364],[110.56358,25.05637],[110.57104,25.05653],[110.58083,25.06232],[110.58835,25.06103],[110.60577,25.06637],[110.61314,25.06475],[110.61417,25.05754],[110.61821,25.05398],[110.61891,25.04565],[110.62057,25.04189],[110.63078,25.03108],[110.63063,25.02815],[110.62698,25.02454],[110.62337,25.01628],[110.62745,25.00643],[110.63618,24.99464],[110.63606,24.98616],[110.64355,24.96931],[110.64575,24.95034],[110.66054,24.92944],[110.66349,24.91929],[110.67286,24.91099],[110.67556,24.90504],[110.67555,24.89741],[110.674,24.89113],[110.67427,24.88728],[110.67798,24.87779],[110.67755,24.86908],[110.67493,24.86783],[110.67124,24.87019],[110.66356,24.87088],[110.65682,24.86405],[110.65306,24.85431],[110.6546,24.84736],[110.65798,24.84241],[110.6592,24.83479],[110.65746,24.82942],[110.65435,24.82722],[110.65059,24.82085],[110.65248,24.81351],[110.65708,24.80371],[110.64979,24.79892],[110.64702,24.79418],[110.64926,24.78917],[110.65827,24.78543],[110.66019,24.77973],[110.65933,24.7744],[110.64413,24.76259],[110.6392,24.76061],[110.63275,24.7518],[110.62411,24.74997],[110.61986,24.75177],[110.61613,24.7513],[110.6102,24.74732],[110.6063,24.75088],[110.60348,24.75138],[110.59873,24.74849],[110.59753,24.74291],[110.59367,24.73892],[110.58932,24.73885],[110.58683,24.73731],[110.58537,24.73477],[110.58569,24.71788],[110.59825,24.70577],[110.60119,24.69207],[110.5999,24.68136],[110.60187,24.67466],[110.60408,24.67152],[110.61382,24.66922],[110.61448,24.66815],[110.60472,24.65897],[110.60067,24.65253],[110.59508,24.64697],[110.57923,24.64314],[110.5671,24.63654],[110.55691,24.63579],[110.54807,24.63959],[110.53764,24.64165],[110.53046,24.64672],[110.5198,24.65113],[110.51745,24.65387],[110.51467,24.66235],[110.51021,24.66474],[110.49501,24.6597],[110.46198,24.6574],[110.45009,24.66077],[110.43813,24.67205],[110.43318,24.67399],[110.42928,24.67355],[110.42407,24.66886],[110.41937,24.66714],[110.40097,24.66826],[110.38612,24.67418],[110.38116,24.67394],[110.3717,24.67077],[110.36472,24.67086],[110.36131,24.6762],[110.36438,24.70312],[110.35623,24.71221],[110.34801,24.71587],[110.33455,24.71697],[110.32399,24.72252],[110.30304,24.72336],[110.29771,24.72502],[110.28928,24.73087],[110.28444,24.74035],[110.26774,24.75052],[110.26239,24.75619],[110.25336,24.75659],[110.24139,24.75196],[110.23457,24.75247],[110.22795,24.75524],[110.22488,24.75882],[110.2242,24.76314],[110.22895,24.77073],[110.23115,24.7812],[110.23417,24.78419],[110.2349,24.7871],[110.23026,24.7969],[110.23083,24.80231],[110.22611,24.81324],[110.22316,24.83614],[110.2274,24.83947],[110.24048,24.84416],[110.25378,24.84635]]]}},{"type":"Feature","id":"local-4-1","properties":{"id":"local-4-1","group":"local-4","placeIds":["yangshuo"],"alpha":0.43},"geometry":{"type":"Polygon","coordinates":[[[110.25508,24.84905],[110.25851,24.8474],[110.26104,24.84899],[110.26235,24.85307],[110.26369,24.85391],[110.26978,24.85283],[110.27547,24.85339],[110.27827,24.85485],[110.27961,24.85686],[110.2796,24.86111],[110.28163,24.86613],[110.28298,24.86753],[110.29201,24.87215],[110.29425,24.87512],[110.29417,24.87611],[110.29144,24.88115],[110.29109,24.88537],[110.29156,24.88725],[110.294,24.89101],[110.29419,24.89502],[110.29584,24.89881],[110.29748,24.9004],[110.30775,24.90413],[110.32004,24.90287],[110.32142,24.90362],[110.32365,24.90746],[110.33279,24.90915],[110.3357,24.91092],[110.33619,24.91239],[110.33569,24.91412],[110.32961,24.91978],[110.32871,24.92137],[110.32681,24.93055],[110.32203,24.93669],[110.32142,24.93817],[110.32064,24.9445],[110.31772,24.95077],[110.31294,24.9547],[110.31255,24.95998],[110.31048,24.96248],[110.30467,24.96429],[110.3033,24.96519],[110.29946,24.97006],[110.29995,24.97263],[110.30392,24.97794],[110.30623,24.97914],[110.31059,24.97928],[110.31518,24.98245],[110.31766,24.98557],[110.33249,24.98712],[110.33402,24.98791],[110.3347,24.98897],[110.3339,24.9969],[110.33436,24.99883],[110.33692,25.00281],[110.33681,25.00381],[110.3361,25.00486],[110.33292,25.00642],[110.33141,25.00811],[110.32982,25.0126],[110.32968,25.01403],[110.33023,25.01536],[110.33441,25.01781],[110.33647,25.01803],[110.351,25.01437],[110.35929,25.01713],[110.36095,25.0172],[110.37098,25.01474],[110.37214,25.01526],[110.37717,25.02107],[110.37944,25.02211],[110.38381,25.02175],[110.38684,25.0177],[110.38789,25.01729],[110.39717,25.02069],[110.39854,25.02086],[110.40127,25.01948],[110.40432,25.01987],[110.40859,25.02501],[110.4097,25.02777],[110.41068,25.03698],[110.41168,25.03798],[110.415,25.03854],[110.41637,25.03949],[110.41834,25.0435],[110.4211,25.04585],[110.42267,25.04654],[110.42609,25.04698],[110.42736,25.04793],[110.43064,25.05624],[110.43195,25.05774],[110.43907,25.06133],[110.44054,25.06094],[110.45371,25.05352],[110.4584,25.05462],[110.46023,25.05447],[110.46163,25.05327],[110.4641,25.0493],[110.4674,25.04815],[110.46815,25.04848],[110.47126,25.05372],[110.47336,25.05515],[110.479,25.05606],[110.48505,25.05492],[110.48834,25.05533],[110.49504,25.05795],[110.51397,25.0568],[110.51547,25.05629],[110.51651,25.05508],[110.51678,25.05352],[110.51637,25.04921],[110.52141,25.04312],[110.5249,25.03369],[110.52669,25.03154],[110.5302,25.02995],[110.5333,25.03074],[110.53521,25.03228],[110.53946,25.03859],[110.54246,25.04587],[110.55103,25.05562],[110.55251,25.05654],[110.56281,25.05927],[110.57019,25.05951],[110.57931,25.0649],[110.58134,25.06528],[110.58816,25.06411],[110.60489,25.06924],[110.60641,25.0693],[110.61379,25.06768],[110.61534,25.06679],[110.61611,25.06517],[110.61699,25.05906],[110.6202,25.05623],[110.6212,25.05423],[110.62185,25.0464],[110.6231,25.04357],[110.6336,25.03212],[110.63362,25.02799],[110.63274,25.02602],[110.6295,25.02281],[110.62663,25.01625],[110.63008,25.00792],[110.63859,24.99643],[110.63918,24.9946],[110.63907,24.98678],[110.64653,24.96965],[110.64865,24.95145],[110.66299,24.93117],[110.66613,24.92096],[110.67485,24.91324],[110.67856,24.90504],[110.67855,24.89741],[110.67703,24.89087],[110.67723,24.88795],[110.68098,24.87764],[110.68055,24.86893],[110.68005,24.86742],[110.67885,24.86638],[110.67474,24.86483],[110.67024,24.86726],[110.6647,24.86776],[110.6594,24.86239],[110.65619,24.85407],[110.6574,24.84857],[110.66094,24.84289],[110.66216,24.83527],[110.66031,24.8285],[110.65919,24.82697],[110.65661,24.82514],[110.65381,24.8204],[110.65532,24.81453],[110.66008,24.8036],[110.65969,24.80224],[110.65873,24.8012],[110.65202,24.7968],[110.65038,24.794],[110.65151,24.79149],[110.65942,24.7882],[110.66111,24.78639],[110.66303,24.78069],[110.66229,24.77392],[110.66117,24.77203],[110.64597,24.76022],[110.64112,24.75814],[110.63517,24.75003],[110.63337,24.74887],[110.62474,24.74704],[110.62295,24.74721],[110.61943,24.74869],[110.61721,24.74841],[110.61064,24.74435],[110.60817,24.74511],[110.60492,24.74808],[110.60407,24.74823],[110.60139,24.7466],[110.60046,24.74228],[110.59968,24.74082],[110.59582,24.73683],[110.59486,24.73617],[110.5902,24.73587],[110.58906,24.73516],[110.58839,24.734],[110.58867,24.71917],[110.60033,24.70793],[110.60118,24.7064],[110.60413,24.6927],[110.60295,24.68161],[110.60461,24.67598],[110.60588,24.67418],[110.61451,24.67214],[110.61703,24.66973],[110.61729,24.66709],[110.60705,24.65705],[110.60278,24.65041],[110.59719,24.64484],[110.59578,24.64406],[110.58032,24.64032],[110.56732,24.63355],[110.55573,24.63303],[110.54718,24.63671],[110.53592,24.6392],[110.529,24.64408],[110.51752,24.64918],[110.5146,24.65294],[110.51219,24.66027],[110.50993,24.66149],[110.49522,24.65671],[110.46219,24.65441],[110.44927,24.65788],[110.4365,24.66947],[110.43278,24.67093],[110.43057,24.67068],[110.4251,24.66604],[110.41919,24.66414],[110.40078,24.66526],[110.38562,24.67115],[110.38172,24.67096],[110.37167,24.66777],[110.36327,24.66824],[110.35878,24.67459],[110.35833,24.67654],[110.36124,24.70212],[110.35443,24.70973],[110.34726,24.71292],[110.33315,24.71431],[110.32319,24.71955],[110.30292,24.72036],[110.29682,24.72215],[110.28757,24.72841],[110.28216,24.73823],[110.26618,24.74796],[110.26104,24.75325],[110.25386,24.75357],[110.24116,24.74897],[110.23341,24.7497],[110.22679,24.75247],[110.22261,24.75687],[110.22192,24.75835],[110.22124,24.76267],[110.22166,24.76474],[110.22612,24.77187],[110.22821,24.78182],[110.22904,24.78333],[110.23146,24.78573],[110.23173,24.78679],[110.22755,24.79561],[110.22728,24.79721],[110.22776,24.80184],[110.22313,24.81286],[110.22019,24.83576],[110.22039,24.83728],[110.22131,24.8385],[110.22639,24.8423],[110.23946,24.84698],[110.2533,24.84931],[110.25508,24.84905]],[[110.24048,24.84416],[110.2274,24.83947],[110.22316,24.83614],[110.22611,24.81324],[110.23083,24.80231],[110.23026,24.7969],[110.2349,24.7871],[110.23417,24.78419],[110.23115,24.7812],[110.22895,24.77073],[110.2242,24.76314],[110.22488,24.75882],[110.22795,24.75524],[110.23457,24.75247],[110.24139,24.75196],[110.25336,24.75659],[110.26239,24.75619],[110.26774,24.75052],[110.28444,24.74035],[110.28928,24.73087],[110.29771,24.72502],[110.30304,24.72336],[110.32399,24.72252],[110.33455,24.71697],[110.34801,24.71587],[110.35623,24.71221],[110.36438,24.70312],[110.36131,24.6762],[110.36472,24.67086],[110.3717,24.67077],[110.38116,24.67394],[110.38612,24.67418],[110.40097,24.66826],[110.41937,24.66714],[110.42407,24.66886],[110.42928,24.67355],[110.43318,24.67399],[110.43813,24.67205],[110.45009,24.66077],[110.46198,24.6574],[110.49501,24.6597],[110.51021,24.66474],[110.51467,24.66235],[110.51745,24.65387],[110.5198,24.65113],[110.53046,24.64672],[110.53764,24.64165],[110.54807,24.63959],[110.55691,24.63579],[110.5671,24.63654],[110.57923,24.64314],[110.59508,24.64697],[110.60067,24.65253],[110.60472,24.65897],[110.61448,24.66815],[110.61382,24.66922],[110.60408,24.67152],[110.60187,24.67466],[110.5999,24.68136],[110.60119,24.69207],[110.59825,24.70577],[110.58569,24.71788],[110.58537,24.73477],[110.58683,24.73731],[110.58932,24.73885],[110.59367,24.73892],[110.59753,24.74291],[110.59873,24.74849],[110.60348,24.75138],[110.6063,24.75088],[110.6102,24.74732],[110.61613,24.7513],[110.61986,24.75177],[110.62411,24.74997],[110.63275,24.7518],[110.6392,24.76061],[110.64413,24.76259],[110.65933,24.7744],[110.66019,24.77973],[110.65827,24.78543],[110.64926,24.78917],[110.64702,24.79418],[110.64979,24.79892],[110.65708,24.80371],[110.65248,24.81351],[110.65059,24.82085],[110.65435,24.82722],[110.65746,24.82942],[110.6592,24.83479],[110.65798,24.84241],[110.6546,24.84736],[110.65306,24.85431],[110.65682,24.86405],[110.66356,24.87088],[110.67124,24.87019],[110.67493,24.86783],[110.67755,24.86908],[110.67798,24.87779],[110.67427,24.88728],[110.674,24.89113],[110.67555,24.89741],[110.67556,24.90504],[110.67286,24.91099],[110.66349,24.91929],[110.66054,24.92944],[110.64575,24.95034],[110.64355,24.96931],[110.63606,24.98616],[110.63618,24.99464],[110.62745,25.00643],[110.62337,25.01628],[110.62698,25.02454],[110.63063,25.02815],[110.63078,25.03108],[110.62057,25.04189],[110.61891,25.04565],[110.61821,25.05398],[110.61417,25.05754],[110.61314,25.06475],[110.60577,25.06637],[110.58835,25.06103],[110.58083,25.06232],[110.57104,25.05653],[110.56358,25.05637],[110.55328,25.05364],[110.54471,25.04389],[110.54214,25.03719],[110.53745,25.03023],[110.53467,25.028],[110.52992,25.02678],[110.52483,25.02909],[110.52227,25.03217],[110.5186,25.04208],[110.51326,25.04822],[110.51379,25.05381],[110.49486,25.05495],[110.48916,25.0524],[110.4849,25.05188],[110.47948,25.0531],[110.47384,25.05219],[110.47024,25.04611],[110.46752,25.04493],[110.46211,25.04681],[110.45908,25.05169],[110.45325,25.05033],[110.43907,25.05833],[110.43343,25.05513],[110.42984,25.04603],[110.42725,25.0441],[110.42305,25.04357],[110.42028,25.04122],[110.41882,25.03754],[110.41602,25.03561],[110.41324,25.03542],[110.41266,25.02708],[110.4112,25.02345],[110.40588,25.01705],[110.40056,25.01637],[110.39821,25.01788],[110.38785,25.01408],[110.38484,25.01526],[110.38237,25.01911],[110.37944,25.01911],[110.37398,25.0128],[110.37127,25.01158],[110.36024,25.01428],[110.35111,25.01125],[110.33574,25.01512],[110.33265,25.0136],[110.33424,25.00911],[110.33815,25.0072],[110.3397,25.00487],[110.34003,25.00209],[110.33689,24.9972],[110.33779,24.98824],[110.33611,24.98561],[110.33334,24.98418],[110.31917,24.98298],[110.31735,24.9803],[110.31157,24.97631],[110.30632,24.97614],[110.30236,24.97084],[110.30556,24.96715],[110.31223,24.96508],[110.31553,24.96108],[110.31561,24.95607],[110.32011,24.95273],[110.32356,24.94534],[110.32439,24.93854],[110.32961,24.93185],[110.33165,24.92198],[110.33835,24.91575],[110.33933,24.91232],[110.33819,24.90893],[110.33383,24.90627],[110.32543,24.90504],[110.3237,24.90145],[110.32065,24.89979],[110.30744,24.90115],[110.29859,24.89761],[110.29694,24.89382],[110.29702,24.89016],[110.29408,24.88562],[110.29443,24.8814],[110.29711,24.87707],[110.29732,24.87422],[110.294,24.86979],[110.28435,24.86486],[110.2826,24.86112],[110.28261,24.85596],[110.28034,24.85255],[110.27635,24.85046],[110.26956,24.84979],[110.26455,24.85103],[110.26371,24.84712],[110.2587,24.84398],[110.25378,24.84635],[110.24048,24.84416]]]}},{"type":"Feature","id":"local-4-2","properties":{"id":"local-4-2","group":"local-4","placeIds":["yangshuo"],"alpha":0.25},"geometry":{"type":"Polygon","coordinates":[[[110.22484,24.79433],[110.2243,24.79752],[110.2247,24.80137],[110.22016,24.81248],[110.21721,24.83538],[110.21761,24.83842],[110.21946,24.84086],[110.22538,24.84512],[110.23845,24.84981],[110.25281,24.85227],[110.25638,24.85175],[110.25832,24.85082],[110.26014,24.8551],[110.26283,24.85678],[110.26599,24.85686],[110.27,24.85587],[110.2746,24.85632],[110.27619,24.85716],[110.27716,24.86366],[110.27891,24.8674],[110.28161,24.8702],[110.29003,24.8745],[110.29091,24.87568],[110.28933,24.87825],[110.28845,24.8809],[110.2881,24.88512],[110.28905,24.88888],[110.29098,24.89187],[110.29144,24.89622],[110.29309,24.90001],[110.29636,24.90318],[110.30521,24.90672],[110.30806,24.90712],[110.31922,24.90597],[110.32187,24.90987],[110.32456,24.91098],[110.33175,24.91203],[110.33283,24.91269],[110.32757,24.91758],[110.32578,24.92076],[110.32402,24.92926],[110.31966,24.93485],[110.31844,24.93781],[110.31772,24.94366],[110.31532,24.94882],[110.31204,24.95125],[110.31027,24.95332],[110.30961,24.95597],[110.30956,24.95888],[110.30874,24.95988],[110.30377,24.96143],[110.30103,24.96322],[110.29783,24.9669],[110.29656,24.96928],[110.29646,24.97197],[110.29755,24.97443],[110.30152,24.97974],[110.30355,24.98146],[110.30613,24.98214],[110.30961,24.98225],[110.31302,24.98461],[110.31615,24.98816],[110.31866,24.98896],[110.33158,24.99005],[110.33092,24.9966],[110.33184,25.00045],[110.33339,25.00285],[110.3316,25.00372],[110.32858,25.00712],[110.327,25.0116],[110.32672,25.01446],[110.3278,25.01712],[110.32999,25.01898],[110.33308,25.0205],[110.3372,25.02094],[110.35088,25.01749],[110.35834,25.01998],[110.36166,25.02011],[110.3705,25.01795],[110.3749,25.02304],[110.37694,25.02457],[110.37943,25.02511],[110.38237,25.02511],[110.38525,25.02438],[110.38848,25.0207],[110.39614,25.02351],[110.39886,25.02384],[110.40197,25.02259],[110.40277,25.0227],[110.40598,25.02657],[110.40674,25.02845],[110.40725,25.03584],[110.40812,25.03854],[110.41013,25.04055],[110.41393,25.04148],[110.41639,25.04579],[110.41916,25.04814],[110.42229,25.04952],[110.4249,25.04985],[110.42785,25.05734],[110.43048,25.06035],[110.43611,25.06355],[110.43906,25.06433],[110.44202,25.06356],[110.45416,25.05671],[110.45772,25.05754],[110.46138,25.05724],[110.46418,25.05485],[110.46653,25.05163],[110.46868,25.05525],[110.47046,25.05714],[110.47288,25.05811],[110.47852,25.05902],[110.4852,25.05796],[110.48753,25.05825],[110.4924,25.06043],[110.49522,25.06094],[110.51415,25.0598],[110.51716,25.05877],[110.51922,25.05636],[110.51976,25.05324],[110.51948,25.05021],[110.52422,25.04416],[110.52754,25.03522],[110.52856,25.03399],[110.53047,25.03312],[110.53298,25.03434],[110.53679,25.03998],[110.5402,25.04785],[110.54877,25.0576],[110.55174,25.05944],[110.56204,25.06217],[110.56934,25.06249],[110.57778,25.06749],[110.58185,25.06823],[110.58796,25.06719],[110.60401,25.07211],[110.60706,25.07223],[110.61443,25.07061],[110.61754,25.06883],[110.61908,25.0656],[110.6198,25.06058],[110.62218,25.05848],[110.62419,25.05448],[110.6248,25.04715],[110.62564,25.04525],[110.63514,25.03521],[110.63642,25.03315],[110.63662,25.02783],[110.63485,25.02389],[110.63202,25.02108],[110.62989,25.01621],[110.63271,25.0094],[110.641,24.99822],[110.64218,24.99456],[110.64208,24.9874],[110.64951,24.97],[110.65154,24.95256],[110.66544,24.9329],[110.66877,24.92263],[110.67684,24.91549],[110.67833,24.91347],[110.68102,24.90752],[110.68156,24.90503],[110.68155,24.8974],[110.68005,24.89061],[110.68019,24.88862],[110.68357,24.87997],[110.68398,24.87749],[110.68354,24.86879],[110.68255,24.86576],[110.68014,24.86367],[110.67752,24.86241],[110.67456,24.86184],[110.67169,24.86277],[110.66924,24.86434],[110.66584,24.86465],[110.66197,24.86073],[110.65931,24.85384],[110.66021,24.84979],[110.66293,24.8458],[110.6639,24.84336],[110.66513,24.83574],[110.66491,24.83294],[110.66317,24.82757],[110.66092,24.82452],[110.65886,24.82306],[110.65702,24.81994],[110.65815,24.81555],[110.66251,24.80626],[110.66307,24.80348],[110.6623,24.80076],[110.66037,24.79869],[110.65426,24.79467],[110.65375,24.79381],[110.66057,24.79097],[110.66265,24.78953],[110.66395,24.78735],[110.66587,24.78165],[110.66611,24.77878],[110.66525,24.77345],[110.66301,24.76966],[110.64781,24.75785],[110.64303,24.75568],[110.63759,24.74826],[110.63399,24.74593],[110.62536,24.7441],[110.62179,24.74444],[110.61829,24.74552],[110.61354,24.74234],[110.61108,24.74138],[110.60844,24.74158],[110.60412,24.74475],[110.60339,24.74164],[110.60184,24.73873],[110.59797,24.73475],[110.59605,24.73341],[110.59141,24.73289],[110.59164,24.72047],[110.60241,24.71009],[110.60412,24.70703],[110.60706,24.69333],[110.606,24.68187],[110.60735,24.67731],[110.60768,24.67683],[110.61519,24.67506],[110.61892,24.67238],[110.62045,24.66873],[110.6201,24.66604],[110.61859,24.66378],[110.60939,24.65513],[110.6049,24.64828],[110.59931,24.64272],[110.59649,24.64114],[110.5814,24.63749],[110.56997,24.63127],[110.56755,24.63056],[110.55735,24.62981],[110.55455,24.63028],[110.54628,24.63382],[110.53648,24.63577],[110.53419,24.63675],[110.52754,24.64143],[110.51751,24.64559],[110.51525,24.64723],[110.5129,24.64997],[110.51175,24.652],[110.50965,24.65824],[110.49543,24.65372],[110.4624,24.65141],[110.44845,24.65499],[110.44597,24.6564],[110.43486,24.66689],[110.43238,24.66786],[110.42614,24.66323],[110.42143,24.6615],[110.41901,24.66115],[110.4006,24.66227],[110.38511,24.66812],[110.38228,24.66799],[110.37163,24.66477],[110.36465,24.66486],[110.36181,24.66562],[110.35967,24.66763],[110.35625,24.67297],[110.35535,24.67688],[110.35811,24.70112],[110.35262,24.70725],[110.34651,24.70997],[110.33406,24.71099],[110.33176,24.71166],[110.3224,24.71658],[110.3028,24.71736],[110.29593,24.71929],[110.28586,24.72595],[110.28394,24.72814],[110.27987,24.73611],[110.26462,24.7454],[110.2597,24.7503],[110.25435,24.75054],[110.24355,24.74636],[110.24094,24.74597],[110.23226,24.74693],[110.22563,24.74971],[110.2234,24.75134],[110.22033,24.75492],[110.21896,24.75788],[110.21827,24.76221],[110.21911,24.76633],[110.2233,24.77301],[110.22528,24.78243],[110.22693,24.78546],[110.22836,24.78688],[110.22484,24.79433]],[[110.23946,24.84698],[110.22639,24.8423],[110.22131,24.8385],[110.22039,24.83728],[110.22019,24.83576],[110.22313,24.81286],[110.22776,24.80184],[110.22728,24.79721],[110.22755,24.79561],[110.23173,24.78679],[110.23146,24.78573],[110.22904,24.78333],[110.22821,24.78182],[110.22612,24.77187],[110.22166,24.76474],[110.22124,24.76267],[110.22192,24.75835],[110.22261,24.75687],[110.22679,24.75247],[110.23341,24.7497],[110.24116,24.74897],[110.25386,24.75357],[110.26104,24.75325],[110.26618,24.74796],[110.28216,24.73823],[110.28757,24.72841],[110.29682,24.72215],[110.30292,24.72036],[110.32319,24.71955],[110.33315,24.71431],[110.34726,24.71292],[110.35443,24.70973],[110.36124,24.70212],[110.35833,24.67654],[110.35878,24.67459],[110.36327,24.66824],[110.37167,24.66777],[110.38172,24.67096],[110.38562,24.67115],[110.40078,24.66526],[110.41919,24.66414],[110.4251,24.66604],[110.43057,24.67068],[110.43278,24.67093],[110.4365,24.66947],[110.44927,24.65788],[110.46219,24.65441],[110.49522,24.65671],[110.50993,24.66149],[110.51219,24.66027],[110.5146,24.65294],[110.51752,24.64918],[110.529,24.64408],[110.53592,24.6392],[110.54718,24.63671],[110.55573,24.63303],[110.56732,24.63355],[110.58032,24.64032],[110.59578,24.64406],[110.59719,24.64484],[110.60278,24.65041],[110.60705,24.65705],[110.61729,24.66709],[110.61703,24.66973],[110.61451,24.67214],[110.60588,24.67418],[110.60461,24.67598],[110.60295,24.68161],[110.60413,24.6927],[110.60118,24.7064],[110.60033,24.70793],[110.58867,24.71917],[110.58839,24.734],[110.58906,24.73516],[110.5902,24.73587],[110.59486,24.73617],[110.59582,24.73683],[110.59968,24.74082],[110.60046,24.74228],[110.60139,24.7466],[110.60407,24.74823],[110.60492,24.74808],[110.60817,24.74511],[110.61064,24.74435],[110.61721,24.74841],[110.61943,24.74869],[110.62295,24.74721],[110.62474,24.74704],[110.63337,24.74887],[110.63517,24.75003],[110.64112,24.75814],[110.64597,24.76022],[110.66117,24.77203],[110.66229,24.77392],[110.66303,24.78069],[110.66111,24.78639],[110.65942,24.7882],[110.65151,24.79149],[110.65038,24.794],[110.65202,24.7968],[110.65873,24.8012],[110.65969,24.80224],[110.66008,24.8036],[110.65532,24.81453],[110.65381,24.8204],[110.65661,24.82514],[110.65919,24.82697],[110.66031,24.8285],[110.66216,24.83527],[110.66094,24.84289],[110.6574,24.84857],[110.65619,24.85407],[110.6594,24.86239],[110.6647,24.86776],[110.67024,24.86726],[110.67474,24.86483],[110.67885,24.86638],[110.68005,24.86742],[110.68055,24.86893],[110.68098,24.87764],[110.67723,24.88795],[110.67703,24.89087],[110.67855,24.89741],[110.67856,24.90504],[110.67485,24.91324],[110.66613,24.92096],[110.66299,24.93117],[110.64865,24.95145],[110.64653,24.96965],[110.63907,24.98678],[110.63918,24.9946],[110.63859,24.99643],[110.63008,25.00792],[110.62663,25.01625],[110.6295,25.02281],[110.63274,25.02602],[110.63362,25.02799],[110.6336,25.03212],[110.6231,25.04357],[110.62185,25.0464],[110.6212,25.05423],[110.6202,25.05623],[110.61699,25.05906],[110.61611,25.06517],[110.61534,25.06679],[110.61379,25.06768],[110.60641,25.0693],[110.60489,25.06924],[110.58816,25.06411],[110.58134,25.06528],[110.57931,25.0649],[110.57019,25.05951],[110.56281,25.05927],[110.55251,25.05654],[110.55103,25.05562],[110.54246,25.04587],[110.53946,25.03859],[110.53521,25.03228],[110.5333,25.03074],[110.5302,25.02995],[110.52669,25.03154],[110.5249,25.03369],[110.52141,25.04312],[110.51637,25.04921],[110.51678,25.05352],[110.51651,25.05508],[110.51547,25.05629],[110.51397,25.0568],[110.49504,25.05795],[110.48834,25.05533],[110.48505,25.05492],[110.479,25.05606],[110.47336,25.05515],[110.47126,25.05372],[110.46815,25.04848],[110.4674,25.04815],[110.4641,25.0493],[110.46163,25.05327],[110.46023,25.05447],[110.4584,25.05462],[110.45371,25.05352],[110.44054,25.06094],[110.43907,25.06133],[110.43195,25.05774],[110.43064,25.05624],[110.42736,25.04793],[110.42609,25.04698],[110.42267,25.04654],[110.4211,25.04585],[110.41834,25.0435],[110.41637,25.03949],[110.415,25.03854],[110.41168,25.03798],[110.41068,25.03698],[110.4097,25.02777],[110.40859,25.02501],[110.40432,25.01987],[110.40127,25.01948],[110.39854,25.02086],[110.39717,25.02069],[110.38789,25.01729],[110.38684,25.0177],[110.38381,25.02175],[110.37944,25.02211],[110.37717,25.02107],[110.37214,25.01526],[110.37098,25.01474],[110.36095,25.0172],[110.35929,25.01713],[110.351,25.01437],[110.33647,25.01803],[110.33441,25.01781],[110.33023,25.01536],[110.32968,25.01403],[110.32982,25.0126],[110.33141,25.00811],[110.33292,25.00642],[110.3361,25.00486],[110.33681,25.00381],[110.33692,25.00281],[110.33436,24.99883],[110.3339,24.9969],[110.3347,24.98897],[110.33402,24.98791],[110.33249,24.98712],[110.31766,24.98557],[110.31518,24.98245],[110.31059,24.97928],[110.30623,24.97914],[110.30392,24.97794],[110.29995,24.97263],[110.29946,24.97006],[110.3033,24.96519],[110.30467,24.96429],[110.31048,24.96248],[110.31255,24.95998],[110.31294,24.9547],[110.31772,24.95077],[110.32064,24.9445],[110.32142,24.93817],[110.32203,24.93669],[110.32681,24.93055],[110.32871,24.92137],[110.32961,24.91978],[110.33569,24.91412],[110.33619,24.91239],[110.3357,24.91092],[110.33279,24.90915],[110.32365,24.90746],[110.32142,24.90362],[110.32004,24.90287],[110.30775,24.90413],[110.29748,24.9004],[110.29584,24.89881],[110.29419,24.89502],[110.294,24.89101],[110.29156,24.88725],[110.29109,24.88537],[110.29144,24.88115],[110.29417,24.87611],[110.29425,24.87512],[110.29201,24.87215],[110.28298,24.86753],[110.28163,24.86613],[110.2796,24.86111],[110.27961,24.85686],[110.27827,24.85485],[110.27547,24.85339],[110.26978,24.85283],[110.26369,24.85391],[110.26235,24.85307],[110.26104,24.84899],[110.25851,24.8474],[110.25508,24.84905],[110.2533,24.84931],[110.23946,24.84698]]]}},{"type":"Feature","id":"local-4-3","properties":{"id":"local-4-3","group":"local-4","placeIds":["yangshuo"],"alpha":0.11},"geometry":{"type":"Polygon","coordinates":[[[110.22213,24.79305],[110.22131,24.79783],[110.22163,24.8009],[110.21718,24.81209],[110.21424,24.835],[110.21483,24.83955],[110.2176,24.84322],[110.22436,24.84794],[110.23744,24.85263],[110.25232,24.85523],[110.25662,24.85461],[110.25794,24.85714],[110.26196,24.85965],[110.26671,24.85977],[110.27022,24.8589],[110.2736,24.85923],[110.27444,24.86493],[110.27619,24.86867],[110.28025,24.87287],[110.28699,24.87632],[110.28546,24.88065],[110.28511,24.88487],[110.28653,24.89051],[110.28796,24.89272],[110.28869,24.89741],[110.29034,24.90121],[110.29525,24.90597],[110.3041,24.90951],[110.30836,24.9101],[110.3175,24.90916],[110.32009,24.91229],[110.32412,24.91394],[110.32667,24.91432],[110.32552,24.91538],[110.32284,24.92015],[110.32122,24.92797],[110.3173,24.933],[110.31546,24.93744],[110.3148,24.94283],[110.31292,24.94686],[110.31025,24.94883],[110.3076,24.95195],[110.30659,24.95741],[110.30288,24.95856],[110.29877,24.96125],[110.29556,24.96493],[110.29367,24.9685],[110.29352,24.97253],[110.29515,24.97623],[110.29912,24.98153],[110.30216,24.98412],[110.30603,24.98514],[110.30863,24.98522],[110.31086,24.98676],[110.31463,24.99075],[110.31841,24.99195],[110.32829,24.99279],[110.32793,24.9963],[110.32933,25.0021],[110.32575,25.00612],[110.32417,25.0106],[110.32375,25.01489],[110.32537,25.01888],[110.32866,25.02167],[110.33175,25.02319],[110.33794,25.02385],[110.35077,25.02062],[110.35739,25.02282],[110.36238,25.02302],[110.36943,25.0213],[110.37263,25.025],[110.37569,25.02729],[110.37943,25.02811],[110.38236,25.02811],[110.38669,25.02701],[110.38959,25.0243],[110.39511,25.02633],[110.39919,25.02682],[110.40159,25.02597],[110.40378,25.02913],[110.40426,25.03604],[110.40556,25.0401],[110.40857,25.04311],[110.41175,25.04412],[110.41445,25.04807],[110.41722,25.05043],[110.42276,25.0526],[110.42506,25.05844],[110.429,25.06296],[110.43463,25.06616],[110.43906,25.06733],[110.44349,25.06617],[110.45462,25.0599],[110.45703,25.06046],[110.46253,25.06001],[110.4662,25.05689],[110.46877,25.05962],[110.4724,25.06107],[110.47804,25.06198],[110.48146,25.06188],[110.48535,25.061],[110.49118,25.06317],[110.4954,25.06394],[110.51434,25.06279],[110.51884,25.06126],[110.52193,25.05764],[110.52275,25.05295],[110.52258,25.05121],[110.52538,25.04799],[110.52704,25.04521],[110.53067,25.03632],[110.53411,25.04137],[110.53631,25.04711],[110.53795,25.04983],[110.54652,25.05958],[110.55097,25.06233],[110.56126,25.06507],[110.56849,25.06548],[110.57626,25.07007],[110.58236,25.07119],[110.58776,25.07026],[110.60313,25.07497],[110.6077,25.07516],[110.61508,25.07354],[110.61974,25.07087],[110.62205,25.06602],[110.62261,25.06209],[110.62416,25.06073],[110.62718,25.05472],[110.62817,25.04694],[110.63732,25.03727],[110.63923,25.03419],[110.63977,25.0306],[110.63961,25.02767],[110.63696,25.02176],[110.63454,25.01936],[110.63315,25.01618],[110.63534,25.01089],[110.64342,25.0],[110.64518,24.99451],[110.64509,24.98801],[110.65178,24.97296],[110.65249,24.97034],[110.65443,24.95366],[110.66789,24.93464],[110.66919,24.93195],[110.67141,24.9243],[110.67883,24.91773],[110.68106,24.91471],[110.68376,24.90876],[110.68456,24.90503],[110.68455,24.8974],[110.68315,24.88928],[110.68637,24.88106],[110.68697,24.87734],[110.68654,24.86864],[110.68504,24.8641],[110.68143,24.86096],[110.67881,24.85971],[110.67437,24.85884],[110.67008,24.86025],[110.66824,24.86142],[110.66698,24.86153],[110.66454,24.85906],[110.66243,24.8536],[110.66301,24.851],[110.66541,24.84749],[110.66686,24.84384],[110.66809,24.83622],[110.66776,24.83201],[110.66602,24.82664],[110.66024,24.81949],[110.66099,24.81657],[110.66523,24.80753],[110.66607,24.80337],[110.66492,24.79929],[110.66202,24.79619],[110.65962,24.79461],[110.66484,24.79157],[110.66679,24.78831],[110.66872,24.78261],[110.66907,24.7783],[110.66822,24.77297],[110.66485,24.76729],[110.64965,24.75548],[110.64494,24.75321],[110.64001,24.74648],[110.63461,24.743],[110.62598,24.74117],[110.62062,24.74168],[110.61898,24.74237],[110.61521,24.73984],[110.61152,24.73842],[110.60756,24.73871],[110.60567,24.73979],[110.60399,24.73664],[110.60013,24.73266],[110.59724,24.73066],[110.59446,24.73006],[110.59462,24.72177],[110.6045,24.71225],[110.60705,24.70766],[110.60999,24.69396],[110.61013,24.69099],[110.60906,24.68212],[110.60986,24.6794],[110.61588,24.67798],[110.62147,24.67396],[110.62344,24.66902],[110.62291,24.66498],[110.62064,24.66159],[110.61172,24.65321],[110.60702,24.64615],[110.60143,24.64059],[110.59719,24.63822],[110.58249,24.63467],[110.5714,24.62864],[110.56777,24.62757],[110.55757,24.62682],[110.55336,24.62752],[110.54539,24.63094],[110.53589,24.63282],[110.53246,24.6343],[110.52609,24.63879],[110.51636,24.64282],[110.51297,24.64527],[110.51062,24.64801],[110.5089,24.65107],[110.50779,24.65446],[110.49564,24.65072],[110.46261,24.64842],[110.45953,24.64874],[110.44764,24.65211],[110.44391,24.65422],[110.4327,24.66452],[110.43009,24.66217],[110.42717,24.66041],[110.42247,24.65869],[110.41883,24.65816],[110.40042,24.65927],[110.39763,24.6599],[110.3846,24.66509],[110.38283,24.66501],[110.37456,24.66224],[110.37159,24.66177],[110.36461,24.66186],[110.36035,24.66299],[110.35714,24.66602],[110.35373,24.67136],[110.35237,24.67722],[110.35498,24.70012],[110.35081,24.70477],[110.34576,24.70702],[110.33382,24.708],[110.33036,24.709],[110.3216,24.71361],[110.30268,24.71437],[110.29503,24.71642],[110.29257,24.71763],[110.28415,24.72348],[110.28127,24.72678],[110.27759,24.73399],[110.26306,24.74283],[110.25835,24.74736],[110.25485,24.74752],[110.24464,24.74356],[110.24072,24.74298],[110.23391,24.74349],[110.2311,24.74416],[110.22447,24.74694],[110.22112,24.74938],[110.21805,24.75296],[110.21599,24.75741],[110.21531,24.76174],[110.21657,24.76792],[110.22047,24.77415],[110.22234,24.78305],[110.22476,24.78749],[110.22213,24.79305]],[[110.22693,24.78546],[110.22528,24.78243],[110.2233,24.77301],[110.21911,24.76633],[110.21827,24.76221],[110.21896,24.75788],[110.22033,24.75492],[110.2234,24.75134],[110.22563,24.74971],[110.23226,24.74693],[110.24094,24.74597],[110.24355,24.74636],[110.25435,24.75054],[110.2597,24.7503],[110.26462,24.7454],[110.27987,24.73611],[110.28394,24.72814],[110.28586,24.72595],[110.29593,24.71929],[110.3028,24.71736],[110.3224,24.71658],[110.33176,24.71166],[110.33406,24.71099],[110.34651,24.70997],[110.35262,24.70725],[110.35811,24.70112],[110.35535,24.67688],[110.35625,24.67297],[110.35967,24.66763],[110.36181,24.66562],[110.36465,24.66486],[110.37163,24.66477],[110.38228,24.66799],[110.38511,24.66812],[110.4006,24.66227],[110.41901,24.66115],[110.42143,24.6615],[110.42614,24.66323],[110.43238,24.66786],[110.43486,24.66689],[110.44597,24.6564],[110.44845,24.65499],[110.4624,24.65141],[110.49543,24.65372],[110.50965,24.65824],[110.51175,24.652],[110.5129,24.64997],[110.51525,24.64723],[110.51751,24.64559],[110.52754,24.64143],[110.53419,24.63675],[110.53648,24.63577],[110.54628,24.63382],[110.55455,24.63028],[110.55735,24.62981],[110.56755,24.63056],[110.56997,24.63127],[110.5814,24.63749],[110.59649,24.64114],[110.59931,24.64272],[110.6049,24.64828],[110.60939,24.65513],[110.61859,24.66378],[110.6201,24.66604],[110.62045,24.66873],[110.61892,24.67238],[110.61519,24.67506],[110.60768,24.67683],[110.60735,24.67731],[110.606,24.68187],[110.60706,24.69333],[110.60412,24.70703],[110.60241,24.71009],[110.59164,24.72047],[110.59141,24.73289],[110.59605,24.73341],[110.59797,24.73475],[110.60184,24.73873],[110.60339,24.74164],[110.60412,24.74475],[110.60844,24.74158],[110.61108,24.74138],[110.61354,24.74234],[110.61829,24.74552],[110.62179,24.74444],[110.62536,24.7441],[110.63399,24.74593],[110.63759,24.74826],[110.64303,24.75568],[110.64781,24.75785],[110.66301,24.76966],[110.66525,24.77345],[110.66611,24.77878],[110.66587,24.78165],[110.66395,24.78735],[110.66265,24.78953],[110.66057,24.79097],[110.65375,24.79381],[110.65426,24.79467],[110.66037,24.79869],[110.6623,24.80076],[110.66307,24.80348],[110.66251,24.80626],[110.65815,24.81555],[110.65702,24.81994],[110.65886,24.82306],[110.66092,24.82452],[110.66317,24.82757],[110.66491,24.83294],[110.66513,24.83574],[110.6639,24.84336],[110.66293,24.8458],[110.66021,24.84979],[110.65931,24.85384],[110.66197,24.86073],[110.66584,24.86465],[110.66924,24.86434],[110.67169,24.86277],[110.67456,24.86184],[110.67752,24.86241],[110.68014,24.86367],[110.68255,24.86576],[110.68354,24.86879],[110.68398,24.87749],[110.68357,24.87997],[110.68019,24.88862],[110.68005,24.89061],[110.68155,24.8974],[110.68156,24.90503],[110.68102,24.90752],[110.67833,24.91347],[110.67684,24.91549],[110.66877,24.92263],[110.66544,24.9329],[110.65154,24.95256],[110.64951,24.97],[110.64208,24.9874],[110.64218,24.99456],[110.641,24.99822],[110.63271,25.0094],[110.62989,25.01621],[110.63202,25.02108],[110.63485,25.02389],[110.63662,25.02783],[110.63642,25.03315],[110.63514,25.03521],[110.62564,25.04525],[110.6248,25.04715],[110.62419,25.05448],[110.62218,25.05848],[110.6198,25.06058],[110.61908,25.0656],[110.61754,25.06883],[110.61443,25.07061],[110.60706,25.07223],[110.60401,25.07211],[110.58796,25.06719],[110.58185,25.06823],[110.57778,25.06749],[110.56934,25.06249],[110.56204,25.06217],[110.55174,25.05944],[110.54877,25.0576],[110.5402,25.04785],[110.53679,25.03998],[110.53298,25.03434],[110.53047,25.03312],[110.52856,25.03399],[110.52754,25.03522],[110.52422,25.04416],[110.51948,25.05021],[110.51976,25.05324],[110.51922,25.05636],[110.51716,25.05877],[110.51415,25.0598],[110.49522,25.06094],[110.4924,25.06043],[110.48753,25.05825],[110.4852,25.05796],[110.47852,25.05902],[110.47288,25.05811],[110.47046,25.05714],[110.46868,25.05525],[110.46653,25.05163],[110.46418,25.05485],[110.46138,25.05724],[110.45772,25.05754],[110.45416,25.05671],[110.44202,25.06356],[110.43906,25.06433],[110.43611,25.06355],[110.43048,25.06035],[110.42785,25.05734],[110.4249,25.04985],[110.42229,25.04952],[110.41916,25.04814],[110.41639,25.04579],[110.41393,25.04148],[110.41013,25.04055],[110.40812,25.03854],[110.40725,25.03584],[110.40674,25.02845],[110.40598,25.02657],[110.40277,25.0227],[110.40197,25.02259],[110.39886,25.02384],[110.39614,25.02351],[110.38848,25.0207],[110.38525,25.02438],[110.38237,25.02511],[110.37943,25.02511],[110.37694,25.02457],[110.3749,25.02304],[110.3705,25.01795],[110.36166,25.02011],[110.35834,25.01998],[110.35088,25.01749],[110.3372,25.02094],[110.33308,25.0205],[110.32999,25.01898],[110.3278,25.01712],[110.32672,25.01446],[110.327,25.0116],[110.32858,25.00712],[110.3316,25.00372],[110.33339,25.00285],[110.33184,25.00045],[110.33092,24.9966],[110.33158,24.99005],[110.31866,24.98896],[110.31615,24.98816],[110.31302,24.98461],[110.30961,24.98225],[110.30613,24.98214],[110.30355,24.98146],[110.30152,24.97974],[110.29755,24.97443],[110.29646,24.97197],[110.29656,24.96928],[110.29783,24.9669],[110.30103,24.96322],[110.30377,24.96143],[110.30874,24.95988],[110.30956,24.95888],[110.30961,24.95597],[110.31027,24.95332],[110.31204,24.95125],[110.31532,24.94882],[110.31772,24.94366],[110.31844,24.93781],[110.31966,24.93485],[110.32402,24.92926],[110.32578,24.92076],[110.32757,24.91758],[110.33283,24.91269],[110.33175,24.91203],[110.32456,24.91098],[110.32187,24.90987],[110.31922,24.90597],[110.30806,24.90712],[110.30521,24.90672],[110.29636,24.90318],[110.29309,24.90001],[110.29144,24.89622],[110.29098,24.89187],[110.28905,24.88888],[110.2881,24.88512],[110.28845,24.8809],[110.28933,24.87825],[110.29091,24.87568],[110.29003,24.8745],[110.28161,24.8702],[110.27891,24.8674],[110.27716,24.86366],[110.27619,24.85716],[110.2746,24.85632],[110.27,24.85587],[110.26599,24.85686],[110.26283,24.85678],[110.26014,24.8551],[110.25832,24.85082],[110.25638,24.85175],[110.25281,24.85227],[110.23845,24.84981],[110.22538,24.84512],[110.21946,24.84086],[110.21761,24.83842],[110.21721,24.83538],[110.22016,24.81248],[110.2247,24.80137],[110.2243,24.79752],[110.22484,24.79433],[110.22836,24.78688],[110.22693,24.78546]]]}},{"type":"Feature","id":"local-4-4","properties":{"id":"local-4-4","group":"local-4","placeIds":["yangshuo"],"alpha":0.035},"geometry":{"type":"Polygon","coordinates":[[[110.21942,24.79176],[110.21833,24.79814],[110.21857,24.80043],[110.21509,24.80849],[110.21421,24.81171],[110.21126,24.83461],[110.21206,24.84069],[110.21575,24.84558],[110.21999,24.84891],[110.22335,24.85077],[110.23643,24.85545],[110.25184,24.85819],[110.25499,24.85773],[110.25574,24.85918],[110.2611,24.86253],[110.26743,24.86268],[110.27079,24.86197],[110.27173,24.8662],[110.27347,24.86994],[110.27888,24.87554],[110.28333,24.87781],[110.28247,24.88041],[110.28212,24.88463],[110.28401,24.89214],[110.28495,24.8936],[110.28594,24.89861],[110.28759,24.90241],[110.29414,24.90875],[110.30299,24.91229],[110.30867,24.91309],[110.31632,24.9123],[110.31831,24.9147],[110.32182,24.91614],[110.3199,24.91955],[110.31843,24.92667],[110.31493,24.93116],[110.31248,24.93707],[110.31188,24.94199],[110.31052,24.9449],[110.30847,24.94642],[110.30494,24.95058],[110.3038,24.95513],[110.30199,24.9557],[110.2965,24.95928],[110.2933,24.96296],[110.29077,24.96772],[110.29057,24.9731],[110.29275,24.97802],[110.29671,24.98333],[110.30078,24.98678],[110.30765,24.98819],[110.31312,24.99334],[110.31816,24.99494],[110.325,24.99552],[110.32624,25.00139],[110.32292,25.00512],[110.32134,25.0096],[110.32078,25.01532],[110.32294,25.02065],[110.32733,25.02435],[110.33042,25.02588],[110.33867,25.02676],[110.35065,25.02374],[110.35645,25.02567],[110.36309,25.02594],[110.36836,25.02465],[110.37037,25.02696],[110.37445,25.03002],[110.37943,25.03111],[110.38236,25.03111],[110.38813,25.02964],[110.39019,25.02772],[110.39408,25.02914],[110.39952,25.02981],[110.40057,25.02944],[110.40127,25.03625],[110.40299,25.04167],[110.40701,25.04568],[110.40978,25.04655],[110.41251,25.05036],[110.41527,25.05271],[110.42048,25.05501],[110.42227,25.05954],[110.42752,25.06557],[110.43316,25.06877],[110.43906,25.07033],[110.44496,25.06878],[110.45508,25.06308],[110.45635,25.06338],[110.46368,25.06278],[110.46592,25.06087],[110.46708,25.0621],[110.47192,25.06403],[110.47756,25.06495],[110.48211,25.06481],[110.4855,25.06404],[110.48995,25.06591],[110.49558,25.06693],[110.51452,25.06578],[110.52052,25.06374],[110.52465,25.05892],[110.52569,25.05221],[110.52985,25.04625],[110.53124,25.04249],[110.53351,25.04819],[110.5357,25.05181],[110.54427,25.06156],[110.5502,25.06523],[110.56049,25.06797],[110.56764,25.06846],[110.57473,25.07265],[110.58286,25.07415],[110.58757,25.07334],[110.60225,25.07784],[110.60835,25.07809],[110.61572,25.07647],[110.62194,25.07291],[110.62502,25.06644],[110.62543,25.06361],[110.62615,25.06298],[110.63017,25.05497],[110.63071,25.04862],[110.6395,25.03933],[110.64205,25.03522],[110.64277,25.03044],[110.64261,25.02751],[110.63908,25.01963],[110.63706,25.01763],[110.63641,25.01615],[110.63797,25.01238],[110.64583,25.00179],[110.64818,24.99447],[110.6481,24.98863],[110.65452,24.97418],[110.65547,24.97069],[110.65732,24.95477],[110.67034,24.93637],[110.67207,24.93278],[110.67405,24.92597],[110.68081,24.91998],[110.68379,24.91594],[110.68649,24.91],[110.68756,24.90502],[110.68755,24.89739],[110.68611,24.88995],[110.68916,24.88216],[110.68997,24.87719],[110.68954,24.86849],[110.68754,24.86243],[110.68273,24.85826],[110.6801,24.857],[110.67419,24.85585],[110.66783,24.85812],[110.66712,24.8574],[110.66556,24.85336],[110.66581,24.85221],[110.66789,24.84918],[110.66983,24.84431],[110.67105,24.83669],[110.67062,24.83109],[110.66888,24.82572],[110.66347,24.81897],[110.66794,24.8088],[110.66907,24.80326],[110.66753,24.79781],[110.66496,24.79506],[110.66704,24.79362],[110.66964,24.78927],[110.67156,24.78357],[110.67204,24.77783],[110.67118,24.77249],[110.66669,24.76492],[110.65149,24.75311],[110.64686,24.75075],[110.64243,24.74471],[110.63523,24.74006],[110.6266,24.73823],[110.61931,24.73898],[110.61688,24.73735],[110.61195,24.73545],[110.60683,24.73583],[110.60228,24.73057],[110.59751,24.72771],[110.5976,24.72307],[110.60658,24.71441],[110.60998,24.70829],[110.61293,24.69459],[110.61311,24.69063],[110.61224,24.68192],[110.61657,24.6809],[110.62402,24.67554],[110.62642,24.66932],[110.62571,24.66393],[110.6227,24.6594],[110.61406,24.65128],[110.60913,24.64403],[110.60354,24.63846],[110.5979,24.63531],[110.58358,24.63185],[110.57284,24.626],[110.56799,24.62458],[110.5578,24.62382],[110.55218,24.62476],[110.5445,24.62806],[110.53531,24.62988],[110.53073,24.63185],[110.52463,24.63615],[110.51521,24.64005],[110.51069,24.64332],[110.50834,24.64606],[110.50587,24.65066],[110.49585,24.64773],[110.46281,24.64543],[110.45871,24.64585],[110.44682,24.64922],[110.44185,24.65204],[110.43281,24.66058],[110.4282,24.65759],[110.4235,24.65587],[110.41864,24.65516],[110.40024,24.65628],[110.39652,24.65711],[110.3841,24.66207],[110.37551,24.65939],[110.37155,24.65877],[110.36457,24.65886],[110.35889,24.66037],[110.35461,24.6644],[110.3512,24.66974],[110.34939,24.67756],[110.35184,24.69912],[110.34901,24.70229],[110.345,24.70408],[110.33358,24.70501],[110.32896,24.70635],[110.3208,24.71064],[110.30256,24.71137],[110.29414,24.71356],[110.29086,24.71516],[110.28243,24.72102],[110.2786,24.72541],[110.2753,24.73187],[110.2615,24.74027],[110.257,24.74442],[110.25535,24.74449],[110.24572,24.74077],[110.24049,24.73999],[110.23368,24.7405],[110.22994,24.7414],[110.22331,24.74417],[110.21884,24.74743],[110.21577,24.75101],[110.21303,24.75695],[110.21235,24.76127],[110.21403,24.76951],[110.21765,24.77528],[110.21941,24.78367],[110.22146,24.78744],[110.21942,24.79176]],[[110.22234,24.78305],[110.22047,24.77415],[110.21657,24.76792],[110.21531,24.76174],[110.21599,24.75741],[110.21805,24.75296],[110.22112,24.74938],[110.22447,24.74694],[110.2311,24.74416],[110.23391,24.74349],[110.24072,24.74298],[110.24464,24.74356],[110.25485,24.74752],[110.25835,24.74736],[110.26306,24.74283],[110.27759,24.73399],[110.28127,24.72678],[110.28415,24.72348],[110.29257,24.71763],[110.29503,24.71642],[110.30268,24.71437],[110.3216,24.71361],[110.33036,24.709],[110.33382,24.708],[110.34576,24.70702],[110.35081,24.70477],[110.35498,24.70012],[110.35237,24.67722],[110.35373,24.67136],[110.35714,24.66602],[110.36035,24.66299],[110.36461,24.66186],[110.37159,24.66177],[110.37456,24.66224],[110.38283,24.66501],[110.3846,24.66509],[110.39763,24.6599],[110.40042,24.65927],[110.41883,24.65816],[110.42247,24.65869],[110.42717,24.66041],[110.43009,24.66217],[110.4327,24.66452],[110.44391,24.65422],[110.44764,24.65211],[110.45953,24.64874],[110.46261,24.64842],[110.49564,24.65072],[110.50779,24.65446],[110.5089,24.65107],[110.51062,24.64801],[110.51297,24.64527],[110.51636,24.64282],[110.52609,24.63879],[110.53246,24.6343],[110.53589,24.63282],[110.54539,24.63094],[110.55336,24.62752],[110.55757,24.62682],[110.56777,24.62757],[110.5714,24.62864],[110.58249,24.63467],[110.59719,24.63822],[110.60143,24.64059],[110.60702,24.64615],[110.61172,24.65321],[110.62064,24.66159],[110.62291,24.66498],[110.62344,24.66902],[110.62147,24.67396],[110.61588,24.67798],[110.60986,24.6794],[110.60906,24.68212],[110.61013,24.69099],[110.60999,24.69396],[110.60705,24.70766],[110.6045,24.71225],[110.59462,24.72177],[110.59446,24.73006],[110.59724,24.73066],[110.60013,24.73266],[110.60399,24.73664],[110.60567,24.73979],[110.60756,24.73871],[110.61152,24.73842],[110.61521,24.73984],[110.61898,24.74237],[110.62062,24.74168],[110.62598,24.74117],[110.63461,24.743],[110.64001,24.74648],[110.64494,24.75321],[110.64965,24.75548],[110.66485,24.76729],[110.66822,24.77297],[110.66907,24.7783],[110.66872,24.78261],[110.66679,24.78831],[110.66484,24.79157],[110.65962,24.79461],[110.66202,24.79619],[110.66492,24.79929],[110.66607,24.80337],[110.66523,24.80753],[110.66099,24.81657],[110.66024,24.81949],[110.66602,24.82664],[110.66776,24.83201],[110.66809,24.83622],[110.66686,24.84384],[110.66541,24.84749],[110.66301,24.851],[110.66243,24.8536],[110.66454,24.85906],[110.66698,24.86153],[110.66824,24.86142],[110.67008,24.86025],[110.67437,24.85884],[110.67881,24.85971],[110.68143,24.86096],[110.68504,24.8641],[110.68654,24.86864],[110.68697,24.87734],[110.68637,24.88106],[110.68315,24.88928],[110.68455,24.8974],[110.68456,24.90503],[110.68376,24.90876],[110.68106,24.91471],[110.67883,24.91773],[110.67141,24.9243],[110.66919,24.93195],[110.66789,24.93464],[110.65443,24.95366],[110.65249,24.97034],[110.65178,24.97296],[110.64509,24.98801],[110.64518,24.99451],[110.64342,25.0],[110.63534,25.01089],[110.63315,25.01618],[110.63454,25.01936],[110.63696,25.02176],[110.63961,25.02767],[110.63977,25.0306],[110.63923,25.03419],[110.63732,25.03727],[110.62817,25.04694],[110.62718,25.05472],[110.62416,25.06073],[110.62261,25.06209],[110.62205,25.06602],[110.61974,25.07087],[110.61508,25.07354],[110.6077,25.07516],[110.60313,25.07497],[110.58776,25.07026],[110.58236,25.07119],[110.57626,25.07007],[110.56849,25.06548],[110.56126,25.06507],[110.55097,25.06233],[110.54652,25.05958],[110.53795,25.04983],[110.53631,25.04711],[110.53411,25.04137],[110.53067,25.03632],[110.52704,25.04521],[110.52538,25.04799],[110.52258,25.05121],[110.52275,25.05295],[110.52193,25.05764],[110.51884,25.06126],[110.51434,25.06279],[110.4954,25.06394],[110.49118,25.06317],[110.48535,25.061],[110.48146,25.06188],[110.47804,25.06198],[110.4724,25.06107],[110.46877,25.05962],[110.4662,25.05689],[110.46253,25.06001],[110.45703,25.06046],[110.45462,25.0599],[110.44349,25.06617],[110.43906,25.06733],[110.43463,25.06616],[110.429,25.06296],[110.42506,25.05844],[110.42276,25.0526],[110.41722,25.05043],[110.41445,25.04807],[110.41175,25.04412],[110.40857,25.04311],[110.40556,25.0401],[110.40426,25.03604],[110.40378,25.02913],[110.40159,25.02597],[110.39919,25.02682],[110.39511,25.02633],[110.38959,25.0243],[110.38669,25.02701],[110.38236,25.02811],[110.37943,25.02811],[110.37569,25.02729],[110.37263,25.025],[110.36943,25.0213],[110.36238,25.02302],[110.35739,25.02282],[110.35077,25.02062],[110.33794,25.02385],[110.33175,25.02319],[110.32866,25.02167],[110.32537,25.01888],[110.32375,25.01489],[110.32417,25.0106],[110.32575,25.00612],[110.32933,25.0021],[110.32793,24.9963],[110.32829,24.99279],[110.31841,24.99195],[110.31463,24.99075],[110.31086,24.98676],[110.30863,24.98522],[110.30603,24.98514],[110.30216,24.98412],[110.29912,24.98153],[110.29515,24.97623],[110.29352,24.97253],[110.29367,24.9685],[110.29556,24.96493],[110.29877,24.96125],[110.30288,24.95856],[110.30659,24.95741],[110.3076,24.95195],[110.31025,24.94883],[110.31292,24.94686],[110.3148,24.94283],[110.31546,24.93744],[110.3173,24.933],[110.32122,24.92797],[110.32284,24.92015],[110.32552,24.91538],[110.32667,24.91432],[110.32412,24.91394],[110.32009,24.91229],[110.3175,24.90916],[110.30836,24.9101],[110.3041,24.90951],[110.29525,24.90597],[110.29034,24.90121],[110.28869,24.89741],[110.28796,24.89272],[110.28653,24.89051],[110.28511,24.88487],[110.28546,24.88065],[110.28699,24.87632],[110.28025,24.87287],[110.27619,24.86867],[110.27444,24.86493],[110.2736,24.85923],[110.27022,24.8589],[110.26671,24.85977],[110.26196,24.85965],[110.25794,24.85714],[110.25662,24.85461],[110.25232,24.85523],[110.23744,24.85263],[110.22436,24.84794],[110.2176,24.84322],[110.21483,24.83955],[110.21424,24.835],[110.21718,24.81209],[110.22163,24.8009],[110.22131,24.79783],[110.22213,24.79305],[110.22476,24.78749],[110.22234,24.78305]]]}},{"type":"Feature","id":"local-5-0","properties":{"id":"local-5-0","group":"local-5","placeIds":["kamakura"],"alpha":0.62},"geometry":{"type":"Polygon","coordinates":[[[139.48892,35.30776],[139.49658,35.32015],[139.49748,35.32504],[139.50253,35.33227],[139.51128,35.33527],[139.51325,35.33895],[139.51274,35.34241],[139.50778,35.35038],[139.5023,35.35542],[139.49544,35.35768],[139.50248,35.36738],[139.51247,35.3627],[139.5202,35.36168],[139.52537,35.35835],[139.52899,35.3582],[139.53301,35.3561],[139.54055,35.35773],[139.54432,35.36284],[139.54685,35.36221],[139.54873,35.36046],[139.54849,35.35677],[139.55027,35.3538],[139.55634,35.34826],[139.55983,35.34659],[139.56949,35.3473],[139.57458,35.33776],[139.57761,35.33592],[139.5831,35.33518],[139.58866,35.33614],[139.58985,35.32843],[139.59301,35.32318],[139.59298,35.32058],[139.5898,35.32031],[139.5831,35.31628],[139.56997,35.31159],[139.55984,35.30646],[139.5521,35.29988],[139.55006,35.30478],[139.53858,35.30911],[139.5349,35.30801],[139.53164,35.30392],[139.52628,35.3027],[139.50433,35.30589],[139.49484,35.30554],[139.48892,35.30776]]]}},{"type":"Feature","id":"local-5-1","properties":{"id":"local-5-1","group":"local-5","placeIds":["kamakura"],"alpha":0.43},"geometry":{"type":"Polygon","coordinates":[[[139.48648,35.30601],[139.48592,35.30766],[139.48637,35.30934],[139.49373,35.32125],[139.49502,35.32676],[139.50007,35.33399],[139.50156,35.33511],[139.50919,35.33773],[139.51014,35.33949],[139.50986,35.34135],[139.50545,35.34845],[139.50075,35.35277],[139.4945,35.35483],[139.49331,35.35557],[139.49258,35.35676],[139.49248,35.35815],[139.49301,35.35944],[139.50005,35.36914],[139.50241,35.37038],[139.51333,35.36562],[139.5206,35.36466],[139.52631,35.36131],[139.53038,35.36086],[139.53343,35.35926],[139.53881,35.36043],[139.54191,35.36462],[139.54331,35.36566],[139.54757,35.36512],[139.54889,35.3644],[139.55152,35.36157],[139.55155,35.35751],[139.55261,35.35572],[139.55804,35.35078],[139.56041,35.34964],[139.56927,35.35029],[139.57094,35.34992],[139.57213,35.34871],[139.57683,35.3399],[139.57864,35.33881],[139.58304,35.33821],[139.58814,35.33909],[139.58971,35.33895],[139.59098,35.33803],[139.59162,35.3366],[139.59273,35.32947],[139.59558,35.32473],[139.596,35.32316],[139.59561,35.31914],[139.59461,35.31806],[139.59075,35.31738],[139.58411,35.31345],[139.57116,35.30883],[139.56151,35.30394],[139.5528,35.29696],[139.5514,35.29696],[139.55016,35.29759],[139.54779,35.30243],[139.53847,35.30595],[139.53666,35.30541],[139.53399,35.30205],[139.53231,35.30099],[139.52585,35.29973],[139.50416,35.30288],[139.49495,35.30255],[139.48786,35.30496],[139.48648,35.30601]],[[139.49484,35.30554],[139.50433,35.30589],[139.52628,35.3027],[139.53164,35.30392],[139.5349,35.30801],[139.53858,35.30911],[139.55006,35.30478],[139.5521,35.29988],[139.55984,35.30646],[139.56997,35.31159],[139.5831,35.31628],[139.5898,35.32031],[139.59298,35.32058],[139.59301,35.32318],[139.58985,35.32843],[139.58866,35.33614],[139.5831,35.33518],[139.57761,35.33592],[139.57458,35.33776],[139.56949,35.3473],[139.55983,35.34659],[139.55634,35.34826],[139.55027,35.3538],[139.54849,35.35677],[139.54873,35.36046],[139.54685,35.36221],[139.54432,35.36284],[139.54055,35.35773],[139.53301,35.3561],[139.52899,35.3582],[139.52537,35.35835],[139.5202,35.36168],[139.51247,35.3627],[139.50248,35.36738],[139.49544,35.35768],[139.5023,35.35542],[139.50778,35.35038],[139.51274,35.34241],[139.51325,35.33895],[139.51128,35.33527],[139.50253,35.33227],[139.49748,35.32504],[139.49658,35.32015],[139.48892,35.30776],[139.49484,35.30554]]]}},{"type":"Feature","id":"local-5-2","properties":{"id":"local-5-2","group":"local-5","placeIds":["kamakura"],"alpha":0.25},"geometry":{"type":"Polygon","coordinates":[[[139.48405,35.30426],[139.48292,35.30756],[139.48381,35.31092],[139.49089,35.32235],[139.49158,35.32613],[139.49256,35.32847],[139.49761,35.3357],[139.50058,35.33794],[139.50701,35.34015],[139.50311,35.34652],[139.49919,35.35013],[139.49356,35.35198],[139.49118,35.35345],[139.48973,35.35584],[139.48951,35.35863],[139.49058,35.36121],[139.49763,35.3709],[139.4997,35.37269],[139.50235,35.37338],[139.50502,35.37281],[139.51418,35.36853],[139.52099,35.36763],[139.52346,35.36672],[139.52724,35.36428],[139.53177,35.36352],[139.53386,35.36243],[139.53707,35.36312],[139.5395,35.3664],[139.54229,35.36848],[139.54577,35.36866],[139.5483,35.36803],[139.55094,35.3666],[139.55282,35.36485],[139.5543,35.36267],[139.5546,35.35825],[139.55973,35.35329],[139.56099,35.35269],[139.56905,35.35328],[139.57238,35.35255],[139.57478,35.35012],[139.57966,35.3417],[139.58299,35.34125],[139.58763,35.34205],[139.59076,35.34176],[139.59331,35.33993],[139.59458,35.33706],[139.5956,35.33051],[139.59815,35.32628],[139.599,35.32313],[139.59898,35.32052],[139.59824,35.31769],[139.59625,35.31555],[139.5917,35.31445],[139.58512,35.31063],[139.57234,35.30606],[139.56318,35.30143],[139.55599,35.29531],[139.5535,35.29404],[139.5507,35.29404],[139.54821,35.29531],[139.54656,35.29757],[139.54552,35.30008],[139.5384,35.30277],[139.53634,35.30018],[139.53298,35.29807],[139.52542,35.29676],[139.504,35.29987],[139.49506,35.29955],[139.49274,35.29993],[139.48681,35.30215],[139.48405,35.30426]],[[139.49495,35.30255],[139.50416,35.30288],[139.52585,35.29973],[139.53231,35.30099],[139.53399,35.30205],[139.53666,35.30541],[139.53847,35.30595],[139.54779,35.30243],[139.55016,35.29759],[139.5514,35.29696],[139.5528,35.29696],[139.56151,35.30394],[139.57116,35.30883],[139.58411,35.31345],[139.59075,35.31738],[139.59461,35.31806],[139.59561,35.31914],[139.596,35.32316],[139.59558,35.32473],[139.59273,35.32947],[139.59162,35.3366],[139.59098,35.33803],[139.58971,35.33895],[139.58814,35.33909],[139.58304,35.33821],[139.57864,35.33881],[139.57683,35.3399],[139.57213,35.34871],[139.57094,35.34992],[139.56927,35.35029],[139.56041,35.34964],[139.55804,35.35078],[139.55261,35.35572],[139.55155,35.35751],[139.55152,35.36157],[139.54889,35.3644],[139.54757,35.36512],[139.54331,35.36566],[139.54191,35.36462],[139.53881,35.36043],[139.53343,35.35926],[139.53038,35.36086],[139.52631,35.36131],[139.5206,35.36466],[139.51333,35.36562],[139.50241,35.37038],[139.50005,35.36914],[139.49301,35.35944],[139.49248,35.35815],[139.49258,35.35676],[139.49331,35.35557],[139.4945,35.35483],[139.50075,35.35277],[139.50545,35.34845],[139.50986,35.34135],[139.51014,35.33949],[139.50919,35.33773],[139.50156,35.33511],[139.50007,35.33399],[139.49502,35.32676],[139.49373,35.32125],[139.48637,35.30934],[139.48592,35.30766],[139.48648,35.30601],[139.48786,35.30496],[139.49495,35.30255]]]}},{"type":"Feature","id":"local-5-3","properties":{"id":"local-5-3","group":"local-5","placeIds":["kamakura"],"alpha":0.11},"geometry":{"type":"Polygon","coordinates":[[[139.48161,35.30251],[139.47992,35.30745],[139.48126,35.3125],[139.48804,35.32345],[139.48863,35.32668],[139.49011,35.33019],[139.49515,35.33742],[139.49961,35.34078],[139.50253,35.34178],[139.50078,35.34459],[139.49764,35.34748],[139.49262,35.34913],[139.48905,35.35134],[139.48687,35.35492],[139.48655,35.3591],[139.48816,35.36297],[139.4952,35.37267],[139.4983,35.37535],[139.50228,35.37638],[139.5063,35.37553],[139.51503,35.37144],[139.52138,35.37061],[139.52509,35.36924],[139.52818,35.36724],[139.53429,35.36559],[139.53533,35.36581],[139.53709,35.36819],[139.54128,35.3713],[139.5465,35.37157],[139.54902,35.37094],[139.55298,35.3688],[139.55486,35.36705],[139.55709,35.36378],[139.55767,35.35923],[139.56143,35.3558],[139.56883,35.35627],[139.57383,35.35518],[139.57743,35.35153],[139.58117,35.34452],[139.58293,35.34428],[139.58712,35.34501],[139.59181,35.34457],[139.59563,35.34182],[139.59755,35.33752],[139.59848,35.33155],[139.60072,35.32782],[139.602,35.3231],[139.60198,35.32049],[139.60087,35.31625],[139.59788,35.31303],[139.59265,35.31152],[139.58613,35.3078],[139.57353,35.3033],[139.56486,35.29891],[139.55793,35.29302],[139.55419,35.29112],[139.55,35.29113],[139.54626,35.29303],[139.54325,35.29773],[139.53938,35.29919],[139.53364,35.29514],[139.52828,35.29392],[139.52499,35.29379],[139.50384,35.29686],[139.49517,35.29655],[139.49169,35.29712],[139.48576,35.29934],[139.48161,35.30251]],[[139.49274,35.29993],[139.49506,35.29955],[139.504,35.29987],[139.52542,35.29676],[139.53298,35.29807],[139.53634,35.30018],[139.5384,35.30277],[139.54552,35.30008],[139.54656,35.29757],[139.54821,35.29531],[139.5507,35.29404],[139.5535,35.29404],[139.55599,35.29531],[139.56318,35.30143],[139.57234,35.30606],[139.58512,35.31063],[139.5917,35.31445],[139.59625,35.31555],[139.59824,35.31769],[139.59898,35.32052],[139.599,35.32313],[139.59815,35.32628],[139.5956,35.33051],[139.59458,35.33706],[139.59331,35.33993],[139.59076,35.34176],[139.58763,35.34205],[139.58299,35.34125],[139.57966,35.3417],[139.57478,35.35012],[139.57238,35.35255],[139.56905,35.35328],[139.56099,35.35269],[139.55973,35.35329],[139.5546,35.35825],[139.5543,35.36267],[139.55282,35.36485],[139.55094,35.3666],[139.5483,35.36803],[139.54577,35.36866],[139.54229,35.36848],[139.5395,35.3664],[139.53707,35.36312],[139.53386,35.36243],[139.53177,35.36352],[139.52724,35.36428],[139.52346,35.36672],[139.52099,35.36763],[139.51418,35.36853],[139.50502,35.37281],[139.50235,35.37338],[139.4997,35.37269],[139.49763,35.3709],[139.49058,35.36121],[139.48951,35.35863],[139.48973,35.35584],[139.49118,35.35345],[139.49356,35.35198],[139.49919,35.35013],[139.50311,35.34652],[139.50701,35.34015],[139.50058,35.33794],[139.49761,35.3357],[139.49256,35.32847],[139.49158,35.32613],[139.49089,35.32235],[139.48381,35.31092],[139.48292,35.30756],[139.48405,35.30426],[139.48681,35.30215],[139.49274,35.29993]]]}},{"type":"Feature","id":"local-5-4","properties":{"id":"local-5-4","group":"local-5","placeIds":["kamakura"],"alpha":0.035},"geometry":{"type":"Polygon","coordinates":[[[139.47918,35.30076],[139.47692,35.30735],[139.47871,35.31408],[139.48519,35.32455],[139.48568,35.32722],[139.48765,35.33191],[139.49269,35.33914],[139.49796,35.34311],[139.49608,35.34483],[139.49168,35.34629],[139.48693,35.34922],[139.48402,35.354],[139.48359,35.35957],[139.48573,35.36473],[139.49277,35.37443],[139.49691,35.37801],[139.50221,35.37938],[139.50757,35.37825],[139.51588,35.37436],[139.52178,35.37358],[139.52672,35.37176],[139.52912,35.37021],[139.53395,35.369],[139.54026,35.37413],[139.54722,35.37448],[139.54975,35.37385],[139.55502,35.37099],[139.5569,35.36924],[139.55988,35.36489],[139.56055,35.36067],[139.56257,35.35882],[139.56861,35.35927],[139.57528,35.35781],[139.58007,35.35295],[139.58306,35.34735],[139.58661,35.34796],[139.59286,35.34738],[139.59796,35.34372],[139.60051,35.33798],[139.60135,35.33259],[139.60329,35.32937],[139.605,35.32307],[139.60498,35.32046],[139.6035,35.3148],[139.59952,35.31052],[139.59359,35.30859],[139.58714,35.30498],[139.57472,35.30054],[139.56653,35.29639],[139.55988,35.29074],[139.55489,35.28821],[139.5493,35.28821],[139.54432,35.29075],[139.54098,35.29538],[139.53996,35.29577],[139.53431,35.29222],[139.52895,35.291],[139.52456,35.29082],[139.50368,35.29385],[139.49527,35.29355],[139.49064,35.29431],[139.48471,35.29653],[139.47918,35.30076]],[[139.49169,35.29712],[139.49517,35.29655],[139.50384,35.29686],[139.52499,35.29379],[139.52828,35.29392],[139.53364,35.29514],[139.53938,35.29919],[139.54325,35.29773],[139.54626,35.29303],[139.55,35.29113],[139.55419,35.29112],[139.55793,35.29302],[139.56486,35.29891],[139.57353,35.3033],[139.58613,35.3078],[139.59265,35.31152],[139.59788,35.31303],[139.60087,35.31625],[139.60198,35.32049],[139.602,35.3231],[139.60072,35.32782],[139.59848,35.33155],[139.59755,35.33752],[139.59563,35.34182],[139.59181,35.34457],[139.58712,35.34501],[139.58293,35.34428],[139.58117,35.34452],[139.57743,35.35153],[139.57383,35.35518],[139.56883,35.35627],[139.56143,35.3558],[139.55767,35.35923],[139.55709,35.36378],[139.55486,35.36705],[139.55298,35.3688],[139.54902,35.37094],[139.5465,35.37157],[139.54128,35.3713],[139.53709,35.36819],[139.53533,35.36581],[139.53429,35.36559],[139.52818,35.36724],[139.52509,35.36924],[139.52138,35.37061],[139.51503,35.37144],[139.5063,35.37553],[139.50228,35.37638],[139.4983,35.37535],[139.4952,35.37267],[139.48816,35.36297],[139.48655,35.3591],[139.48687,35.35492],[139.48905,35.35134],[139.49262,35.34913],[139.49764,35.34748],[139.50078,35.34459],[139.50253,35.34178],[139.49961,35.34078],[139.49515,35.33742],[139.49011,35.33019],[139.48863,35.32668],[139.48804,35.32345],[139.48126,35.3125],[139.47992,35.30745],[139.48161,35.30251],[139.48576,35.29934],[139.49169,35.29712]]]}},{"type":"Feature","id":"local-6-0","properties":{"id":"local-6-0","group":"local-6","placeIds":["kyoto"],"alpha":0.62},"geometry":{"type":"Polygon","coordinates":[[[135.56147,35.14517],[135.56052,35.15129],[135.56223,35.15717],[135.57214,35.16715],[135.57601,35.1785],[135.58113,35.18313],[135.5828,35.18784],[135.58834,35.19217],[135.59528,35.20095],[135.59662,35.20781],[135.59554,35.21132],[135.59168,35.21477],[135.58987,35.21892],[135.59978,35.22527],[135.6079,35.22807],[135.61699,35.2279],[135.62037,35.233],[135.62737,35.23594],[135.62889,35.23819],[135.62927,35.24582],[135.64008,35.25783],[135.65171,35.26046],[135.65487,35.26286],[135.66677,35.25933],[135.67937,35.25712],[135.68418,35.25778],[135.69169,35.25585],[135.70188,35.25779],[135.70633,35.26063],[135.71382,35.26243],[135.71683,35.26475],[135.72322,35.2664],[135.72535,35.26886],[135.72628,35.27235],[135.7304,35.278],[135.72943,35.28349],[135.73395,35.28675],[135.7488,35.28673],[135.77476,35.28958],[135.77698,35.29185],[135.77774,35.29493],[135.77765,35.30496],[135.78731,35.30853],[135.79525,35.32104],[135.80917,35.31635],[135.81576,35.30185],[135.82104,35.29735],[135.8215,35.28891],[135.82879,35.27799],[135.83252,35.27519],[135.83789,35.27496],[135.84283,35.27841],[135.84663,35.27946],[135.8491,35.28084],[135.85274,35.28648],[135.85833,35.28898],[135.86047,35.28304],[135.85563,35.27547],[135.85465,35.27166],[135.84589,35.2636],[135.84587,35.25716],[135.83739,35.24073],[135.83717,35.22608],[135.83182,35.22249],[135.83072,35.21987],[135.83266,35.20985],[135.83568,35.20567],[135.83719,35.19737],[135.84178,35.18981],[135.84091,35.18165],[135.84285,35.17874],[135.84285,35.1725],[135.84417,35.1687],[135.84723,35.16284],[135.85595,35.15927],[135.85666,35.15459],[135.84942,35.14166],[135.84954,35.13797],[135.8521,35.13419],[135.85002,35.12806],[135.84964,35.12006],[135.84769,35.11512],[135.84369,35.11101],[135.8428,35.10259],[135.83706,35.09509],[135.8364,35.0915],[135.83969,35.08543],[135.83855,35.08015],[135.83357,35.07479],[135.83252,35.07144],[135.83551,35.0631],[135.835,35.05659],[135.83151,35.05278],[135.82705,35.05335],[135.81889,35.04912],[135.81592,35.04418],[135.81813,35.03914],[135.82496,35.03505],[135.82709,35.03136],[135.82823,35.02515],[135.83041,35.02292],[135.83438,35.02193],[135.83538,35.01315],[135.83383,35.00931],[135.83639,35.00123],[135.8346,34.99729],[135.83488,34.99396],[135.83689,34.9913],[135.84001,34.99012],[135.84914,34.99157],[135.85141,34.98609],[135.85495,34.9846],[135.8565,34.98243],[135.85401,34.97244],[135.85762,34.96574],[135.86504,34.95783],[135.87497,34.95404],[135.87814,34.94761],[135.86346,34.95066],[135.85846,34.95519],[135.85536,34.95626],[135.85216,34.95553],[135.84982,34.95322],[135.84722,34.94708],[135.85005,34.93723],[135.84911,34.93353],[135.84634,34.93081],[135.8407,34.93043],[135.83679,34.93253],[135.83382,34.93245],[135.83125,34.93095],[135.82923,34.92762],[135.81915,34.92671],[135.81367,34.92974],[135.81079,34.93388],[135.80329,34.9357],[135.79409,34.9318],[135.7918,34.92806],[135.78973,34.91711],[135.77499,34.91553],[135.75369,34.90448],[135.74917,34.90835],[135.74649,34.909],[135.74381,34.90838],[135.74021,34.90496],[135.73392,34.90456],[135.72389,34.90129],[135.72031,34.89784],[135.72032,34.89242],[135.72448,34.8871],[135.72851,34.88502],[135.73257,34.87821],[135.73235,34.87516],[135.72446,34.87995],[135.71557,34.88288],[135.71212,34.88736],[135.71055,34.8925],[135.70562,34.89499],[135.70355,34.89804],[135.70721,34.90881],[135.71279,34.91456],[135.71444,34.918],[135.71444,34.93491],[135.71736,34.93976],[135.71704,34.94692],[135.71641,34.95007],[135.70973,34.95549],[135.70904,34.96001],[135.70717,34.96227],[135.695,34.96851],[135.69103,34.9679],[135.68817,34.96593],[135.68688,34.9627],[135.69021,34.95368],[135.69577,34.94773],[135.69402,34.94656],[135.67497,34.94467],[135.66507,34.93879],[135.65921,34.93314],[135.65257,34.93369],[135.64603,34.92968],[135.63663,34.93119],[135.63246,34.93419],[135.62964,34.93439],[135.62392,34.93415],[135.61409,34.92766],[135.59996,34.92818],[135.60354,34.93571],[135.61193,34.94255],[135.615,34.95015],[135.61728,34.95879],[135.61347,34.97108],[135.62291,34.97407],[135.62688,34.97354],[135.63601,34.97608],[135.63795,34.97885],[135.63911,34.99783],[135.64536,35.00311],[135.64604,35.00664],[135.64457,35.00993],[135.63665,35.01912],[135.63906,35.02367],[135.63729,35.0282],[135.62885,35.03683],[135.62595,35.03848],[135.62183,35.03826],[135.61769,35.04208],[135.61745,35.05476],[135.61971,35.06206],[135.6185,35.06515],[135.61583,35.06711],[135.61252,35.06736],[135.60513,35.06233],[135.60316,35.06273],[135.60082,35.06744],[135.59034,35.0771],[135.59258,35.08493],[135.59807,35.09426],[135.60074,35.09521],[135.6052,35.09353],[135.61045,35.09532],[135.61264,35.09719],[135.61339,35.10273],[135.60732,35.10917],[135.60407,35.11067],[135.59685,35.11067],[135.59269,35.11621],[135.58996,35.12587],[135.58768,35.12766],[135.57851,35.12775],[135.57463,35.13001],[135.57138,35.13002],[135.5679,35.1278],[135.56192,35.13224],[135.55913,35.13694],[135.56147,35.14517]]]}},{"type":"Feature","id":"local-6-1","properties":{"id":"local-6-1","group":"local-6","placeIds":["kyoto"],"alpha":0.43},"geometry":{"type":"Polygon","coordinates":[[[135.55764,35.15213],[135.5601,35.15929],[135.56953,35.16878],[135.57317,35.17947],[135.57855,35.18485],[135.57997,35.18885],[135.58096,35.19021],[135.58621,35.19431],[135.59247,35.20224],[135.59353,35.20765],[135.59292,35.20964],[135.58893,35.21357],[135.58712,35.21772],[135.58688,35.2191],[135.58728,35.22043],[135.5988,35.22811],[135.60692,35.23091],[135.6154,35.23093],[135.61787,35.23466],[135.61921,35.23576],[135.62538,35.23836],[135.62594,35.23918],[135.62628,35.24597],[135.62705,35.24783],[135.63785,35.25983],[135.63942,35.26075],[135.65041,35.26324],[135.65433,35.26581],[135.66746,35.26226],[135.67943,35.26015],[135.68493,35.26069],[135.69179,35.25893],[135.70076,35.26063],[135.70563,35.26355],[135.71249,35.2652],[135.71608,35.26765],[135.72157,35.26907],[135.72263,35.2703],[135.72386,35.27411],[135.72723,35.27873],[135.72647,35.28296],[135.72665,35.28461],[135.72767,35.28592],[135.7322,35.28918],[135.73396,35.28975],[135.74863,35.28973],[135.77337,35.29245],[135.77427,35.29336],[135.77474,35.29528],[135.77465,35.30493],[135.77518,35.30666],[135.77661,35.30777],[135.78532,35.31099],[135.79272,35.32265],[135.7949,35.32402],[135.81118,35.31858],[135.81821,35.3037],[135.82373,35.29868],[135.82445,35.28989],[135.831,35.28008],[135.83357,35.27815],[135.83701,35.278],[135.84111,35.28087],[135.84699,35.28309],[135.85021,35.2881],[135.85151,35.28922],[135.85711,35.29172],[135.85871,35.29195],[135.86021,35.29132],[135.86115,35.29],[135.86329,35.28405],[135.863,35.28142],[135.85842,35.27426],[135.85756,35.27091],[135.85669,35.26945],[135.84889,35.26228],[135.84853,35.25579],[135.84038,35.23998],[135.83981,35.22464],[135.83424,35.22049],[135.83384,35.21955],[135.83548,35.21107],[135.83863,35.20621],[135.84005,35.19845],[135.84434,35.19137],[135.84476,35.1895],[135.84401,35.18241],[135.84585,35.17874],[135.84585,35.17301],[135.84693,35.16989],[135.84938,35.1652],[135.85709,35.16205],[135.85831,35.16113],[135.85963,35.15504],[135.85928,35.15312],[135.85245,35.14092],[135.85251,35.13893],[135.85507,35.13459],[135.85299,35.12749],[135.85243,35.11896],[135.85048,35.11402],[135.84656,35.10966],[135.84578,35.10228],[135.84518,35.10076],[135.83988,35.09384],[135.83954,35.092],[135.84232,35.08686],[135.84262,35.0848],[135.84148,35.07952],[135.84075,35.07811],[135.83623,35.07324],[135.83568,35.0715],[135.83834,35.06411],[135.838,35.05636],[135.83722,35.05457],[135.83254,35.04996],[135.8276,35.05025],[135.82102,35.04684],[135.81929,35.04397],[135.82049,35.04122],[135.82756,35.03655],[135.83004,35.0319],[135.83101,35.02659],[135.83196,35.02563],[135.83511,35.02484],[135.83664,35.02391],[135.83736,35.02227],[135.83837,35.01349],[135.83701,35.00919],[135.83925,35.00214],[135.83912,35.0],[135.83765,34.99676],[135.8378,34.99508],[135.83876,34.9938],[135.84032,34.99321],[135.84867,34.99454],[135.85115,34.9938],[135.85371,34.98837],[135.85739,34.98634],[135.85945,34.983],[135.8572,34.97284],[135.86007,34.96751],[135.86676,34.96039],[135.87604,34.95685],[135.87766,34.95537],[135.88083,34.94894],[135.88113,34.94731],[135.88052,34.94577],[135.87918,34.9448],[135.87753,34.94467],[135.86285,34.94772],[135.86144,34.94844],[135.85691,34.95255],[135.85519,34.95314],[135.85366,34.95279],[135.85235,34.95151],[135.8504,34.94689],[135.85294,34.93806],[135.85202,34.93279],[135.84845,34.92867],[135.84655,34.92782],[135.8409,34.92743],[135.83607,34.92951],[135.83467,34.92947],[135.83343,34.92875],[135.83082,34.92507],[135.81942,34.92373],[135.8177,34.92409],[135.81222,34.92712],[135.80898,34.93123],[135.80355,34.93255],[135.79615,34.92941],[135.79464,34.92696],[135.79268,34.91656],[135.79176,34.91491],[135.79005,34.91413],[135.77587,34.91261],[135.75508,34.90182],[135.75335,34.9015],[135.75174,34.9022],[135.74777,34.90561],[135.74648,34.90592],[135.74528,34.90564],[135.74228,34.90278],[135.7404,34.90196],[135.73449,34.90159],[135.72548,34.89865],[135.72331,34.89657],[135.72332,34.89346],[135.72644,34.88947],[135.72989,34.88769],[135.73109,34.88656],[135.73515,34.87974],[135.73556,34.87799],[135.73485,34.87351],[135.73372,34.8725],[135.73224,34.87216],[135.73079,34.8726],[135.72319,34.87721],[135.71463,34.88004],[135.7132,34.88105],[135.70975,34.88553],[135.70806,34.8904],[135.70427,34.89231],[135.70106,34.89636],[135.70071,34.89901],[135.70437,34.90978],[135.7103,34.9163],[135.71144,34.91869],[135.71144,34.93492],[135.71187,34.93646],[135.71432,34.94053],[135.71406,34.94656],[135.71368,34.94842],[135.70784,34.95316],[135.70677,34.95504],[135.7062,34.95874],[135.70526,34.95988],[135.69449,34.96539],[135.69216,34.96504],[135.69062,34.96397],[135.69009,34.96266],[135.69281,34.95529],[135.69796,34.94978],[135.69872,34.94825],[135.69853,34.94656],[135.69569,34.94407],[135.69432,34.94357],[135.67593,34.94175],[135.66691,34.93639],[135.66022,34.93031],[135.6533,34.93062],[135.6476,34.92713],[135.64556,34.92672],[135.63615,34.92823],[135.6314,34.93126],[135.6296,34.93139],[135.62488,34.93119],[135.61574,34.92515],[135.61398,34.92466],[135.59985,34.92519],[135.59844,34.9256],[135.5974,34.92663],[135.59697,34.92803],[135.59725,34.92947],[135.60083,34.937],[135.60944,34.94439],[135.61214,34.95109],[135.61416,34.95872],[135.6106,34.97019],[135.61054,34.97174],[135.61126,34.97311],[135.61256,34.97394],[135.62201,34.97693],[135.62667,34.9766],[135.63417,34.97868],[135.63501,34.97988],[135.63643,34.99917],[135.64261,35.00471],[135.64291,35.00628],[135.64201,35.00831],[135.63438,35.01716],[135.63367,35.01879],[135.634,35.02053],[135.63576,35.02386],[135.63472,35.02654],[135.627,35.03443],[135.62523,35.03543],[135.62081,35.03544],[135.61495,35.04086],[135.61445,35.0547],[135.61653,35.06194],[135.61602,35.06324],[135.61474,35.06419],[135.61334,35.06429],[135.60573,35.05939],[135.60133,35.06035],[135.59838,35.06561],[135.58831,35.0749],[135.58746,35.07629],[135.58746,35.07793],[135.58969,35.08575],[135.59549,35.09578],[135.59706,35.09708],[135.59973,35.09804],[135.6018,35.09802],[135.60525,35.09672],[135.60893,35.09797],[135.60982,35.09873],[135.61022,35.10172],[135.60553,35.10669],[135.60341,35.10767],[135.59685,35.10767],[135.59445,35.10887],[135.5898,35.1154],[135.58734,35.12411],[135.58663,35.12467],[135.57848,35.12475],[135.57382,35.12701],[135.57225,35.12701],[135.56951,35.12527],[135.56779,35.1248],[135.56611,35.12539],[135.56013,35.12983],[135.55616,35.13656],[135.5584,35.14536],[135.55764,35.15213]],[[135.55913,35.13694],[135.56192,35.13224],[135.5679,35.1278],[135.57138,35.13002],[135.57463,35.13001],[135.57851,35.12775],[135.58768,35.12766],[135.58996,35.12587],[135.59269,35.11621],[135.59685,35.11067],[135.60407,35.11067],[135.60732,35.10917],[135.61339,35.10273],[135.61264,35.09719],[135.61045,35.09532],[135.6052,35.09353],[135.60074,35.09521],[135.59807,35.09426],[135.59258,35.08493],[135.59034,35.0771],[135.60082,35.06744],[135.60316,35.06273],[135.60513,35.06233],[135.61252,35.06736],[135.61583,35.06711],[135.6185,35.06515],[135.61971,35.06206],[135.61745,35.05476],[135.61769,35.04208],[135.62183,35.03826],[135.62595,35.03848],[135.62885,35.03683],[135.63729,35.0282],[135.63906,35.02367],[135.63665,35.01912],[135.64457,35.00993],[135.64604,35.00664],[135.64536,35.00311],[135.63911,34.99783],[135.63795,34.97885],[135.63601,34.97608],[135.62688,34.97354],[135.62291,34.97407],[135.61347,34.97108],[135.61728,34.95879],[135.615,34.95015],[135.61193,34.94255],[135.60354,34.93571],[135.59996,34.92818],[135.61409,34.92766],[135.62392,34.93415],[135.62964,34.93439],[135.63246,34.93419],[135.63663,34.93119],[135.64603,34.92968],[135.65257,34.93369],[135.65921,34.93314],[135.66507,34.93879],[135.67497,34.94467],[135.69402,34.94656],[135.69577,34.94773],[135.69021,34.95368],[135.68688,34.9627],[135.68817,34.96593],[135.69103,34.9679],[135.695,34.96851],[135.70717,34.96227],[135.70904,34.96001],[135.70973,34.95549],[135.71641,34.95007],[135.71704,34.94692],[135.71736,34.93976],[135.71444,34.93491],[135.71444,34.918],[135.71279,34.91456],[135.70721,34.90881],[135.70355,34.89804],[135.70562,34.89499],[135.71055,34.8925],[135.71212,34.88736],[135.71557,34.88288],[135.72446,34.87995],[135.73235,34.87516],[135.73257,34.87821],[135.72851,34.88502],[135.72448,34.8871],[135.72032,34.89242],[135.72031,34.89784],[135.72389,34.90129],[135.73392,34.90456],[135.74021,34.90496],[135.74381,34.90838],[135.74649,34.909],[135.74917,34.90835],[135.75369,34.90448],[135.77499,34.91553],[135.78973,34.91711],[135.7918,34.92806],[135.79409,34.9318],[135.80329,34.9357],[135.81079,34.93388],[135.81367,34.92974],[135.81915,34.92671],[135.82923,34.92762],[135.83125,34.93095],[135.83382,34.93245],[135.83679,34.93253],[135.8407,34.93043],[135.84634,34.93081],[135.84911,34.93353],[135.85005,34.93723],[135.84722,34.94708],[135.84982,34.95322],[135.85216,34.95553],[135.85536,34.95626],[135.85846,34.95519],[135.86346,34.95066],[135.87814,34.94761],[135.87497,34.95404],[135.86504,34.95783],[135.85762,34.96574],[135.85401,34.97244],[135.8565,34.98243],[135.85495,34.9846],[135.85141,34.98609],[135.84914,34.99157],[135.84001,34.99012],[135.83689,34.9913],[135.83488,34.99396],[135.8346,34.99729],[135.83639,35.00123],[135.83383,35.00931],[135.83538,35.01315],[135.83438,35.02193],[135.83041,35.02292],[135.82823,35.02515],[135.82709,35.03136],[135.82496,35.03505],[135.81813,35.03914],[135.81592,35.04418],[135.81889,35.04912],[135.82705,35.05335],[135.83151,35.05278],[135.835,35.05659],[135.83551,35.0631],[135.83252,35.07144],[135.83357,35.07479],[135.83855,35.08015],[135.83969,35.08543],[135.8364,35.0915],[135.83706,35.09509],[135.8428,35.10259],[135.84369,35.11101],[135.84769,35.11512],[135.84964,35.12006],[135.85002,35.12806],[135.8521,35.13419],[135.84954,35.13797],[135.84942,35.14166],[135.85666,35.15459],[135.85595,35.15927],[135.84723,35.16284],[135.84417,35.1687],[135.84285,35.1725],[135.84285,35.17874],[135.84091,35.18165],[135.84178,35.18981],[135.83719,35.19737],[135.83568,35.20567],[135.83266,35.20985],[135.83072,35.21987],[135.83182,35.22249],[135.83717,35.22608],[135.83739,35.24073],[135.84587,35.25716],[135.84589,35.2636],[135.85465,35.27166],[135.85563,35.27547],[135.86047,35.28304],[135.85833,35.28898],[135.85274,35.28648],[135.8491,35.28084],[135.84663,35.27946],[135.84283,35.27841],[135.83789,35.27496],[135.83252,35.27519],[135.82879,35.27799],[135.8215,35.28891],[135.82104,35.29735],[135.81576,35.30185],[135.80917,35.31635],[135.79525,35.32104],[135.78731,35.30853],[135.77765,35.30496],[135.77774,35.29493],[135.77698,35.29185],[135.77476,35.28958],[135.7488,35.28673],[135.73395,35.28675],[135.72943,35.28349],[135.7304,35.278],[135.72628,35.27235],[135.72535,35.26886],[135.72322,35.2664],[135.71683,35.26475],[135.71382,35.26243],[135.70633,35.26063],[135.70188,35.25779],[135.69169,35.25585],[135.68418,35.25778],[135.67937,35.25712],[135.66677,35.25933],[135.65487,35.26286],[135.65171,35.26046],[135.64008,35.25783],[135.62927,35.24582],[135.62889,35.23819],[135.62737,35.23594],[135.62037,35.233],[135.61699,35.2279],[135.6079,35.22807],[135.59978,35.22527],[135.58987,35.21892],[135.59168,35.21477],[135.59554,35.21132],[135.59662,35.20781],[135.59528,35.20095],[135.58834,35.19217],[135.5828,35.18784],[135.58113,35.18313],[135.57601,35.1785],[135.57214,35.16715],[135.56223,35.15717],[135.56052,35.15129],[135.56147,35.14517],[135.55913,35.13694]]]}},{"type":"Feature","id":"local-6-2","properties":{"id":"local-6-2","group":"local-6","placeIds":["kyoto"],"alpha":0.25},"geometry":{"type":"Polygon","coordinates":[[[135.55459,35.15037],[135.55475,35.15297],[135.55647,35.15885],[135.55797,35.1614],[135.56691,35.1704],[135.57033,35.18044],[135.57199,35.18295],[135.57598,35.18656],[135.57715,35.18985],[135.57911,35.19257],[135.58408,35.19645],[135.58967,35.20353],[135.59044,35.20749],[135.58619,35.21237],[135.58437,35.21652],[135.58388,35.21927],[135.5847,35.22195],[135.58663,35.22397],[135.59653,35.23032],[135.60595,35.23374],[135.61381,35.23396],[135.61537,35.23631],[135.61804,35.23853],[135.62301,35.24062],[135.62328,35.24612],[135.62482,35.24984],[135.63562,35.26184],[135.63876,35.26368],[135.64911,35.26602],[135.65379,35.26876],[135.65658,35.26861],[135.66814,35.26518],[135.67948,35.26319],[135.68567,35.26359],[135.69189,35.262],[135.69963,35.26347],[135.70492,35.26646],[135.71117,35.26796],[135.71533,35.27056],[135.71991,35.27174],[135.72143,35.27588],[135.72405,35.27947],[135.72352,35.28243],[135.72387,35.28574],[135.72592,35.28835],[135.73044,35.29162],[135.73396,35.29275],[135.74847,35.29273],[135.77165,35.29528],[135.77165,35.3049],[135.77271,35.30836],[135.77557,35.31059],[135.78333,35.31345],[135.79019,35.32425],[135.79206,35.32611],[135.79454,35.327],[135.79717,35.32672],[135.81108,35.32204],[135.81319,35.32081],[135.81463,35.31884],[135.82067,35.30555],[135.82493,35.30192],[135.82642,35.30002],[135.82703,35.29768],[135.8274,35.29087],[135.83321,35.28218],[135.83463,35.28111],[135.83612,35.28105],[135.8394,35.28333],[135.84487,35.28535],[135.84769,35.28973],[135.85029,35.29196],[135.85588,35.29446],[135.8591,35.29493],[135.86209,35.29366],[135.86397,35.29101],[135.86612,35.28507],[135.86643,35.28237],[135.86553,35.2798],[135.86121,35.27305],[135.86047,35.27017],[135.85872,35.26725],[135.85188,35.26096],[135.85187,35.25713],[135.8512,35.25441],[135.84337,35.23923],[135.84317,35.22599],[135.84245,35.22321],[135.84052,35.22109],[135.83705,35.21877],[135.8383,35.21229],[135.84054,35.20918],[135.84158,35.20674],[135.8429,35.19953],[135.84691,35.19292],[135.84774,35.18918],[135.8471,35.18317],[135.84885,35.17873],[135.84885,35.17351],[135.84969,35.17108],[135.85153,35.16756],[135.85822,35.16482],[135.86067,35.16298],[135.86188,35.16017],[135.86259,35.15549],[135.8619,35.15166],[135.85547,35.14019],[135.85805,35.13498],[135.85778,35.13225],[135.85597,35.12693],[135.85522,35.11786],[135.85327,35.11292],[135.84944,35.10831],[135.84877,35.10196],[135.84756,35.09894],[135.8427,35.09259],[135.84496,35.08829],[135.84555,35.08417],[135.84441,35.07889],[135.84295,35.07607],[135.83885,35.07157],[135.84116,35.06513],[135.8415,35.06263],[135.84099,35.05612],[135.83943,35.05254],[135.83594,35.04873],[135.83358,35.04715],[135.83076,35.04683],[135.82815,35.04716],[135.82316,35.04457],[135.82266,35.04375],[135.82804,35.0402],[135.83015,35.03805],[135.83228,35.03436],[135.83376,35.02827],[135.83583,35.02775],[135.83889,35.02589],[135.84034,35.02261],[135.84135,35.01383],[135.8402,35.00906],[135.84211,35.00304],[135.84185,34.99876],[135.84075,34.99632],[135.8482,34.9975],[135.85084,34.99733],[135.85315,34.99603],[135.85468,34.99387],[135.85601,34.99066],[135.85983,34.98809],[135.86239,34.98356],[135.86232,34.98098],[135.86039,34.97324],[135.86253,34.96928],[135.86847,34.96294],[135.87711,34.95965],[135.88034,34.9567],[135.88352,34.95027],[135.88411,34.94701],[135.88289,34.94394],[135.88022,34.94198],[135.87692,34.94173],[135.86224,34.94479],[135.85942,34.94622],[135.8551,34.95],[135.85357,34.9467],[135.85582,34.93889],[135.85587,34.93574],[135.85493,34.93205],[135.85332,34.92925],[135.85055,34.92653],[135.84675,34.92483],[135.84111,34.92444],[135.83786,34.92514],[135.83551,34.9264],[135.83241,34.92253],[135.82977,34.92164],[135.81969,34.92074],[135.81625,34.92146],[135.81077,34.92449],[135.80716,34.92859],[135.8038,34.9294],[135.7982,34.92703],[135.79749,34.92586],[135.79562,34.916],[135.7938,34.91271],[135.79037,34.91115],[135.77675,34.90969],[135.75646,34.89915],[135.75301,34.89852],[135.74979,34.89992],[135.74654,34.9027],[135.74434,34.90061],[135.74058,34.89897],[135.73506,34.89862],[135.72706,34.89601],[135.72632,34.89529],[135.72632,34.89449],[135.72839,34.89183],[135.73126,34.89035],[135.73367,34.88809],[135.73772,34.88127],[135.73855,34.87777],[135.73833,34.87473],[135.73735,34.87186],[135.7351,34.86983],[135.73214,34.86917],[135.72923,34.87003],[135.72193,34.87446],[135.71369,34.87719],[135.71082,34.87922],[135.70737,34.88369],[135.70556,34.88829],[135.70292,34.88963],[135.70065,34.89162],[135.69858,34.89468],[135.6976,34.89725],[135.69787,34.89998],[135.70153,34.91074],[135.7029,34.91299],[135.7078,34.91804],[135.70844,34.91937],[135.70844,34.93492],[135.7093,34.93801],[135.71128,34.9413],[135.71107,34.9462],[135.71095,34.94677],[135.70595,34.95083],[135.7038,34.95459],[135.70334,34.95749],[135.69399,34.96228],[135.69346,34.9622],[135.69542,34.9569],[135.70015,34.95183],[135.70168,34.94877],[135.70129,34.94538],[135.69911,34.94275],[135.69737,34.94158],[135.69461,34.94059],[135.67688,34.93883],[135.66874,34.93399],[135.66338,34.92882],[135.66123,34.92749],[135.65871,34.92716],[135.65403,34.92755],[135.64917,34.92457],[135.64509,34.92376],[135.63568,34.92526],[135.62956,34.92838],[135.62584,34.92822],[135.61739,34.92265],[135.61386,34.92166],[135.59974,34.92219],[135.59692,34.92301],[135.59483,34.92507],[135.59397,34.92788],[135.59454,34.93076],[135.59812,34.93829],[135.59975,34.94036],[135.60695,34.94623],[135.60929,34.95204],[135.61104,34.95865],[135.60774,34.96931],[135.60761,34.9724],[135.60905,34.97514],[135.61166,34.9768],[135.6211,34.97979],[135.62646,34.97965],[135.63209,34.98121],[135.63312,34.99819],[135.63375,35.00052],[135.63524,35.00241],[135.63968,35.00617],[135.6321,35.0152],[135.63068,35.01845],[135.63135,35.02193],[135.63247,35.02405],[135.63214,35.02488],[135.62515,35.03203],[135.61979,35.03261],[135.61775,35.03385],[135.61362,35.03768],[135.61222,35.03963],[135.61169,35.04197],[135.61145,35.05464],[135.6129,35.06036],[135.60851,35.05737],[135.60632,35.05645],[135.60198,35.05684],[135.59951,35.05796],[135.59778,35.06006],[135.59594,35.06378],[135.58628,35.07269],[135.58457,35.07548],[135.58458,35.07875],[135.58681,35.08657],[135.5929,35.0973],[135.59605,35.09991],[135.59872,35.10086],[135.60286,35.10083],[135.60531,35.0999],[135.60706,35.1007],[135.60375,35.10421],[135.60275,35.10467],[135.59685,35.10467],[135.59417,35.1053],[135.59205,35.10707],[135.58692,35.11458],[135.58491,35.12169],[135.57845,35.12175],[135.57549,35.12256],[135.57307,35.12398],[135.57113,35.12274],[135.56769,35.1218],[135.56432,35.12298],[135.55835,35.12742],[135.55676,35.12918],[135.55397,35.13389],[135.55318,35.13617],[135.55336,35.13858],[135.55534,35.14555],[135.55459,35.15037]],[[135.55616,35.13656],[135.56013,35.12983],[135.56611,35.12539],[135.56779,35.1248],[135.56951,35.12527],[135.57225,35.12701],[135.57382,35.12701],[135.57848,35.12475],[135.58663,35.12467],[135.58734,35.12411],[135.5898,35.1154],[135.59445,35.10887],[135.59685,35.10767],[135.60341,35.10767],[135.60553,35.10669],[135.61022,35.10172],[135.60982,35.09873],[135.60893,35.09797],[135.60525,35.09672],[135.6018,35.09802],[135.59973,35.09804],[135.59706,35.09708],[135.59549,35.09578],[135.58969,35.08575],[135.58746,35.07793],[135.58746,35.07629],[135.58831,35.0749],[135.59838,35.06561],[135.60133,35.06035],[135.60573,35.05939],[135.61334,35.06429],[135.61474,35.06419],[135.61602,35.06324],[135.61653,35.06194],[135.61445,35.0547],[135.61495,35.04086],[135.62081,35.03544],[135.62523,35.03543],[135.627,35.03443],[135.63472,35.02654],[135.63576,35.02386],[135.634,35.02053],[135.63367,35.01879],[135.63438,35.01716],[135.64201,35.00831],[135.64291,35.00628],[135.64261,35.00471],[135.63643,34.99917],[135.63501,34.97988],[135.63417,34.97868],[135.62667,34.9766],[135.62201,34.97693],[135.61256,34.97394],[135.61126,34.97311],[135.61054,34.97174],[135.6106,34.97019],[135.61416,34.95872],[135.61214,34.95109],[135.60944,34.94439],[135.60083,34.937],[135.59725,34.92947],[135.59697,34.92803],[135.5974,34.92663],[135.59844,34.9256],[135.59985,34.92519],[135.61398,34.92466],[135.61574,34.92515],[135.62488,34.93119],[135.6296,34.93139],[135.6314,34.93126],[135.63615,34.92823],[135.64556,34.92672],[135.6476,34.92713],[135.6533,34.93062],[135.66022,34.93031],[135.66691,34.93639],[135.67593,34.94175],[135.69432,34.94357],[135.69569,34.94407],[135.69853,34.94656],[135.69872,34.94825],[135.69796,34.94978],[135.69281,34.95529],[135.69009,34.96266],[135.69062,34.96397],[135.69216,34.96504],[135.69449,34.96539],[135.70526,34.95988],[135.7062,34.95874],[135.70677,34.95504],[135.70784,34.95316],[135.71368,34.94842],[135.71406,34.94656],[135.71432,34.94053],[135.71187,34.93646],[135.71144,34.93492],[135.71144,34.91869],[135.7103,34.9163],[135.70437,34.90978],[135.70071,34.89901],[135.70106,34.89636],[135.70427,34.89231],[135.70806,34.8904],[135.70975,34.88553],[135.7132,34.88105],[135.71463,34.88004],[135.72319,34.87721],[135.73079,34.8726],[135.73224,34.87216],[135.73372,34.8725],[135.73485,34.87351],[135.73556,34.87799],[135.73515,34.87974],[135.73109,34.88656],[135.72989,34.88769],[135.72644,34.88947],[135.72332,34.89346],[135.72331,34.89657],[135.72548,34.89865],[135.73449,34.90159],[135.7404,34.90196],[135.74228,34.90278],[135.74528,34.90564],[135.74648,34.90592],[135.74777,34.90561],[135.75174,34.9022],[135.75335,34.9015],[135.75508,34.90182],[135.77587,34.91261],[135.79005,34.91413],[135.79176,34.91491],[135.79268,34.91656],[135.79464,34.92696],[135.79615,34.92941],[135.80355,34.93255],[135.80898,34.93123],[135.81222,34.92712],[135.8177,34.92409],[135.81942,34.92373],[135.83082,34.92507],[135.83343,34.92875],[135.83467,34.92947],[135.83607,34.92951],[135.8409,34.92743],[135.84655,34.92782],[135.84845,34.92867],[135.85202,34.93279],[135.85294,34.93806],[135.8504,34.94689],[135.85235,34.95151],[135.85366,34.95279],[135.85519,34.95314],[135.85691,34.95255],[135.86144,34.94844],[135.86285,34.94772],[135.87753,34.94467],[135.87918,34.9448],[135.88052,34.94577],[135.88113,34.94731],[135.88083,34.94894],[135.87766,34.95537],[135.87604,34.95685],[135.86676,34.96039],[135.86007,34.96751],[135.8572,34.97284],[135.85945,34.983],[135.85739,34.98634],[135.85371,34.98837],[135.85115,34.9938],[135.84867,34.99454],[135.84032,34.99321],[135.83876,34.9938],[135.8378,34.99508],[135.83765,34.99676],[135.83912,35.0],[135.83925,35.00214],[135.83701,35.00919],[135.83837,35.01349],[135.83736,35.02227],[135.83664,35.02391],[135.83511,35.02484],[135.83196,35.02563],[135.83101,35.02659],[135.83004,35.0319],[135.82756,35.03655],[135.82049,35.04122],[135.81929,35.04397],[135.82102,35.04684],[135.8276,35.05025],[135.83254,35.04996],[135.83722,35.05457],[135.838,35.05636],[135.83834,35.06411],[135.83568,35.0715],[135.83623,35.07324],[135.84075,35.07811],[135.84148,35.07952],[135.84262,35.0848],[135.84232,35.08686],[135.83954,35.092],[135.83988,35.09384],[135.84518,35.10076],[135.84578,35.10228],[135.84656,35.10966],[135.85048,35.11402],[135.85243,35.11896],[135.85299,35.12749],[135.85507,35.13459],[135.85251,35.13893],[135.85245,35.14092],[135.85928,35.15312],[135.85963,35.15504],[135.85831,35.16113],[135.85709,35.16205],[135.84938,35.1652],[135.84693,35.16989],[135.84585,35.17301],[135.84585,35.17874],[135.84401,35.18241],[135.84476,35.1895],[135.84434,35.19137],[135.84005,35.19845],[135.83863,35.20621],[135.83548,35.21107],[135.83384,35.21955],[135.83424,35.22049],[135.83981,35.22464],[135.84038,35.23998],[135.84853,35.25579],[135.84889,35.26228],[135.85669,35.26945],[135.85756,35.27091],[135.85842,35.27426],[135.863,35.28142],[135.86329,35.28405],[135.86115,35.29],[135.86021,35.29132],[135.85871,35.29195],[135.85711,35.29172],[135.85151,35.28922],[135.85021,35.2881],[135.84699,35.28309],[135.84111,35.28087],[135.83701,35.278],[135.83357,35.27815],[135.831,35.28008],[135.82445,35.28989],[135.82373,35.29868],[135.81821,35.3037],[135.81118,35.31858],[135.7949,35.32402],[135.79272,35.32265],[135.78532,35.31099],[135.77661,35.30777],[135.77518,35.30666],[135.77465,35.30493],[135.77474,35.29528],[135.77427,35.29336],[135.77337,35.29245],[135.74863,35.28973],[135.73396,35.28975],[135.7322,35.28918],[135.72767,35.28592],[135.72665,35.28461],[135.72647,35.28296],[135.72723,35.27873],[135.72386,35.27411],[135.72263,35.2703],[135.72157,35.26907],[135.71608,35.26765],[135.71249,35.2652],[135.70563,35.26355],[135.70076,35.26063],[135.69179,35.25893],[135.68493,35.26069],[135.67943,35.26015],[135.66746,35.26226],[135.65433,35.26581],[135.65041,35.26324],[135.63942,35.26075],[135.63785,35.25983],[135.62705,35.24783],[135.62628,35.24597],[135.62594,35.23918],[135.62538,35.23836],[135.61921,35.23576],[135.61787,35.23466],[135.6154,35.23093],[135.60692,35.23091],[135.5988,35.22811],[135.58728,35.22043],[135.58688,35.2191],[135.58712,35.21772],[135.58893,35.21357],[135.59292,35.20964],[135.59353,35.20765],[135.59247,35.20224],[135.58621,35.19431],[135.58096,35.19021],[135.57997,35.18885],[135.57855,35.18485],[135.57317,35.17947],[135.56953,35.16878],[135.5601,35.15929],[135.55764,35.15213],[135.5584,35.14536],[135.55616,35.13656]]]}},{"type":"Feature","id":"local-6-3","properties":{"id":"local-6-3","group":"local-6","placeIds":["kyoto"],"alpha":0.11},"geometry":{"type":"Polygon","coordinates":[[[135.55162,35.14991],[135.55187,35.15381],[135.55359,35.15969],[135.55584,35.16352],[135.56429,35.17202],[135.56749,35.1814],[135.56997,35.18518],[135.57341,35.18828],[135.57432,35.19085],[135.57726,35.19494],[135.58195,35.1986],[135.58686,35.20482],[135.58723,35.20668],[135.58344,35.21117],[135.58162,35.21532],[135.58089,35.21945],[135.58211,35.22347],[135.58501,35.22649],[135.59491,35.23285],[135.60497,35.23658],[135.61222,35.23699],[135.61688,35.24129],[135.62011,35.24265],[135.62029,35.24627],[135.62259,35.25185],[135.63339,35.26385],[135.63809,35.2666],[135.64782,35.26881],[135.65325,35.27172],[135.65743,35.27149],[135.66883,35.26811],[135.67954,35.26623],[135.68296,35.2667],[135.68642,35.2665],[135.69198,35.26507],[135.6985,35.26631],[135.70422,35.26938],[135.70985,35.27073],[135.71458,35.27346],[135.71746,35.27421],[135.71901,35.27765],[135.72087,35.2802],[135.72057,35.28191],[135.72108,35.28686],[135.72416,35.29079],[135.72869,35.29405],[135.73396,35.29575],[135.74831,35.29573],[135.76871,35.29797],[135.76865,35.30488],[135.77024,35.31007],[135.77453,35.3134],[135.78134,35.31591],[135.78766,35.32586],[135.79046,35.32865],[135.79419,35.32997],[135.79812,35.32957],[135.81204,35.32488],[135.8152,35.32303],[135.81736,35.32008],[135.82312,35.3074],[135.82687,35.30421],[135.82911,35.30135],[135.83003,35.29784],[135.83035,35.29185],[135.83545,35.28424],[135.83768,35.28579],[135.84286,35.28775],[135.84517,35.29135],[135.84906,35.29469],[135.85466,35.29719],[135.85948,35.2979],[135.86396,35.296],[135.8668,35.29203],[135.86894,35.28609],[135.86942,35.28203],[135.86805,35.27818],[135.86399,35.27184],[135.86337,35.26942],[135.86075,35.26504],[135.85488,35.25964],[135.85487,35.25712],[135.85386,35.25304],[135.84636,35.23848],[135.84617,35.22594],[135.84508,35.22178],[135.84219,35.2186],[135.84037,35.21738],[135.84112,35.21351],[135.84298,35.21094],[135.84454,35.20728],[135.84575,35.20062],[135.84947,35.19448],[135.85073,35.18886],[135.8502,35.18393],[135.85185,35.17873],[135.85185,35.17402],[135.85246,35.17228],[135.85368,35.16992],[135.85936,35.1676],[135.86302,35.16484],[135.86485,35.16062],[135.86556,35.15594],[135.86451,35.15019],[135.85891,35.14018],[135.86102,35.13538],[135.86062,35.13129],[135.85895,35.12636],[135.85863,35.11963],[135.85801,35.11676],[135.85606,35.11182],[135.85231,35.10696],[135.85175,35.10165],[135.84995,35.09711],[135.84622,35.09226],[135.8476,35.08972],[135.84849,35.08353],[135.84735,35.07826],[135.84515,35.07403],[135.84226,35.07093],[135.84398,35.06614],[135.84449,35.0624],[135.84398,35.05589],[135.84164,35.05051],[135.83815,35.0467],[135.83461,35.04433],[135.82801,35.04371],[135.82958,35.04277],[135.83275,35.03955],[135.83488,35.03586],[135.83636,35.03071],[135.84115,35.02787],[135.84332,35.02295],[135.84433,35.01417],[135.84339,35.00894],[135.84497,35.00395],[135.84473,34.99999],[135.84773,35.00046],[135.85169,35.0002],[135.85516,34.99826],[135.85831,34.99294],[135.86227,34.98984],[135.86382,34.98767],[135.86534,34.98412],[135.86523,34.98026],[135.86358,34.97364],[135.86498,34.97104],[135.87019,34.9655],[135.87817,34.96245],[135.88303,34.95803],[135.88621,34.9516],[135.8871,34.94671],[135.88526,34.9421],[135.88126,34.93917],[135.87631,34.9388],[135.86163,34.94185],[135.85748,34.94396],[135.8587,34.93971],[135.85877,34.935],[135.85783,34.93131],[135.85542,34.92711],[135.85265,34.92439],[135.84695,34.92183],[135.84131,34.92145],[135.83648,34.92249],[135.834,34.91998],[135.83004,34.91865],[135.81995,34.91775],[135.8148,34.91884],[135.80931,34.92187],[135.80535,34.92594],[135.80406,34.92625],[135.80032,34.92466],[135.79857,34.91544],[135.79583,34.9105],[135.79069,34.90817],[135.77763,34.90676],[135.75784,34.89649],[135.75266,34.89554],[135.74784,34.89765],[135.74665,34.89866],[135.74077,34.89597],[135.73563,34.89565],[135.73068,34.89403],[135.73264,34.89302],[135.73624,34.88963],[135.7403,34.88281],[135.74154,34.87755],[135.74132,34.87451],[135.73986,34.8702],[135.73647,34.86716],[135.73204,34.86617],[135.72768,34.86747],[135.72066,34.87172],[135.71275,34.87434],[135.70845,34.87739],[135.705,34.88186],[135.70307,34.88619],[135.69816,34.88994],[135.69609,34.893],[135.69463,34.89685],[135.69503,34.90094],[135.69869,34.91171],[135.70075,34.91508],[135.70544,34.92005],[135.70544,34.93492],[135.70673,34.93955],[135.70825,34.94207],[135.70811,34.94522],[135.7045,34.94815],[135.70405,34.94421],[135.70079,34.94026],[135.69904,34.93909],[135.69491,34.9376],[135.67784,34.93591],[135.67057,34.93159],[135.66546,34.92666],[135.66223,34.92466],[135.65847,34.92417],[135.65476,34.92448],[135.65074,34.92201],[135.64461,34.9208],[135.63521,34.9223],[135.63136,34.92389],[135.62931,34.92537],[135.6268,34.92526],[135.61905,34.92014],[135.61375,34.91866],[135.59963,34.91919],[135.5954,34.92043],[135.59227,34.92352],[135.59097,34.92773],[135.59183,34.93205],[135.59541,34.93957],[135.59785,34.94269],[135.60445,34.94806],[135.60644,34.95299],[135.60792,34.95859],[135.60487,34.96842],[135.60469,34.97305],[135.60684,34.97717],[135.61075,34.97966],[135.62019,34.98265],[135.62625,34.98271],[135.62922,34.98353],[135.63013,34.99837],[135.63107,35.00186],[135.6333,35.0047],[135.63556,35.00661],[135.62983,35.01324],[135.6277,35.01812],[135.62896,35.02384],[135.62359,35.02934],[135.61877,35.02979],[135.61571,35.03165],[135.61158,35.03548],[135.60948,35.0384],[135.60869,35.04191],[135.60846,35.05416],[135.60692,35.05351],[135.60337,35.05351],[135.59768,35.05558],[135.5951,35.05872],[135.59349,35.06195],[135.58424,35.07049],[135.58168,35.07467],[135.58169,35.07957],[135.58482,35.08949],[135.59032,35.09882],[135.59444,35.10224],[135.59283,35.10262],[135.58965,35.10527],[135.58549,35.11081],[135.58403,35.11376],[135.58263,35.11871],[135.57842,35.11875],[135.57314,35.12046],[135.56758,35.1188],[135.56253,35.12057],[135.55656,35.12501],[135.55418,35.12765],[135.55139,35.13236],[135.55021,35.13578],[135.55048,35.1394],[135.55227,35.14573],[135.55162,35.14991]],[[135.55336,35.13858],[135.55318,35.13617],[135.55397,35.13389],[135.55676,35.12918],[135.55835,35.12742],[135.56432,35.12298],[135.56769,35.1218],[135.57113,35.12274],[135.57307,35.12398],[135.57549,35.12256],[135.57845,35.12175],[135.58491,35.12169],[135.58692,35.11458],[135.59205,35.10707],[135.59417,35.1053],[135.59685,35.10467],[135.60275,35.10467],[135.60375,35.10421],[135.60706,35.1007],[135.60531,35.0999],[135.60286,35.10083],[135.59872,35.10086],[135.59605,35.09991],[135.5929,35.0973],[135.58681,35.08657],[135.58458,35.07875],[135.58457,35.07548],[135.58628,35.07269],[135.59594,35.06378],[135.59778,35.06006],[135.59951,35.05796],[135.60198,35.05684],[135.60632,35.05645],[135.60851,35.05737],[135.6129,35.06036],[135.61145,35.05464],[135.61169,35.04197],[135.61222,35.03963],[135.61362,35.03768],[135.61775,35.03385],[135.61979,35.03261],[135.62515,35.03203],[135.63214,35.02488],[135.63247,35.02405],[135.63135,35.02193],[135.63068,35.01845],[135.6321,35.0152],[135.63968,35.00617],[135.63524,35.00241],[135.63375,35.00052],[135.63312,34.99819],[135.63209,34.98121],[135.62646,34.97965],[135.6211,34.97979],[135.61166,34.9768],[135.60905,34.97514],[135.60761,34.9724],[135.60774,34.96931],[135.61104,34.95865],[135.60929,34.95204],[135.60695,34.94623],[135.59975,34.94036],[135.59812,34.93829],[135.59454,34.93076],[135.59397,34.92788],[135.59483,34.92507],[135.59692,34.92301],[135.59974,34.92219],[135.61386,34.92166],[135.61739,34.92265],[135.62584,34.92822],[135.62956,34.92838],[135.63568,34.92526],[135.64509,34.92376],[135.64917,34.92457],[135.65403,34.92755],[135.65871,34.92716],[135.66123,34.92749],[135.66338,34.92882],[135.66874,34.93399],[135.67688,34.93883],[135.69461,34.94059],[135.69737,34.94158],[135.69911,34.94275],[135.70129,34.94538],[135.70168,34.94877],[135.70015,34.95183],[135.69542,34.9569],[135.69346,34.9622],[135.69399,34.96228],[135.70334,34.95749],[135.7038,34.95459],[135.70595,34.95083],[135.71095,34.94677],[135.71107,34.9462],[135.71128,34.9413],[135.7093,34.93801],[135.70844,34.93492],[135.70844,34.91937],[135.7078,34.91804],[135.7029,34.91299],[135.70153,34.91074],[135.69787,34.89998],[135.6976,34.89725],[135.69858,34.89468],[135.70065,34.89162],[135.70292,34.88963],[135.70556,34.88829],[135.70737,34.88369],[135.71082,34.87922],[135.71369,34.87719],[135.72193,34.87446],[135.72923,34.87003],[135.73214,34.86917],[135.7351,34.86983],[135.73735,34.87186],[135.73833,34.87473],[135.73855,34.87777],[135.73772,34.88127],[135.73367,34.88809],[135.73126,34.89035],[135.72839,34.89183],[135.72632,34.89449],[135.72632,34.89529],[135.72706,34.89601],[135.73506,34.89862],[135.74058,34.89897],[135.74434,34.90061],[135.74654,34.9027],[135.74979,34.89992],[135.75301,34.89852],[135.75646,34.89915],[135.77675,34.90969],[135.79037,34.91115],[135.7938,34.91271],[135.79562,34.916],[135.79749,34.92586],[135.7982,34.92703],[135.8038,34.9294],[135.80716,34.92859],[135.81077,34.92449],[135.81625,34.92146],[135.81969,34.92074],[135.82977,34.92164],[135.83241,34.92253],[135.83551,34.9264],[135.83786,34.92514],[135.84111,34.92444],[135.84675,34.92483],[135.85055,34.92653],[135.85332,34.92925],[135.85493,34.93205],[135.85587,34.93574],[135.85582,34.93889],[135.85357,34.9467],[135.8551,34.95],[135.85942,34.94622],[135.86224,34.94479],[135.87692,34.94173],[135.88022,34.94198],[135.88289,34.94394],[135.88411,34.94701],[135.88352,34.95027],[135.88034,34.9567],[135.87711,34.95965],[135.86847,34.96294],[135.86253,34.96928],[135.86039,34.97324],[135.86232,34.98098],[135.86239,34.98356],[135.85983,34.98809],[135.85601,34.99066],[135.85468,34.99387],[135.85315,34.99603],[135.85084,34.99733],[135.8482,34.9975],[135.84075,34.99632],[135.84185,34.99876],[135.84211,35.00304],[135.8402,35.00906],[135.84135,35.01383],[135.84034,35.02261],[135.83889,35.02589],[135.83583,35.02775],[135.83376,35.02827],[135.83228,35.03436],[135.83015,35.03805],[135.82804,35.0402],[135.82266,35.04375],[135.82316,35.04457],[135.82815,35.04716],[135.83076,35.04683],[135.83358,35.04715],[135.83594,35.04873],[135.83943,35.05254],[135.84099,35.05612],[135.8415,35.06263],[135.84116,35.06513],[135.83885,35.07157],[135.84295,35.07607],[135.84441,35.07889],[135.84555,35.08417],[135.84496,35.08829],[135.8427,35.09259],[135.84756,35.09894],[135.84877,35.10196],[135.84944,35.10831],[135.85327,35.11292],[135.85522,35.11786],[135.85597,35.12693],[135.85778,35.13225],[135.85805,35.13498],[135.85547,35.14019],[135.8619,35.15166],[135.86259,35.15549],[135.86188,35.16017],[135.86067,35.16298],[135.85822,35.16482],[135.85153,35.16756],[135.84969,35.17108],[135.84885,35.17351],[135.84885,35.17873],[135.8471,35.18317],[135.84774,35.18918],[135.84691,35.19292],[135.8429,35.19953],[135.84158,35.20674],[135.84054,35.20918],[135.8383,35.21229],[135.83705,35.21877],[135.84052,35.22109],[135.84245,35.22321],[135.84317,35.22599],[135.84337,35.23923],[135.8512,35.25441],[135.85187,35.25713],[135.85188,35.26096],[135.85872,35.26725],[135.86047,35.27017],[135.86121,35.27305],[135.86553,35.2798],[135.86643,35.28237],[135.86612,35.28507],[135.86397,35.29101],[135.86209,35.29366],[135.8591,35.29493],[135.85588,35.29446],[135.85029,35.29196],[135.84769,35.28973],[135.84487,35.28535],[135.8394,35.28333],[135.83612,35.28105],[135.83463,35.28111],[135.83321,35.28218],[135.8274,35.29087],[135.82703,35.29768],[135.82642,35.30002],[135.82493,35.30192],[135.82067,35.30555],[135.81463,35.31884],[135.81319,35.32081],[135.81108,35.32204],[135.79717,35.32672],[135.79454,35.327],[135.79206,35.32611],[135.79019,35.32425],[135.78333,35.31345],[135.77557,35.31059],[135.77271,35.30836],[135.77165,35.3049],[135.77165,35.29528],[135.74847,35.29273],[135.73396,35.29275],[135.73044,35.29162],[135.72592,35.28835],[135.72387,35.28574],[135.72352,35.28243],[135.72405,35.27947],[135.72143,35.27588],[135.71991,35.27174],[135.71533,35.27056],[135.71117,35.26796],[135.70492,35.26646],[135.69963,35.26347],[135.69189,35.262],[135.68567,35.26359],[135.67948,35.26319],[135.66814,35.26518],[135.65658,35.26861],[135.65379,35.26876],[135.64911,35.26602],[135.63876,35.26368],[135.63562,35.26184],[135.62482,35.24984],[135.62328,35.24612],[135.62301,35.24062],[135.61804,35.23853],[135.61537,35.23631],[135.61381,35.23396],[135.60595,35.23374],[135.59653,35.23032],[135.58663,35.22397],[135.5847,35.22195],[135.58388,35.21927],[135.58437,35.21652],[135.58619,35.21237],[135.59044,35.20749],[135.58967,35.20353],[135.58408,35.19645],[135.57911,35.19257],[135.57715,35.18985],[135.57598,35.18656],[135.57199,35.18295],[135.57033,35.18044],[135.56691,35.1704],[135.55797,35.1614],[135.55647,35.15885],[135.55475,35.15297],[135.55459,35.15037],[135.55534,35.14555],[135.55336,35.13858]]]}},{"type":"Feature","id":"local-6-4","properties":{"id":"local-6-4","group":"local-6","placeIds":["kyoto"],"alpha":0.035},"geometry":{"type":"Polygon","coordinates":[[[135.54866,35.14945],[135.54899,35.15465],[135.55071,35.16053],[135.55371,35.16563],[135.56168,35.17365],[135.56465,35.18237],[135.56796,35.1874],[135.57083,35.19],[135.57149,35.19186],[135.57542,35.1973],[135.57982,35.20074],[135.58377,35.20574],[135.58069,35.20997],[135.57887,35.21412],[135.57789,35.21963],[135.57952,35.22498],[135.58339,35.22902],[135.59329,35.23537],[135.60399,35.23942],[135.61084,35.24002],[135.61572,35.24406],[135.6172,35.24468],[135.61729,35.24642],[135.62036,35.25386],[135.63116,35.26586],[135.63743,35.26953],[135.64652,35.27159],[135.65271,35.27467],[135.65828,35.27437],[135.66952,35.27103],[135.6796,35.26926],[135.68255,35.26967],[135.68716,35.2694],[135.69208,35.26814],[135.69737,35.26915],[135.70352,35.2723],[135.70852,35.2735],[135.71531,35.27675],[135.71769,35.28093],[135.7183,35.28799],[135.72241,35.29322],[135.72693,35.29648],[135.73397,35.29875],[135.74815,35.29873],[135.76569,35.30066],[135.76565,35.30485],[135.76777,35.31177],[135.77349,35.31621],[135.77935,35.31838],[135.78512,35.32747],[135.78886,35.33119],[135.79383,35.33295],[135.79908,35.33241],[135.813,35.32773],[135.81721,35.32526],[135.82009,35.32132],[135.82557,35.30925],[135.82882,35.30649],[135.83179,35.30268],[135.83302,35.298],[135.8333,35.29284],[135.83627,35.2884],[135.84095,35.29034],[135.84265,35.29297],[135.84784,35.29743],[135.85343,35.29993],[135.85986,35.30088],[135.86584,35.29833],[135.86962,35.29305],[135.87176,35.2871],[135.8724,35.2817],[135.87058,35.27657],[135.86678,35.27063],[135.86628,35.26867],[135.86278,35.26283],[135.85787,35.25831],[135.85653,35.25166],[135.84935,35.23773],[135.84917,35.2259],[135.84772,35.22035],[135.84369,35.216],[135.84749,35.20782],[135.8486,35.2017],[135.85204,35.19603],[135.85371,35.18854],[135.85323,35.18407],[135.85485,35.17873],[135.85522,35.17347],[135.85584,35.17228],[135.86049,35.17038],[135.86538,35.16669],[135.86781,35.16107],[135.86853,35.15639],[135.86713,35.14873],[135.86233,35.14015],[135.86399,35.13578],[135.86346,35.13032],[135.86192,35.1258],[135.86162,35.11949],[135.8608,35.11566],[135.85885,35.11072],[135.85518,35.10562],[135.85474,35.10134],[135.85233,35.09529],[135.84979,35.09198],[135.85142,35.0829],[135.85028,35.07762],[135.84735,35.07199],[135.8457,35.07022],[135.84681,35.06716],[135.84748,35.06216],[135.84697,35.05566],[135.84385,35.04849],[135.84036,35.04467],[135.83497,35.04144],[135.83748,35.03737],[135.83909,35.03248],[135.8434,35.02985],[135.8463,35.02329],[135.84731,35.01451],[135.84654,35.00891],[135.84783,35.00485],[135.84774,35.00339],[135.85254,35.00308],[135.85717,35.00049],[135.86085,34.99467],[135.8647,34.99159],[135.86625,34.98942],[135.86829,34.98468],[135.86814,34.97953],[135.86678,34.97404],[135.86744,34.97281],[135.8719,34.96806],[135.87924,34.96525],[135.88572,34.95936],[135.8889,34.95293],[135.89008,34.94641],[135.88764,34.94027],[135.8823,34.93635],[135.8757,34.93586],[135.86161,34.93879],[135.86168,34.93426],[135.86074,34.93057],[135.85752,34.92497],[135.85475,34.92225],[135.84716,34.91884],[135.84152,34.91846],[135.83746,34.91933],[135.83559,34.91743],[135.8303,34.91566],[135.82022,34.91476],[135.81335,34.91621],[135.80786,34.91924],[135.80382,34.92289],[135.80297,34.92253],[135.80152,34.91488],[135.79787,34.9083],[135.79101,34.90518],[135.77851,34.90384],[135.75922,34.89383],[135.75232,34.89256],[135.74616,34.89525],[135.74096,34.89298],[135.73714,34.89274],[135.73882,34.89116],[135.74288,34.88434],[135.74454,34.87733],[135.74432,34.87429],[135.74236,34.86855],[135.73785,34.8645],[135.73193,34.86317],[135.72612,34.8649],[135.7194,34.86898],[135.71181,34.87149],[135.70607,34.87555],[135.70262,34.88003],[135.70057,34.88409],[135.69568,34.88826],[135.69361,34.89132],[135.69166,34.89645],[135.69219,34.90191],[135.69585,34.91268],[135.6986,34.91717],[135.70244,34.92113],[135.70244,34.93492],[135.70363,34.93919],[135.70071,34.9366],[135.6952,34.93462],[135.6788,34.93299],[135.6724,34.92919],[135.66754,34.9245],[135.66324,34.92184],[135.65822,34.92118],[135.65549,34.92141],[135.6523,34.91945],[135.64414,34.91783],[135.63473,34.91934],[135.6284,34.92233],[135.6207,34.91764],[135.61364,34.91566],[135.59951,34.91619],[135.59388,34.91784],[135.5897,34.92196],[135.58798,34.92758],[135.58912,34.93334],[135.5927,34.94086],[135.59596,34.94501],[135.60196,34.9499],[135.60359,34.95394],[135.6048,34.95852],[135.60201,34.96753],[135.60176,34.97371],[135.60463,34.9792],[135.60985,34.98252],[135.61929,34.98551],[135.62636,34.98585],[135.62713,34.99856],[135.62838,35.00321],[135.63132,35.00693],[135.62756,35.01128],[135.62472,35.01778],[135.62569,35.02289],[135.62238,35.02629],[135.61775,35.02697],[135.61368,35.02945],[135.60954,35.03328],[135.60674,35.03717],[135.60569,35.04186],[135.60553,35.05057],[135.60081,35.05096],[135.59586,35.0532],[135.59241,35.05739],[135.59105,35.06012],[135.58221,35.06828],[135.57879,35.07386],[135.57881,35.0804],[135.58104,35.08822],[135.58773,35.10035],[135.58937,35.1017],[135.58725,35.10347],[135.58309,35.10901],[135.58114,35.11295],[135.58035,35.11573],[135.57839,35.11575],[135.57286,35.11727],[135.56747,35.11581],[135.56074,35.11816],[135.55477,35.1226],[135.5516,35.12612],[135.54881,35.13083],[135.54723,35.1354],[135.54759,35.14022],[135.54921,35.14592],[135.54866,35.14945]],[[135.55048,35.1394],[135.55021,35.13578],[135.55139,35.13236],[135.55418,35.12765],[135.55656,35.12501],[135.56253,35.12057],[135.56758,35.1188],[135.57314,35.12046],[135.57842,35.11875],[135.58263,35.11871],[135.58403,35.11376],[135.58549,35.11081],[135.58965,35.10527],[135.59283,35.10262],[135.59444,35.10224],[135.59032,35.09882],[135.58482,35.08949],[135.58169,35.07957],[135.58168,35.07467],[135.58424,35.07049],[135.59349,35.06195],[135.5951,35.05872],[135.59768,35.05558],[135.60337,35.05351],[135.60692,35.05351],[135.60846,35.05416],[135.60869,35.04191],[135.60948,35.0384],[135.61158,35.03548],[135.61571,35.03165],[135.61877,35.02979],[135.62359,35.02934],[135.62896,35.02384],[135.6277,35.01812],[135.62983,35.01324],[135.63556,35.00661],[135.6333,35.0047],[135.63107,35.00186],[135.63013,34.99837],[135.62922,34.98353],[135.62625,34.98271],[135.62019,34.98265],[135.61075,34.97966],[135.60684,34.97717],[135.60469,34.97305],[135.60487,34.96842],[135.60792,34.95859],[135.60644,34.95299],[135.60445,34.94806],[135.59785,34.94269],[135.59541,34.93957],[135.59183,34.93205],[135.59097,34.92773],[135.59227,34.92352],[135.5954,34.92043],[135.59963,34.91919],[135.61375,34.91866],[135.61905,34.92014],[135.6268,34.92526],[135.62931,34.92537],[135.63136,34.92389],[135.63521,34.9223],[135.64461,34.9208],[135.65074,34.92201],[135.65476,34.92448],[135.65847,34.92417],[135.66223,34.92466],[135.66546,34.92666],[135.67057,34.93159],[135.67784,34.93591],[135.69491,34.9376],[135.69904,34.93909],[135.70079,34.94026],[135.70405,34.94421],[135.7045,34.94815],[135.70811,34.94522],[135.70825,34.94207],[135.70673,34.93955],[135.70544,34.93492],[135.70544,34.92005],[135.70075,34.91508],[135.69869,34.91171],[135.69503,34.90094],[135.69463,34.89685],[135.69609,34.893],[135.69816,34.88994],[135.70307,34.88619],[135.705,34.88186],[135.70845,34.87739],[135.71275,34.87434],[135.72066,34.87172],[135.72768,34.86747],[135.73204,34.86617],[135.73647,34.86716],[135.73986,34.8702],[135.74132,34.87451],[135.74154,34.87755],[135.7403,34.88281],[135.73624,34.88963],[135.73264,34.89302],[135.73068,34.89403],[135.73563,34.89565],[135.74077,34.89597],[135.74665,34.89866],[135.74784,34.89765],[135.75266,34.89554],[135.75784,34.89649],[135.77763,34.90676],[135.79069,34.90817],[135.79583,34.9105],[135.79857,34.91544],[135.80032,34.92466],[135.80406,34.92625],[135.80535,34.92594],[135.80931,34.92187],[135.8148,34.91884],[135.81995,34.91775],[135.83004,34.91865],[135.834,34.91998],[135.83648,34.92249],[135.84131,34.92145],[135.84695,34.92183],[135.85265,34.92439],[135.85542,34.92711],[135.85783,34.93131],[135.85877,34.935],[135.8587,34.93971],[135.85748,34.94396],[135.86163,34.94185],[135.87631,34.9388],[135.88126,34.93917],[135.88526,34.9421],[135.8871,34.94671],[135.88621,34.9516],[135.88303,34.95803],[135.87817,34.96245],[135.87019,34.9655],[135.86498,34.97104],[135.86358,34.97364],[135.86523,34.98026],[135.86534,34.98412],[135.86382,34.98767],[135.86227,34.98984],[135.85831,34.99294],[135.85516,34.99826],[135.85169,35.0002],[135.84773,35.00046],[135.84473,34.99999],[135.84497,35.00395],[135.84339,35.00894],[135.84433,35.01417],[135.84332,35.02295],[135.84115,35.02787],[135.83636,35.03071],[135.83488,35.03586],[135.83275,35.03955],[135.82958,35.04277],[135.82801,35.04371],[135.83461,35.04433],[135.83815,35.0467],[135.84164,35.05051],[135.84398,35.05589],[135.84449,35.0624],[135.84398,35.06614],[135.84226,35.07093],[135.84515,35.07403],[135.84735,35.07826],[135.84849,35.08353],[135.8476,35.08972],[135.84622,35.09226],[135.84995,35.09711],[135.85175,35.10165],[135.85231,35.10696],[135.85606,35.11182],[135.85801,35.11676],[135.85863,35.11963],[135.85895,35.12636],[135.86062,35.13129],[135.86102,35.13538],[135.85891,35.14018],[135.86451,35.15019],[135.86556,35.15594],[135.86485,35.16062],[135.86302,35.16484],[135.85936,35.1676],[135.85368,35.16992],[135.85246,35.17228],[135.85185,35.17402],[135.85185,35.17873],[135.8502,35.18393],[135.85073,35.18886],[135.84947,35.19448],[135.84575,35.20062],[135.84454,35.20728],[135.84298,35.21094],[135.84112,35.21351],[135.84037,35.21738],[135.84219,35.2186],[135.84508,35.22178],[135.84617,35.22594],[135.84636,35.23848],[135.85386,35.25304],[135.85487,35.25712],[135.85488,35.25964],[135.86075,35.26504],[135.86337,35.26942],[135.86399,35.27184],[135.86805,35.27818],[135.86942,35.28203],[135.86894,35.28609],[135.8668,35.29203],[135.86396,35.296],[135.85948,35.2979],[135.85466,35.29719],[135.84906,35.29469],[135.84517,35.29135],[135.84286,35.28775],[135.83768,35.28579],[135.83545,35.28424],[135.83035,35.29185],[135.83003,35.29784],[135.82911,35.30135],[135.82687,35.30421],[135.82312,35.3074],[135.81736,35.32008],[135.8152,35.32303],[135.81204,35.32488],[135.79812,35.32957],[135.79419,35.32997],[135.79046,35.32865],[135.78766,35.32586],[135.78134,35.31591],[135.77453,35.3134],[135.77024,35.31007],[135.76865,35.30488],[135.76871,35.29797],[135.74831,35.29573],[135.73396,35.29575],[135.72869,35.29405],[135.72416,35.29079],[135.72108,35.28686],[135.72057,35.28191],[135.72087,35.2802],[135.71901,35.27765],[135.71746,35.27421],[135.71458,35.27346],[135.70985,35.27073],[135.70422,35.26938],[135.6985,35.26631],[135.69198,35.26507],[135.68642,35.2665],[135.68296,35.2667],[135.67954,35.26623],[135.66883,35.26811],[135.65743,35.27149],[135.65325,35.27172],[135.64782,35.26881],[135.63809,35.2666],[135.63339,35.26385],[135.62259,35.25185],[135.62029,35.24627],[135.62011,35.24265],[135.61688,35.24129],[135.61222,35.23699],[135.60497,35.23658],[135.59491,35.23285],[135.58501,35.22649],[135.58211,35.22347],[135.58089,35.21945],[135.58162,35.21532],[135.58344,35.21117],[135.58723,35.20668],[135.58686,35.20482],[135.58195,35.1986],[135.57726,35.19494],[135.57432,35.19085],[135.57341,35.18828],[135.56997,35.18518],[135.56749,35.1814],[135.56429,35.17202],[135.55584,35.16352],[135.55359,35.15969],[135.55187,35.15381],[135.55162,35.14991],[135.55227,35.14573],[135.55048,35.1394]]]}},{"type":"Feature","id":"local-7-0","properties":{"id":"local-7-0","group":"local-7","placeIds":["shibuya"],"alpha":0.62},"geometry":{"type":"Polygon","coordinates":[[[139.66183,35.67223],[139.66228,35.67519],[139.68377,35.69181],[139.68592,35.68674],[139.69091,35.68447],[139.69887,35.68828],[139.70498,35.68792],[139.70858,35.68382],[139.71431,35.68068],[139.71404,35.67667],[139.71598,35.67327],[139.7119,35.66803],[139.71071,35.66282],[139.71324,35.65883],[139.72192,35.65564],[139.72259,35.6447],[139.71866,35.64153],[139.70772,35.64269],[139.69324,35.65369],[139.68873,35.65965],[139.68499,35.66201],[139.67507,35.66399],[139.67166,35.6699],[139.66944,35.67143],[139.66183,35.67223]]]}},{"type":"Feature","id":"local-7-1","properties":{"id":"local-7-1","group":"local-7","placeIds":["shibuya"],"alpha":0.43},"geometry":{"type":"Polygon","coordinates":[[[139.66003,35.66983],[139.65906,35.6711],[139.65931,35.67563],[139.66044,35.67756],[139.68193,35.69419],[139.68362,35.69481],[139.68536,35.69435],[139.68653,35.69298],[139.68823,35.68899],[139.69087,35.68778],[139.69904,35.69127],[139.7063,35.69061],[139.71049,35.6862],[139.71575,35.68331],[139.71694,35.68212],[139.71709,35.67737],[139.71858,35.67476],[139.71897,35.67305],[139.71834,35.67143],[139.71467,35.66671],[139.71391,35.66337],[139.71523,35.66129],[139.72295,35.65846],[139.72433,35.65744],[139.72492,35.65583],[139.72534,35.64349],[139.72054,35.63919],[139.71834,35.63854],[139.70741,35.63971],[139.70591,35.6403],[139.69142,35.65131],[139.68667,35.6574],[139.68386,35.65918],[139.67333,35.66155],[139.66941,35.66781],[139.66837,35.66852],[139.66152,35.66925],[139.66003,35.66983]],[[139.66944,35.67143],[139.67166,35.6699],[139.67507,35.66399],[139.68499,35.66201],[139.68873,35.65965],[139.69324,35.65369],[139.70772,35.64269],[139.71866,35.64153],[139.72259,35.6447],[139.72192,35.65564],[139.71324,35.65883],[139.71071,35.66282],[139.7119,35.66803],[139.71598,35.67327],[139.71404,35.67667],[139.71431,35.68068],[139.70858,35.68382],[139.70498,35.68792],[139.69887,35.68828],[139.69091,35.68447],[139.68592,35.68674],[139.68377,35.69181],[139.66228,35.67519],[139.66183,35.67223],[139.66944,35.67143]]]}},{"type":"Feature","id":"local-7-2","properties":{"id":"local-7-2","group":"local-7","placeIds":["shibuya"],"alpha":0.25},"geometry":{"type":"Polygon","coordinates":[[[139.65823,35.66743],[139.65628,35.66996],[139.6559,35.67313],[139.65635,35.67608],[139.65861,35.67993],[139.6801,35.69656],[139.68347,35.69781],[139.68696,35.6969],[139.68929,35.69416],[139.69084,35.69109],[139.69628,35.69369],[139.69922,35.69427],[139.70534,35.69391],[139.70761,35.69331],[139.71239,35.68857],[139.7172,35.68594],[139.71957,35.68356],[139.72029,35.68027],[139.72015,35.67807],[139.72119,35.67624],[139.72196,35.67284],[139.72071,35.66958],[139.71745,35.6654],[139.71711,35.66393],[139.72399,35.66128],[139.72673,35.65923],[139.72791,35.65601],[139.72858,35.64507],[139.72808,35.64228],[139.72636,35.64003],[139.72242,35.63686],[139.71802,35.63556],[139.70709,35.63672],[139.70409,35.63791],[139.68961,35.64892],[139.68461,35.65516],[139.68273,35.65634],[139.6739,35.6581],[139.67158,35.65911],[139.66988,35.66099],[139.6672,35.66563],[139.6612,35.66627],[139.65823,35.66743]],[[139.66837,35.66852],[139.66941,35.66781],[139.67333,35.66155],[139.68386,35.65918],[139.68667,35.6574],[139.69142,35.65131],[139.70591,35.6403],[139.70741,35.63971],[139.71834,35.63854],[139.72054,35.63919],[139.72534,35.64349],[139.72492,35.65583],[139.72433,35.65744],[139.72295,35.65846],[139.71523,35.66129],[139.71391,35.66337],[139.71467,35.66671],[139.71834,35.67143],[139.71897,35.67305],[139.71858,35.67476],[139.71709,35.67737],[139.71694,35.68212],[139.71575,35.68331],[139.71049,35.6862],[139.7063,35.69061],[139.69904,35.69127],[139.69087,35.68778],[139.68823,35.68899],[139.68653,35.69298],[139.68536,35.69435],[139.68362,35.69481],[139.68193,35.69419],[139.66044,35.67756],[139.65931,35.67563],[139.65906,35.6711],[139.66003,35.66983],[139.66152,35.66925],[139.66837,35.66852]]]}},{"type":"Feature","id":"local-7-3","properties":{"id":"local-7-3","group":"local-7","placeIds":["shibuya"],"alpha":0.11},"geometry":{"type":"Polygon","coordinates":[[[139.65643,35.66503],[139.65351,35.66882],[139.65294,35.67357],[139.65338,35.67653],[139.65677,35.6823],[139.67826,35.69893],[139.68333,35.7008],[139.68855,35.69944],[139.69217,35.69505],[139.69498,35.6964],[139.6994,35.69726],[139.70551,35.6969],[139.70893,35.696],[139.71174,35.69386],[139.7143,35.69095],[139.71864,35.68856],[139.7222,35.685],[139.7232,35.67877],[139.72495,35.67263],[139.72308,35.66774],[139.7213,35.66546],[139.72502,35.66409],[139.72914,35.66102],[139.73091,35.6562],[139.73158,35.64525],[139.73083,35.64107],[139.72824,35.6377],[139.72431,35.63452],[139.71771,35.63258],[139.70677,35.63374],[139.70228,35.63552],[139.68779,35.64653],[139.68254,35.65291],[139.6816,35.65351],[139.67331,35.65516],[139.66983,35.65667],[139.66728,35.65949],[139.66537,35.66281],[139.66088,35.66328],[139.65643,35.66503]],[[139.6672,35.66563],[139.66988,35.66099],[139.67158,35.65911],[139.6739,35.6581],[139.68273,35.65634],[139.68461,35.65516],[139.68961,35.64892],[139.70409,35.63791],[139.70709,35.63672],[139.71802,35.63556],[139.72242,35.63686],[139.72636,35.64003],[139.72808,35.64228],[139.72858,35.64507],[139.72791,35.65601],[139.72673,35.65923],[139.72399,35.66128],[139.71711,35.66393],[139.71745,35.6654],[139.72071,35.66958],[139.72196,35.67284],[139.72119,35.67624],[139.72015,35.67807],[139.72029,35.68027],[139.71957,35.68356],[139.7172,35.68594],[139.71239,35.68857],[139.70761,35.69331],[139.70534,35.69391],[139.69922,35.69427],[139.69628,35.69369],[139.69084,35.69109],[139.68929,35.69416],[139.68696,35.6969],[139.68347,35.69781],[139.6801,35.69656],[139.65861,35.67993],[139.65635,35.67608],[139.6559,35.67313],[139.65628,35.66996],[139.65823,35.66743],[139.6612,35.66627],[139.6672,35.66563]]]}},{"type":"Feature","id":"local-7-4","properties":{"id":"local-7-4","group":"local-7","placeIds":["shibuya"],"alpha":0.035},"geometry":{"type":"Polygon","coordinates":[[[139.65463,35.66264],[139.65073,35.66769],[139.64997,35.67402],[139.65041,35.67698],[139.65494,35.68468],[139.67643,35.7013],[139.68318,35.7038],[139.69015,35.70198],[139.69291,35.69873],[139.69958,35.70026],[139.70569,35.6999],[139.71025,35.6987],[139.71399,35.69584],[139.7162,35.69333],[139.72009,35.69119],[139.72484,35.68643],[139.72795,35.67241],[139.72586,35.66698],[139.73154,35.66281],[139.7339,35.65638],[139.73457,35.64544],[139.73357,35.63986],[139.73013,35.63536],[139.72619,35.63219],[139.71739,35.62959],[139.70646,35.63076],[139.70047,35.63313],[139.68598,35.64414],[139.68048,35.65067],[139.67273,35.65222],[139.66808,35.65424],[139.66468,35.65799],[139.66353,35.65998],[139.66057,35.6603],[139.65463,35.66264]],[[139.66537,35.66281],[139.66728,35.65949],[139.66983,35.65667],[139.67331,35.65516],[139.6816,35.65351],[139.68254,35.65291],[139.68779,35.64653],[139.70228,35.63552],[139.70677,35.63374],[139.71771,35.63258],[139.72431,35.63452],[139.72824,35.6377],[139.73083,35.64107],[139.73158,35.64525],[139.73091,35.6562],[139.72914,35.66102],[139.72502,35.66409],[139.7213,35.66546],[139.72308,35.66774],[139.72495,35.67263],[139.7232,35.67877],[139.7222,35.685],[139.71864,35.68856],[139.7143,35.69095],[139.71174,35.69386],[139.70893,35.696],[139.70551,35.6969],[139.6994,35.69726],[139.69498,35.6964],[139.69217,35.69505],[139.68855,35.69944],[139.68333,35.7008],[139.67826,35.69893],[139.65677,35.6823],[139.65338,35.67653],[139.65294,35.67357],[139.65351,35.66882],[139.65643,35.66503],[139.66088,35.66328],[139.66537,35.66281]]]}},{"type":"Feature","id":"local-8-0","properties":{"id":"local-8-0","group":"local-8","placeIds":["paris"],"alpha":0.62},"geometry":{"type":"Polygon","coordinates":[[[2.22448,48.85364],[2.23019,48.86702],[2.24574,48.87628],[2.25422,48.8755],[2.25932,48.88032],[2.2782,48.87958],[2.28602,48.88671],[2.31939,48.90026],[2.38418,48.90214],[2.39062,48.90088],[2.39483,48.89865],[2.39737,48.89512],[2.40071,48.88434],[2.40863,48.88054],[2.41194,48.87708],[2.41632,48.84941],[2.41943,48.84496],[2.42672,48.8417],[2.43228,48.84127],[2.43574,48.84206],[2.44084,48.8458],[2.44697,48.84572],[2.4644,48.84132],[2.46952,48.83522],[2.46588,48.83111],[2.46484,48.82366],[2.46304,48.8198],[2.45843,48.81691],[2.43815,48.81813],[2.42808,48.82362],[2.41127,48.82495],[2.40219,48.82903],[2.36376,48.8163],[2.35688,48.81595],[2.35227,48.81771],[2.34374,48.81564],[2.3326,48.81693],[2.32876,48.81906],[2.29244,48.82709],[2.28215,48.83123],[2.27916,48.83163],[2.27187,48.8279],[2.26796,48.82799],[2.26662,48.83201],[2.26455,48.83388],[2.25474,48.83529],[2.25183,48.83886],[2.25156,48.84319],[2.25001,48.84551],[2.22448,48.85364]]]}},{"type":"Feature","id":"local-8-1","properties":{"id":"local-8-1","group":"local-8","placeIds":["paris"],"alpha":0.43},"geometry":{"type":"Polygon","coordinates":[[[2.2222,48.85169],[2.22151,48.85319],[2.22172,48.85482],[2.22743,48.8682],[2.22866,48.8696],[2.24421,48.87886],[2.24602,48.87927],[2.25315,48.87861],[2.25726,48.8825],[2.25943,48.88331],[2.27709,48.88262],[2.28489,48.88949],[2.3193,48.90326],[2.38409,48.90514],[2.3912,48.90382],[2.39623,48.90131],[2.40024,48.89601],[2.40319,48.88648],[2.40993,48.88324],[2.41411,48.87915],[2.4149,48.87754],[2.41917,48.85056],[2.42142,48.84736],[2.42747,48.84465],[2.43206,48.8443],[2.43447,48.84485],[2.43906,48.84822],[2.44088,48.8488],[2.44701,48.84872],[2.46513,48.84423],[2.4667,48.84325],[2.47182,48.83714],[2.47245,48.83588],[2.47243,48.83447],[2.46873,48.82979],[2.46782,48.82325],[2.46576,48.81853],[2.46463,48.81726],[2.46002,48.81437],[2.45825,48.81391],[2.43797,48.81513],[2.4272,48.82068],[2.41103,48.82196],[2.40203,48.82582],[2.3647,48.81345],[2.35703,48.81296],[2.35207,48.81457],[2.34339,48.81266],[2.33226,48.81395],[2.32769,48.81623],[2.29179,48.82416],[2.28138,48.8283],[2.27969,48.82853],[2.27323,48.82523],[2.26789,48.82499],[2.26618,48.82557],[2.26511,48.82704],[2.26402,48.83031],[2.26321,48.83104],[2.25431,48.83232],[2.25241,48.83339],[2.2495,48.83697],[2.24884,48.83867],[2.24862,48.8422],[2.2481,48.84297],[2.22357,48.85078],[2.2222,48.85169]],[[2.25001,48.84551],[2.25156,48.84319],[2.25183,48.83886],[2.25474,48.83529],[2.26455,48.83388],[2.26662,48.83201],[2.26796,48.82799],[2.27187,48.8279],[2.27916,48.83163],[2.28215,48.83123],[2.29244,48.82709],[2.32876,48.81906],[2.3326,48.81693],[2.34374,48.81564],[2.35227,48.81771],[2.35688,48.81595],[2.36376,48.8163],[2.40219,48.82903],[2.41127,48.82495],[2.42808,48.82362],[2.43815,48.81813],[2.45843,48.81691],[2.46304,48.8198],[2.46484,48.82366],[2.46588,48.83111],[2.46952,48.83522],[2.4644,48.84132],[2.44697,48.84572],[2.44084,48.8458],[2.43574,48.84206],[2.43228,48.84127],[2.42672,48.8417],[2.41943,48.84496],[2.41632,48.84941],[2.41194,48.87708],[2.40863,48.88054],[2.40071,48.88434],[2.39737,48.89512],[2.39483,48.89865],[2.39062,48.90088],[2.38418,48.90214],[2.31939,48.90026],[2.28602,48.88671],[2.2782,48.87958],[2.25932,48.88032],[2.25422,48.8755],[2.24574,48.87628],[2.23019,48.86702],[2.22448,48.85364],[2.25001,48.84551]]]}},{"type":"Feature","id":"local-8-2","properties":{"id":"local-8-2","group":"local-8","placeIds":["paris"],"alpha":0.25},"geometry":{"type":"Polygon","coordinates":[[[2.21992,48.84974],[2.21855,48.85273],[2.21896,48.85599],[2.22467,48.86938],[2.22712,48.87218],[2.24267,48.88144],[2.24629,48.88226],[2.25207,48.88173],[2.25721,48.88593],[2.25955,48.88631],[2.27598,48.88567],[2.28376,48.89227],[2.31713,48.90582],[2.31921,48.90625],[2.38401,48.90814],[2.39178,48.90676],[2.39763,48.90396],[2.3997,48.90216],[2.40224,48.89862],[2.40567,48.88862],[2.41122,48.88595],[2.41627,48.88122],[2.41787,48.87801],[2.42203,48.85172],[2.4234,48.84976],[2.42822,48.8476],[2.43183,48.84732],[2.4332,48.84763],[2.43728,48.85064],[2.44092,48.8518],[2.44705,48.85172],[2.46587,48.84714],[2.46899,48.84518],[2.47412,48.83907],[2.47537,48.83655],[2.47533,48.83373],[2.47401,48.83124],[2.47157,48.82848],[2.47079,48.82283],[2.46848,48.81726],[2.46623,48.81472],[2.46161,48.81182],[2.45807,48.81092],[2.43779,48.81214],[2.43528,48.81286],[2.42633,48.81774],[2.41079,48.81897],[2.40186,48.8226],[2.36565,48.8106],[2.35718,48.80996],[2.35187,48.81144],[2.34305,48.80968],[2.33191,48.81097],[2.32661,48.81339],[2.29115,48.82123],[2.28061,48.82538],[2.27459,48.82256],[2.27174,48.82191],[2.26783,48.82199],[2.2644,48.82316],[2.26226,48.82609],[2.26155,48.82825],[2.25389,48.82935],[2.25008,48.8315],[2.24718,48.83508],[2.24584,48.83848],[2.24571,48.84058],[2.22266,48.84792],[2.21992,48.84974]],[[2.2481,48.84297],[2.24862,48.8422],[2.24884,48.83867],[2.2495,48.83697],[2.25241,48.83339],[2.25431,48.83232],[2.26321,48.83104],[2.26402,48.83031],[2.26511,48.82704],[2.26618,48.82557],[2.26789,48.82499],[2.27323,48.82523],[2.27969,48.82853],[2.28138,48.8283],[2.29179,48.82416],[2.32769,48.81623],[2.33226,48.81395],[2.34339,48.81266],[2.35207,48.81457],[2.35703,48.81296],[2.3647,48.81345],[2.40203,48.82582],[2.41103,48.82196],[2.4272,48.82068],[2.43797,48.81513],[2.45825,48.81391],[2.46002,48.81437],[2.46463,48.81726],[2.46576,48.81853],[2.46782,48.82325],[2.46873,48.82979],[2.47243,48.83447],[2.47245,48.83588],[2.47182,48.83714],[2.4667,48.84325],[2.46513,48.84423],[2.44701,48.84872],[2.44088,48.8488],[2.43906,48.84822],[2.43447,48.84485],[2.43206,48.8443],[2.42747,48.84465],[2.42142,48.84736],[2.41917,48.85056],[2.4149,48.87754],[2.41411,48.87915],[2.40993,48.88324],[2.40319,48.88648],[2.40024,48.89601],[2.39623,48.90131],[2.3912,48.90382],[2.38409,48.90514],[2.3193,48.90326],[2.28489,48.88949],[2.27709,48.88262],[2.25943,48.88331],[2.25726,48.8825],[2.25315,48.87861],[2.24602,48.87927],[2.24421,48.87886],[2.22866,48.8696],[2.22743,48.8682],[2.22172,48.85482],[2.22151,48.85319],[2.2222,48.85169],[2.22357,48.85078],[2.2481,48.84297]]]}},{"type":"Feature","id":"local-8-3","properties":{"id":"local-8-3","group":"local-8","placeIds":["paris"],"alpha":0.11},"geometry":{"type":"Polygon","coordinates":[[[2.21764,48.84779],[2.21558,48.85228],[2.2162,48.85717],[2.22191,48.87055],[2.22559,48.87475],[2.24114,48.88402],[2.24657,48.88525],[2.251,48.88484],[2.25616,48.88874],[2.25967,48.88931],[2.27486,48.88872],[2.27996,48.89336],[2.28264,48.89505],[2.316,48.9086],[2.31912,48.90925],[2.38392,48.91113],[2.39235,48.90971],[2.39903,48.90661],[2.40214,48.90391],[2.40468,48.90038],[2.40597,48.89778],[2.40815,48.89075],[2.41252,48.88865],[2.41513,48.88676],[2.41844,48.8833],[2.42083,48.87848],[2.42488,48.85287],[2.42538,48.85216],[2.42897,48.85055],[2.43161,48.85035],[2.4355,48.85305],[2.44096,48.8548],[2.44709,48.85472],[2.4666,48.85005],[2.47129,48.84711],[2.47642,48.841],[2.4783,48.83721],[2.47824,48.83298],[2.47626,48.82925],[2.47442,48.82717],[2.47376,48.82242],[2.4712,48.81599],[2.46782,48.81217],[2.46321,48.80928],[2.45789,48.80792],[2.43761,48.80914],[2.43385,48.81022],[2.42545,48.8148],[2.41056,48.81598],[2.40758,48.81674],[2.4017,48.81939],[2.36659,48.80775],[2.35733,48.80696],[2.35168,48.8083],[2.34585,48.8069],[2.34271,48.8067],[2.33157,48.80799],[2.32823,48.80906],[2.32554,48.81056],[2.2905,48.8183],[2.28048,48.8222],[2.27596,48.81989],[2.27168,48.81891],[2.26777,48.81899],[2.26261,48.82074],[2.25928,48.82554],[2.25346,48.82638],[2.24775,48.82961],[2.24485,48.83318],[2.24285,48.83835],[2.22175,48.84506],[2.21764,48.84779]],[[2.24571,48.84058],[2.24584,48.83848],[2.24718,48.83508],[2.25008,48.8315],[2.25389,48.82935],[2.26155,48.82825],[2.26226,48.82609],[2.2644,48.82316],[2.26783,48.82199],[2.27174,48.82191],[2.27459,48.82256],[2.28061,48.82538],[2.29115,48.82123],[2.32661,48.81339],[2.33191,48.81097],[2.34305,48.80968],[2.35187,48.81144],[2.35718,48.80996],[2.36565,48.8106],[2.40186,48.8226],[2.41079,48.81897],[2.42633,48.81774],[2.43528,48.81286],[2.43779,48.81214],[2.45807,48.81092],[2.46161,48.81182],[2.46623,48.81472],[2.46848,48.81726],[2.47079,48.82283],[2.47157,48.82848],[2.47401,48.83124],[2.47533,48.83373],[2.47537,48.83655],[2.47412,48.83907],[2.46899,48.84518],[2.46587,48.84714],[2.44705,48.85172],[2.44092,48.8518],[2.43728,48.85064],[2.4332,48.84763],[2.43183,48.84732],[2.42822,48.8476],[2.4234,48.84976],[2.42203,48.85172],[2.41787,48.87801],[2.41627,48.88122],[2.41122,48.88595],[2.40567,48.88862],[2.40224,48.89862],[2.3997,48.90216],[2.39763,48.90396],[2.39178,48.90676],[2.38401,48.90814],[2.31921,48.90625],[2.31713,48.90582],[2.28376,48.89227],[2.27598,48.88567],[2.25955,48.88631],[2.25721,48.88593],[2.25207,48.88173],[2.24629,48.88226],[2.24267,48.88144],[2.22712,48.87218],[2.22467,48.86938],[2.21896,48.85599],[2.21855,48.85273],[2.21992,48.84974],[2.22266,48.84792],[2.24571,48.84058]]]}},{"type":"Feature","id":"local-8-4","properties":{"id":"local-8-4","group":"local-8","placeIds":["paris"],"alpha":0.035},"geometry":{"type":"Polygon","coordinates":[[[2.21536,48.84584],[2.21262,48.85182],[2.21344,48.85835],[2.21915,48.87173],[2.22405,48.87733],[2.23961,48.88659],[2.24685,48.88823],[2.24992,48.88795],[2.2551,48.89155],[2.25979,48.89231],[2.27375,48.89176],[2.27794,48.89558],[2.28151,48.89783],[2.31487,48.91137],[2.31904,48.91225],[2.38383,48.91413],[2.39293,48.91265],[2.40043,48.90927],[2.40457,48.90566],[2.40711,48.90213],[2.40884,48.89867],[2.41062,48.89289],[2.41382,48.89135],[2.4173,48.88884],[2.42061,48.88537],[2.42379,48.87895],[2.42767,48.85442],[2.43092,48.85341],[2.43373,48.85547],[2.441,48.8578],[2.44713,48.85772],[2.46733,48.85296],[2.47359,48.84904],[2.47871,48.84293],[2.48122,48.83788],[2.48115,48.83224],[2.4785,48.82726],[2.47727,48.82586],[2.47572,48.81858],[2.47391,48.81472],[2.46941,48.80963],[2.4648,48.80674],[2.45771,48.80493],[2.43743,48.80615],[2.43241,48.80759],[2.42458,48.81186],[2.41032,48.81299],[2.40635,48.814],[2.40153,48.81617],[2.36753,48.80491],[2.35748,48.80397],[2.35148,48.80517],[2.34656,48.80398],[2.34236,48.80372],[2.33123,48.80501],[2.32677,48.80644],[2.32446,48.80772],[2.28985,48.81537],[2.28063,48.81891],[2.27732,48.81722],[2.27161,48.81591],[2.2677,48.81599],[2.26083,48.81833],[2.25762,48.82275],[2.25304,48.82341],[2.24542,48.82772],[2.24252,48.83129],[2.24073,48.83587],[2.22084,48.8422],[2.21536,48.84584]],[[2.24285,48.83835],[2.24485,48.83318],[2.24775,48.82961],[2.25346,48.82638],[2.25928,48.82554],[2.26261,48.82074],[2.26777,48.81899],[2.27168,48.81891],[2.27596,48.81989],[2.28048,48.8222],[2.2905,48.8183],[2.32554,48.81056],[2.32823,48.80906],[2.33157,48.80799],[2.34271,48.8067],[2.34585,48.8069],[2.35168,48.8083],[2.35733,48.80696],[2.36659,48.80775],[2.4017,48.81939],[2.40758,48.81674],[2.41056,48.81598],[2.42545,48.8148],[2.43385,48.81022],[2.43761,48.80914],[2.45789,48.80792],[2.46321,48.80928],[2.46782,48.81217],[2.4712,48.81599],[2.47376,48.82242],[2.47442,48.82717],[2.47626,48.82925],[2.47824,48.83298],[2.4783,48.83721],[2.47642,48.841],[2.47129,48.84711],[2.4666,48.85005],[2.44709,48.85472],[2.44096,48.8548],[2.4355,48.85305],[2.43161,48.85035],[2.42897,48.85055],[2.42538,48.85216],[2.42488,48.85287],[2.42083,48.87848],[2.41844,48.8833],[2.41513,48.88676],[2.41252,48.88865],[2.40815,48.89075],[2.40597,48.89778],[2.40468,48.90038],[2.40214,48.90391],[2.39903,48.90661],[2.39235,48.90971],[2.38392,48.91113],[2.31912,48.90925],[2.316,48.9086],[2.28264,48.89505],[2.27996,48.89336],[2.27486,48.88872],[2.25967,48.88931],[2.25616,48.88874],[2.251,48.88484],[2.24657,48.88525],[2.24114,48.88402],[2.22559,48.87475],[2.22191,48.87055],[2.2162,48.85717],[2.21558,48.85228],[2.21764,48.84779],[2.22175,48.84506],[2.24285,48.83835]]]}},{"type":"Feature","id":"local-9-0","properties":{"id":"local-9-0","group":"local-9","placeIds":["san-francisco"],"alpha":0.62},"geometry":{"type":"MultiPolygon","coordinates":[[[[-122.50234,37.70826],[-122.50652,37.72391],[-122.51431,37.78076],[-122.50616,37.78763],[-122.49178,37.78836],[-122.4862,37.79104],[-122.478,37.81065],[-122.46159,37.80503],[-122.42616,37.81095],[-122.40835,37.81142],[-122.39854,37.80588],[-122.3852,37.78992],[-122.37535,37.73629],[-122.37302,37.73449],[-122.36499,37.73433],[-122.35696,37.72945],[-122.36186,37.71521],[-122.36831,37.71695],[-122.37244,37.71669],[-122.39201,37.70833],[-122.50234,37.70826]]],[[[-122.37803,37.82973],[-122.37003,37.83193],[-122.3635,37.82425],[-122.35897,37.81429],[-122.36274,37.80776],[-122.37222,37.81146],[-122.37342,37.81778],[-122.378,37.82562],[-122.37803,37.82973]]]]}},{"type":"Feature","id":"local-9-1","properties":{"id":"local-9-1","group":"local-9","placeIds":["san-francisco"],"alpha":0.43},"geometry":{"type":"MultiPolygon","coordinates":[[[[-122.50361,37.70554],[-122.50524,37.70749],[-122.50949,37.7235],[-122.51728,37.78035],[-122.51711,37.78184],[-122.51624,37.78305],[-122.5081,37.78992],[-122.50632,37.79063],[-122.49253,37.79133],[-122.48853,37.79325],[-122.48077,37.81181],[-122.47987,37.81299],[-122.47852,37.81361],[-122.47703,37.81349],[-122.46134,37.80811],[-122.42666,37.81391],[-122.40843,37.81442],[-122.40687,37.81404],[-122.39706,37.80849],[-122.3829,37.79185],[-122.38225,37.79046],[-122.37261,37.73797],[-122.37197,37.73747],[-122.36493,37.73733],[-122.36343,37.73689],[-122.3554,37.73201],[-122.35398,37.72981],[-122.35903,37.71423],[-122.35985,37.71299],[-122.36116,37.7123],[-122.36265,37.71232],[-122.36862,37.71393],[-122.37173,37.71373],[-122.39201,37.70533],[-122.50234,37.70526],[-122.50361,37.70554]],[[-122.39201,37.70833],[-122.37244,37.71669],[-122.36831,37.71695],[-122.36186,37.71521],[-122.35696,37.72945],[-122.36499,37.73433],[-122.37302,37.73449],[-122.37535,37.73629],[-122.3852,37.78992],[-122.39854,37.80588],[-122.40835,37.81142],[-122.42616,37.81095],[-122.46159,37.80503],[-122.478,37.81065],[-122.4862,37.79104],[-122.49178,37.78836],[-122.50616,37.78763],[-122.51431,37.78076],[-122.50652,37.72391],[-122.50234,37.70826],[-122.39201,37.70833]]],[[[-122.38076,37.83097],[-122.37883,37.83262],[-122.37083,37.83483],[-122.36915,37.8348],[-122.36774,37.83388],[-122.36121,37.82619],[-122.35597,37.81415],[-122.35637,37.81279],[-122.36111,37.80524],[-122.36243,37.80477],[-122.36383,37.80496],[-122.37331,37.80866],[-122.37453,37.80954],[-122.37628,37.81672],[-122.38059,37.82411],[-122.38103,37.8297],[-122.38076,37.83097]],[[-122.378,37.82562],[-122.37342,37.81778],[-122.37222,37.81146],[-122.36274,37.80776],[-122.35897,37.81429],[-122.3635,37.82425],[-122.37003,37.83193],[-122.37803,37.82973],[-122.378,37.82562]]]]}},{"type":"Feature","id":"local-9-2","properties":{"id":"local-9-2","group":"local-9","placeIds":["san-francisco"],"alpha":0.25},"geometry":{"type":"MultiPolygon","coordinates":[[[[-122.50488,37.70283],[-122.50694,37.70441],[-122.50814,37.70672],[-122.51232,37.72236],[-122.52025,37.77995],[-122.51991,37.78291],[-122.51818,37.78535],[-122.51003,37.79222],[-122.50647,37.79362],[-122.49329,37.79429],[-122.49086,37.79546],[-122.48354,37.81296],[-122.48174,37.81534],[-122.47903,37.81656],[-122.47606,37.81633],[-122.46108,37.8112],[-122.42715,37.81687],[-122.40851,37.81742],[-122.40539,37.81665],[-122.39558,37.8111],[-122.39394,37.80972],[-122.3806,37.79377],[-122.3793,37.79101],[-122.37001,37.74043],[-122.36487,37.74033],[-122.36187,37.73946],[-122.35384,37.73458],[-122.35192,37.7327],[-122.351,37.73017],[-122.35129,37.7275],[-122.35619,37.71326],[-122.35783,37.71077],[-122.36045,37.70938],[-122.36343,37.70942],[-122.36892,37.7109],[-122.37103,37.71077],[-122.38966,37.70282],[-122.39201,37.70233],[-122.50234,37.70226],[-122.50488,37.70283]],[[-122.39201,37.70533],[-122.37173,37.71373],[-122.36862,37.71393],[-122.36265,37.71232],[-122.36116,37.7123],[-122.35985,37.71299],[-122.35903,37.71423],[-122.35398,37.72981],[-122.3554,37.73201],[-122.36343,37.73689],[-122.36493,37.73733],[-122.37197,37.73747],[-122.37261,37.73797],[-122.38225,37.79046],[-122.3829,37.79185],[-122.39706,37.80849],[-122.40687,37.81404],[-122.40843,37.81442],[-122.42666,37.81391],[-122.46134,37.80811],[-122.47703,37.81349],[-122.47852,37.81361],[-122.47987,37.81299],[-122.48077,37.81181],[-122.48853,37.79325],[-122.49253,37.79133],[-122.50632,37.79063],[-122.5081,37.78992],[-122.51624,37.78305],[-122.51711,37.78184],[-122.51728,37.78035],[-122.50949,37.7235],[-122.50524,37.70749],[-122.50361,37.70554],[-122.50234,37.70526],[-122.39201,37.70533]]],[[[-122.38349,37.83222],[-122.38192,37.8343],[-122.37963,37.83551],[-122.37162,37.83772],[-122.36826,37.83767],[-122.36546,37.83582],[-122.35804,37.82673],[-122.35351,37.81678],[-122.35298,37.814],[-122.35377,37.81129],[-122.35754,37.80476],[-122.35948,37.80272],[-122.36213,37.80179],[-122.36492,37.80217],[-122.37441,37.80587],[-122.37684,37.80763],[-122.37812,37.81034],[-122.37913,37.81565],[-122.38318,37.8226],[-122.384,37.82557],[-122.38403,37.82968],[-122.38349,37.83222]],[[-122.38059,37.82411],[-122.37628,37.81672],[-122.37453,37.80954],[-122.37331,37.80866],[-122.36383,37.80496],[-122.36243,37.80477],[-122.36111,37.80524],[-122.35637,37.81279],[-122.35597,37.81415],[-122.36121,37.82619],[-122.36774,37.83388],[-122.36915,37.8348],[-122.37083,37.83483],[-122.37883,37.83262],[-122.38076,37.83097],[-122.38103,37.8297],[-122.38059,37.82411]]]]}},{"type":"Feature","id":"local-9-3","properties":{"id":"local-9-3","group":"local-9","placeIds":["san-francisco"],"alpha":0.11},"geometry":{"type":"MultiPolygon","coordinates":[[[[-122.50615,37.70011],[-122.50924,37.70248],[-122.51104,37.70594],[-122.51544,37.72269],[-122.52322,37.77954],[-122.52271,37.78399],[-122.52011,37.78764],[-122.51197,37.79451],[-122.50662,37.79662],[-122.49404,37.79726],[-122.49319,37.79767],[-122.48631,37.81412],[-122.48361,37.81769],[-122.47954,37.81952],[-122.47509,37.81916],[-122.46083,37.81428],[-122.42765,37.81983],[-122.40859,37.82042],[-122.40391,37.81926],[-122.39411,37.81371],[-122.39163,37.81165],[-122.37829,37.7957],[-122.37635,37.79155],[-122.3675,37.74338],[-122.36481,37.74333],[-122.36031,37.74202],[-122.35228,37.73714],[-122.34939,37.73433],[-122.34802,37.73053],[-122.34845,37.72652],[-122.35335,37.71228],[-122.35581,37.70855],[-122.35975,37.70646],[-122.36421,37.70652],[-122.37032,37.70781],[-122.38848,37.70006],[-122.392,37.69933],[-122.50234,37.69926],[-122.50615,37.70011]],[[-122.39201,37.70233],[-122.38966,37.70282],[-122.37103,37.71077],[-122.36892,37.7109],[-122.36343,37.70942],[-122.36045,37.70938],[-122.35783,37.71077],[-122.35619,37.71326],[-122.35129,37.7275],[-122.351,37.73017],[-122.35192,37.7327],[-122.35384,37.73458],[-122.36187,37.73946],[-122.36487,37.74033],[-122.37001,37.74043],[-122.3793,37.79101],[-122.3806,37.79377],[-122.39394,37.80972],[-122.39558,37.8111],[-122.40539,37.81665],[-122.40851,37.81742],[-122.42715,37.81687],[-122.46108,37.8112],[-122.47606,37.81633],[-122.47903,37.81656],[-122.48174,37.81534],[-122.48354,37.81296],[-122.49086,37.79546],[-122.49329,37.79429],[-122.50647,37.79362],[-122.51003,37.79222],[-122.51818,37.78535],[-122.51991,37.78291],[-122.52025,37.77995],[-122.51232,37.72236],[-122.50814,37.70672],[-122.50694,37.70441],[-122.50488,37.70283],[-122.50234,37.70226],[-122.39201,37.70233]]],[[[-122.38622,37.83347],[-122.38387,37.83658],[-122.38042,37.8384],[-122.37242,37.84061],[-122.36738,37.84054],[-122.36317,37.83776],[-122.35531,37.82798],[-122.35078,37.81802],[-122.34998,37.81386],[-122.35117,37.8098],[-122.35494,37.80326],[-122.35785,37.8002],[-122.36183,37.7988],[-122.36601,37.79937],[-122.3755,37.80307],[-122.37915,37.80571],[-122.38107,37.80978],[-122.38198,37.81459],[-122.38577,37.82109],[-122.387,37.82555],[-122.38703,37.82965],[-122.38622,37.83347]],[[-122.384,37.82557],[-122.38318,37.8226],[-122.37913,37.81565],[-122.37812,37.81034],[-122.37684,37.80763],[-122.37441,37.80587],[-122.36492,37.80217],[-122.36213,37.80179],[-122.35948,37.80272],[-122.35754,37.80476],[-122.35377,37.81129],[-122.35298,37.814],[-122.35351,37.81678],[-122.35804,37.82673],[-122.36546,37.83582],[-122.36826,37.83767],[-122.37162,37.83772],[-122.37963,37.83551],[-122.38192,37.8343],[-122.38349,37.83222],[-122.38403,37.82968],[-122.384,37.82557]]]]}},{"type":"Feature","id":"local-9-4","properties":{"id":"local-9-4","group":"local-9","placeIds":["san-francisco"],"alpha":0.035},"geometry":{"type":"Polygon","coordinates":[[[-122.50741,37.69739],[-122.51154,37.70055],[-122.51394,37.70517],[-122.51811,37.72081],[-122.5262,37.77913],[-122.52551,37.78506],[-122.52205,37.78993],[-122.5139,37.7968],[-122.50677,37.79962],[-122.49538,37.80019],[-122.48907,37.81528],[-122.48549,37.82003],[-122.48005,37.82247],[-122.47412,37.822],[-122.46057,37.81736],[-122.42814,37.82279],[-122.40867,37.82342],[-122.40244,37.82187],[-122.39263,37.81632],[-122.38933,37.81357],[-122.38184,37.80462],[-122.38401,37.80922],[-122.38483,37.81352],[-122.38836,37.81958],[-122.39,37.82552],[-122.39003,37.82963],[-122.38895,37.83471],[-122.38581,37.83886],[-122.38122,37.8413],[-122.37322,37.8435],[-122.3665,37.8434],[-122.36089,37.83971],[-122.35436,37.83202],[-122.35257,37.82922],[-122.34804,37.81926],[-122.34698,37.81371],[-122.34857,37.8083],[-122.35234,37.80176],[-122.35622,37.79768],[-122.36152,37.79582],[-122.3671,37.79658],[-122.37659,37.80028],[-122.3807,37.80324],[-122.37599,37.79762],[-122.3734,37.79209],[-122.365,37.74633],[-122.35876,37.74458],[-122.35073,37.7397],[-122.34687,37.73595],[-122.34505,37.73089],[-122.34561,37.72554],[-122.35052,37.7113],[-122.35379,37.70634],[-122.35904,37.70355],[-122.36499,37.70363],[-122.36962,37.70485],[-122.3873,37.6973],[-122.392,37.69633],[-122.50234,37.69626],[-122.50741,37.69739]],[[-122.392,37.69933],[-122.38848,37.70006],[-122.37032,37.70781],[-122.36421,37.70652],[-122.35975,37.70646],[-122.35581,37.70855],[-122.35335,37.71228],[-122.34845,37.72652],[-122.34802,37.73053],[-122.34939,37.73433],[-122.35228,37.73714],[-122.36031,37.74202],[-122.36481,37.74333],[-122.3675,37.74338],[-122.37635,37.79155],[-122.37829,37.7957],[-122.39163,37.81165],[-122.39411,37.81371],[-122.40391,37.81926],[-122.40859,37.82042],[-122.42765,37.81983],[-122.46083,37.81428],[-122.47509,37.81916],[-122.47954,37.81952],[-122.48361,37.81769],[-122.48631,37.81412],[-122.49319,37.79767],[-122.49404,37.79726],[-122.50662,37.79662],[-122.51197,37.79451],[-122.52011,37.78764],[-122.52271,37.78399],[-122.52322,37.77954],[-122.51544,37.72269],[-122.51104,37.70594],[-122.50924,37.70248],[-122.50615,37.70011],[-122.50234,37.69926],[-122.392,37.69933]],[[-122.387,37.82555],[-122.38577,37.82109],[-122.38198,37.81459],[-122.38107,37.80978],[-122.37915,37.80571],[-122.3755,37.80307],[-122.36601,37.79937],[-122.36183,37.7988],[-122.35785,37.8002],[-122.35494,37.80326],[-122.35117,37.8098],[-122.34998,37.81386],[-122.35078,37.81802],[-122.35531,37.82798],[-122.36317,37.83776],[-122.36738,37.84054],[-122.37242,37.84061],[-122.38042,37.8384],[-122.38387,37.83658],[-122.38622,37.83347],[-122.38703,37.82965],[-122.387,37.82555]]]}}]}