{"type":"FeatureCollection","features":[{"type":"Feature","id":"near-0-0","properties":{"id":"near-0-0","group":"near-0","placeIds":["dali"],"alpha":0.62},"geometry":{"type":"Polygon","coordinates":[[[99.28513,25.36954],[99.29295,25.38553],[99.28534,25.42449],[99.32829,25.42025],[99.35021,25.44533],[99.34612,25.47241],[99.32481,25.5069],[99.34785,25.56503],[99.33431,25.59734],[99.39435,25.58194],[99.41839,25.5997],[99.41833,25.63034],[99.43565,25.68574],[99.45114,25.70392],[99.45395,25.72197],[99.44372,25.74298],[99.51522,25.71806],[99.58636,25.66792],[99.60282,25.66569],[99.62856,25.68487],[99.63095,25.71141],[99.69743,25.72521],[99.7545,25.76342],[99.75888,25.77947],[99.74317,25.80754],[99.67471,25.81578],[99.6216,25.85016],[99.62045,25.89259],[99.55895,25.98705],[99.54452,26.07289],[99.57129,26.09877],[99.59361,26.14321],[99.60462,26.22341],[99.68489,26.21276],[99.75483,26.23664],[99.80011,26.20891],[99.81915,26.21304],[99.84546,26.25226],[99.88729,26.25448],[99.91332,26.26875],[99.93375,26.30587],[99.9224,26.34612],[99.99753,26.36568],[100.0425,26.43188],[100.03419,26.47143],[100.04985,26.51725],[100.05644,26.64094],[100.11209,26.61106],[100.14089,26.60928],[100.17199,26.63263],[100.19998,26.683],[100.24825,26.70259],[100.24929,26.6451],[100.28425,26.62607],[100.33957,26.62974],[100.34883,26.5968],[100.44831,26.54063],[100.47468,26.4927],[100.45558,26.48344],[100.44667,26.44986],[100.45686,26.43399],[100.47789,26.42516],[100.48081,26.39718],[100.45163,26.3738],[100.43056,26.31977],[100.4133,26.29991],[100.41758,26.25689],[100.44415,26.21045],[100.42176,26.18414],[100.42218,26.16439],[100.44076,26.13893],[100.48579,26.12817],[100.47887,26.10037],[100.50034,26.02523],[100.58621,26.00078],[100.64221,26.01062],[100.6577,26.04361],[100.65153,26.10036],[100.67866,26.12862],[100.75779,26.16429],[100.77241,26.19121],[100.8218,26.2004],[100.85882,26.16121],[100.88345,26.15659],[100.91195,26.16723],[100.92229,26.13959],[100.9174,26.05927],[100.93938,26.0328],[100.92258,25.99052],[100.96561,25.9473],[100.96016,25.91487],[100.94512,25.89279],[100.94804,25.86223],[100.92694,25.84568],[100.92283,25.81711],[100.97429,25.74507],[100.94535,25.69293],[100.96643,25.65637],[100.99043,25.64372],[101.00781,25.56283],[100.96151,25.54664],[100.95177,25.52819],[100.94915,25.48277],[100.96566,25.44138],[100.98298,25.42358],[101.03669,25.39964],[101.03535,25.37475],[101.04535,25.35461],[101.00261,25.34661],[100.97482,25.316],[100.97285,25.29611],[100.98553,25.27337],[100.98007,25.25497],[100.91093,25.24444],[100.85466,25.26173],[100.82833,25.23691],[100.81831,25.19708],[100.78355,25.19744],[100.75807,25.16544],[100.75272,25.10583],[100.77047,25.06432],[100.76229,25.03617],[100.77818,25.00899],[100.7351,24.97919],[100.731,24.96125],[100.7373,24.94396],[100.75734,24.92962],[100.76002,24.90941],[100.74141,24.87062],[100.7602,24.81801],[100.7444,24.78455],[100.70128,24.79133],[100.66773,24.81798],[100.66746,24.84888],[100.64149,24.88128],[100.64309,24.98416],[100.60968,25.02449],[100.61219,25.07125],[100.59311,25.08721],[100.53628,25.09275],[100.4433,25.15489],[100.40902,25.13857],[100.3975,25.08649],[100.35017,25.07033],[100.27709,25.00575],[100.26992,24.98083],[100.23906,24.9447],[100.20398,24.93552],[100.19419,24.97306],[100.12053,24.98969],[100.07344,24.97168],[100.05793,24.95054],[100.03848,24.94917],[100.02474,24.95695],[100.01539,25.00738],[99.99495,25.0347],[100.01728,25.04869],[100.0229,25.08001],[100.01375,25.09368],[99.96167,25.12163],[99.91997,25.18464],[99.88617,25.1907],[99.86536,25.17776],[99.81991,25.09536],[99.74977,25.07924],[99.73311,25.06295],[99.68864,25.05621],[99.55844,25.12763],[99.50304,25.12551],[99.40603,25.21656],[99.37384,25.27283],[99.33027,25.30249],[99.28513,25.36954]]]}},{"type":"Feature","id":"near-0-1","properties":{"id":"near-0-1","group":"near-0","placeIds":["dali"],"alpha":0.43},"geometry":{"type":"Polygon","coordinates":[[[99.26892,25.36842],[99.27596,25.38777],[99.2694,25.42138],[99.27332,25.43543],[99.28694,25.44066],[99.32156,25.43724],[99.33302,25.45035],[99.33055,25.4667],[99.30862,25.50548],[99.33031,25.56486],[99.31826,25.59989],[99.32201,25.60796],[99.32945,25.61285],[99.3909,25.5996],[99.40212,25.60789],[99.40282,25.63519],[99.42014,25.69059],[99.43579,25.71096],[99.43711,25.71944],[99.42747,25.74328],[99.43443,25.75631],[99.44907,25.75833],[99.52057,25.7334],[99.59248,25.68349],[99.59843,25.68269],[99.61303,25.69357],[99.61882,25.72222],[99.62765,25.72732],[99.69102,25.74048],[99.74042,25.77355],[99.73303,25.7924],[99.66587,25.80214],[99.60743,25.8422],[99.60433,25.88757],[99.54293,25.98435],[99.52908,26.07797],[99.55801,26.10853],[99.57788,26.14809],[99.58852,26.22562],[99.59844,26.23844],[99.68324,26.22937],[99.75662,26.25279],[99.80304,26.22617],[99.8093,26.22753],[99.83744,26.26639],[99.88273,26.27051],[99.90136,26.28073],[99.9163,26.30787],[99.90676,26.34172],[99.91092,26.35762],[99.98752,26.37986],[100.02518,26.4353],[100.01882,26.47669],[100.03374,26.52037],[100.04022,26.6418],[100.04848,26.6551],[100.06413,26.65525],[100.11664,26.62706],[100.13592,26.62587],[100.15946,26.64355],[100.18577,26.69089],[100.19387,26.69806],[100.24986,26.71876],[100.25721,26.71615],[100.2645,26.70288],[100.26537,26.65485],[100.28788,26.64259],[100.34572,26.64478],[100.35522,26.63414],[100.36266,26.60765],[100.46255,26.54846],[100.49091,26.49209],[100.48828,26.48381],[100.46938,26.47207],[100.46421,26.45261],[100.46781,26.44702],[100.49094,26.43485],[100.49697,26.39886],[100.49097,26.38449],[100.46519,26.36384],[100.4457,26.31387],[100.43017,26.29454],[100.4334,26.26195],[100.45826,26.21852],[100.46033,26.20894],[100.43814,26.17831],[100.43832,26.16984],[100.45036,26.15334],[100.48957,26.14397],[100.5014,26.1327],[100.49569,26.10066],[100.51348,26.03839],[100.58707,26.01743],[100.63109,26.02516],[100.64105,26.04639],[100.63538,26.09861],[100.63981,26.11162],[100.67198,26.14344],[100.74612,26.17686],[100.75813,26.19897],[100.76944,26.20719],[100.82684,26.21585],[100.86701,26.17621],[100.882,26.1734],[100.91463,26.18326],[100.92717,26.17293],[100.93851,26.1386],[100.93401,26.06471],[100.95543,26.03535],[100.94162,25.99443],[100.97712,25.95877],[100.98163,25.94461],[100.97619,25.91218],[100.96186,25.88849],[100.96297,25.85582],[100.9421,25.83691],[100.93984,25.82125],[100.99051,25.74599],[100.96402,25.69309],[100.97816,25.66856],[101.00338,25.65354],[101.0237,25.56625],[101.01968,25.55173],[101.01318,25.54749],[100.9729,25.5334],[100.96779,25.52373],[100.96558,25.48544],[100.97956,25.4504],[100.99245,25.43715],[101.04331,25.41448],[101.05056,25.40812],[101.05181,25.37815],[101.0616,25.3546],[101.05514,25.34164],[101.01097,25.33165],[100.99046,25.30905],[100.98952,25.29957],[101.00169,25.27516],[100.99074,25.24271],[100.91337,25.22837],[100.85892,25.24342],[100.84293,25.22834],[100.83083,25.18672],[100.81814,25.18083],[100.79132,25.18111],[100.77382,25.15913],[100.76927,25.10846],[100.78541,25.07071],[100.78607,25.05978],[100.77984,25.03835],[100.79443,25.00949],[100.78743,24.99562],[100.74954,24.96942],[100.74791,24.96231],[100.75085,24.95425],[100.77127,24.93799],[100.77613,24.91154],[100.75899,24.8697],[100.7755,24.82348],[100.77489,24.81107],[100.75909,24.77761],[100.752,24.77019],[100.74187,24.7685],[100.69876,24.77528],[100.65312,24.81085],[100.65126,24.84311],[100.62881,24.87112],[100.62524,24.88154],[100.62675,24.97841],[100.59716,25.01413],[100.59345,25.02537],[100.59553,25.064],[100.58654,25.07153],[100.52725,25.07924],[100.44195,25.13625],[100.42317,25.12731],[100.40961,25.07566],[100.3585,25.056],[100.29139,24.99671],[100.28227,24.97028],[100.25142,24.93415],[100.24317,24.92898],[100.19968,24.91985],[100.18826,24.93142],[100.18097,24.95939],[100.12174,24.97276],[100.08372,24.95821],[100.06578,24.93631],[100.03962,24.93296],[100.01151,24.94752],[100.00011,25.00068],[99.97877,25.03323],[99.98039,25.04192],[99.98632,25.04848],[100.00256,25.05864],[100.00574,25.07642],[99.94812,25.11266],[99.91025,25.16987],[99.88944,25.1736],[99.87754,25.1662],[99.8297,25.08239],[99.75787,25.06443],[99.73554,25.04689],[99.69108,25.04015],[99.68083,25.04197],[99.55457,25.11122],[99.50366,25.10927],[99.49192,25.11366],[99.39491,25.20471],[99.3616,25.26151],[99.31679,25.29341],[99.27165,25.36046],[99.26892,25.36842]],[[99.33027,25.30249],[99.37384,25.27283],[99.40603,25.21656],[99.50304,25.12551],[99.55844,25.12763],[99.68864,25.05621],[99.73311,25.06295],[99.74977,25.07924],[99.81991,25.09536],[99.86536,25.17776],[99.88617,25.1907],[99.91997,25.18464],[99.96167,25.12163],[100.01375,25.09368],[100.0229,25.08001],[100.01728,25.04869],[99.99495,25.0347],[100.01539,25.00738],[100.02474,24.95695],[100.03848,24.94917],[100.05793,24.95054],[100.07344,24.97168],[100.12053,24.98969],[100.19419,24.97306],[100.20398,24.93552],[100.23906,24.9447],[100.26992,24.98083],[100.27709,25.00575],[100.35017,25.07033],[100.3975,25.08649],[100.40902,25.13857],[100.4433,25.15489],[100.53628,25.09275],[100.59311,25.08721],[100.61219,25.07125],[100.60968,25.02449],[100.64309,24.98416],[100.64149,24.88128],[100.66746,24.84888],[100.66773,24.81798],[100.70128,24.79133],[100.7444,24.78455],[100.7602,24.81801],[100.74141,24.87062],[100.76002,24.90941],[100.75734,24.92962],[100.7373,24.94396],[100.731,24.96125],[100.7351,24.97919],[100.77818,25.00899],[100.76229,25.03617],[100.77047,25.06432],[100.75272,25.10583],[100.75807,25.16544],[100.78355,25.19744],[100.81831,25.19708],[100.82833,25.23691],[100.85466,25.26173],[100.91093,25.24444],[100.98007,25.25497],[100.98553,25.27337],[100.97285,25.29611],[100.97482,25.316],[101.00261,25.34661],[101.04535,25.35461],[101.03535,25.37475],[101.03669,25.39964],[100.98298,25.42358],[100.96566,25.44138],[100.94915,25.48277],[100.95177,25.52819],[100.96151,25.54664],[101.00781,25.56283],[100.99043,25.64372],[100.96643,25.65637],[100.94535,25.69293],[100.97429,25.74507],[100.92283,25.81711],[100.92694,25.84568],[100.94804,25.86223],[100.94512,25.89279],[100.96016,25.91487],[100.96561,25.9473],[100.92258,25.99052],[100.93938,26.0328],[100.9174,26.05927],[100.92229,26.13959],[100.91195,26.16723],[100.88345,26.15659],[100.85882,26.16121],[100.8218,26.2004],[100.77241,26.19121],[100.75779,26.16429],[100.67866,26.12862],[100.65153,26.10036],[100.6577,26.04361],[100.64221,26.01062],[100.58621,26.00078],[100.50034,26.02523],[100.47887,26.10037],[100.48579,26.12817],[100.44076,26.13893],[100.42218,26.16439],[100.42176,26.18414],[100.44415,26.21045],[100.41758,26.25689],[100.4133,26.29991],[100.43056,26.31977],[100.45163,26.3738],[100.48081,26.39718],[100.47789,26.42516],[100.45686,26.43399],[100.44667,26.44986],[100.45558,26.48344],[100.47468,26.4927],[100.44831,26.54063],[100.34883,26.5968],[100.33957,26.62974],[100.28425,26.62607],[100.24929,26.6451],[100.24825,26.70259],[100.19998,26.683],[100.17199,26.63263],[100.14089,26.60928],[100.11209,26.61106],[100.05644,26.64094],[100.04985,26.51725],[100.03419,26.47143],[100.0425,26.43188],[99.99753,26.36568],[99.9224,26.34612],[99.93375,26.30587],[99.91332,26.26875],[99.88729,26.25448],[99.84546,26.25226],[99.81915,26.21304],[99.80011,26.20891],[99.75483,26.23664],[99.68489,26.21276],[99.60462,26.22341],[99.59361,26.14321],[99.57129,26.09877],[99.54452,26.07289],[99.55895,25.98705],[99.62045,25.89259],[99.6216,25.85016],[99.67471,25.81578],[99.74317,25.80754],[99.75888,25.77947],[99.7545,25.76342],[99.69743,25.72521],[99.63095,25.71141],[99.62856,25.68487],[99.60282,25.66569],[99.58636,25.66792],[99.51522,25.71806],[99.44372,25.74298],[99.45395,25.72197],[99.45114,25.70392],[99.43565,25.68574],[99.41833,25.63034],[99.41839,25.5997],[99.39435,25.58194],[99.33431,25.59734],[99.34785,25.56503],[99.32481,25.5069],[99.34612,25.47241],[99.35021,25.44533],[99.32829,25.42025],[99.28534,25.42449],[99.29295,25.38553],[99.28513,25.36954],[99.33027,25.30249]]]}},{"type":"Feature","id":"near-0-2","properties":{"id":"near-0-2","group":"near-0","placeIds":["dali"],"alpha":0.25},"geometry":{"type":"Polygon","coordinates":[[[99.25271,25.3673],[99.25896,25.39001],[99.25345,25.41826],[99.25404,25.43324],[99.2613,25.44636],[99.27368,25.45483],[99.31583,25.45537],[99.29244,25.50405],[99.2946,25.51888],[99.31276,25.56469],[99.30433,25.58477],[99.30221,25.60245],[99.30971,25.61859],[99.32459,25.62836],[99.34238,25.62882],[99.38585,25.61767],[99.38731,25.64004],[99.40463,25.69543],[99.41999,25.71747],[99.41122,25.74359],[99.41505,25.75829],[99.42514,25.76965],[99.43929,25.77518],[99.45441,25.77367],[99.52592,25.74875],[99.59583,25.70101],[99.60669,25.73303],[99.62435,25.74323],[99.68462,25.75574],[99.71767,25.77788],[99.67082,25.78351],[99.65704,25.7885],[99.60394,25.82288],[99.59326,25.83425],[99.58911,25.84928],[99.58821,25.88254],[99.5269,25.98166],[99.51247,26.0675],[99.51364,26.08305],[99.52193,26.09626],[99.54473,26.1183],[99.56215,26.15297],[99.57242,26.22783],[99.57891,26.24329],[99.59226,26.25346],[99.60889,26.25563],[99.6816,26.24598],[99.74433,26.2674],[99.75841,26.26894],[99.80202,26.24585],[99.82942,26.28052],[99.84374,26.28471],[99.87817,26.28654],[99.88941,26.2927],[99.89885,26.30987],[99.89112,26.33731],[99.89096,26.35434],[99.89944,26.36912],[99.91422,26.37758],[99.97751,26.39405],[100.00785,26.43872],[100.00239,26.46475],[100.00344,26.48194],[100.01764,26.52349],[100.02399,26.64267],[100.02884,26.65808],[100.04051,26.66926],[100.05613,26.67343],[100.07182,26.66957],[100.12119,26.64306],[100.13094,26.64246],[100.14694,26.65446],[100.17157,26.69879],[100.18776,26.71312],[100.23603,26.73271],[100.25147,26.73493],[100.26616,26.72971],[100.27673,26.71825],[100.28075,26.70318],[100.28144,26.6646],[100.29151,26.65912],[100.33742,26.66217],[100.35187,26.65982],[100.36383,26.65137],[100.37649,26.6185],[100.46429,26.56893],[100.47678,26.55629],[100.50315,26.50836],[100.50715,26.49147],[100.50189,26.47493],[100.48257,26.45844],[100.50399,26.44454],[100.51022,26.42853],[100.51314,26.40055],[100.5108,26.38465],[100.50113,26.37181],[100.47874,26.35388],[100.46084,26.30796],[100.44703,26.28917],[100.44923,26.26701],[100.47236,26.22659],[100.47651,26.20744],[100.4689,26.18938],[100.45559,26.17374],[100.45996,26.16775],[100.49334,26.15978],[100.50821,26.1517],[100.517,26.13723],[100.51733,26.12031],[100.5125,26.10095],[100.52663,26.05154],[100.58794,26.03408],[100.61996,26.03971],[100.6244,26.04917],[100.61922,26.09685],[100.62077,26.11084],[100.62809,26.12287],[100.6653,26.15825],[100.73445,26.18942],[100.7533,26.2175],[100.76646,26.22316],[100.81586,26.23235],[100.83187,26.2313],[100.84543,26.22272],[100.87519,26.19121],[100.91732,26.19929],[100.93262,26.19231],[100.94239,26.17862],[100.95473,26.13761],[100.95062,26.07014],[100.96439,26.05356],[100.97148,26.03789],[100.96959,26.02079],[100.96066,25.99834],[100.98864,25.97023],[100.99657,25.95717],[100.99766,25.94192],[100.99221,25.90949],[100.97859,25.88419],[100.97791,25.84941],[100.95686,25.82539],[101.00074,25.76396],[101.00674,25.74691],[101.0027,25.7293],[100.98269,25.69324],[100.98989,25.68074],[101.01633,25.66335],[101.0222,25.65055],[101.03959,25.56966],[101.03913,25.55415],[101.03154,25.54062],[101.01854,25.53215],[100.98429,25.52017],[100.98201,25.48811],[100.99346,25.45942],[101.00192,25.45072],[101.04993,25.42932],[101.06442,25.41659],[101.06915,25.39789],[101.06827,25.38154],[101.07785,25.35459],[101.07444,25.34011],[101.06494,25.32867],[101.01933,25.31668],[101.00648,25.30252],[101.01784,25.27694],[101.01123,25.24572],[101.00142,25.23046],[100.98496,25.22284],[100.91582,25.21231],[100.86319,25.22511],[100.85753,25.21978],[100.84335,25.17636],[100.83199,25.1676],[100.79909,25.16478],[100.78957,25.15282],[100.78582,25.11108],[100.80035,25.0771],[100.80168,25.05525],[100.79739,25.04052],[100.81067,25.00999],[100.8072,24.99434],[100.79667,24.98226],[100.76767,24.9622],[100.7852,24.94635],[100.78956,24.93389],[100.79224,24.91368],[100.78932,24.89535],[100.77658,24.86878],[100.7908,24.82894],[100.78959,24.80414],[100.77379,24.77067],[100.7596,24.75583],[100.73935,24.75245],[100.69623,24.75923],[100.68107,24.76588],[100.63852,24.80372],[100.63506,24.83734],[100.61613,24.86096],[100.60899,24.88179],[100.61041,24.97267],[100.58465,25.00376],[100.57723,25.02624],[100.57882,25.05595],[100.53312,25.06041],[100.51822,25.06573],[100.4406,25.11761],[100.43732,25.11605],[100.42923,25.07947],[100.42172,25.06483],[100.408,25.05574],[100.36682,25.04167],[100.3057,24.98767],[100.29463,24.95972],[100.26377,24.9236],[100.24729,24.91326],[100.21221,24.90408],[100.19538,24.90418],[100.18086,24.91269],[100.16774,24.94572],[100.12296,24.95582],[100.09399,24.94474],[100.07363,24.92208],[100.04077,24.91675],[100.02245,24.92089],[99.99827,24.93809],[99.98482,24.99399],[99.96892,25.01524],[99.96258,25.03175],[99.96583,25.04913],[99.98818,25.07052],[99.9463,25.09299],[99.93457,25.10369],[99.90054,25.1551],[99.88973,25.15464],[99.84837,25.07966],[99.83948,25.06942],[99.76596,25.04961],[99.75583,25.03971],[99.73798,25.03082],[99.69351,25.02408],[99.67301,25.02772],[99.55069,25.09481],[99.50429,25.09303],[99.49166,25.09506],[99.4808,25.10181],[99.38379,25.19287],[99.34936,25.25018],[99.30331,25.28434],[99.25817,25.35139],[99.25271,25.3673]],[[99.31679,25.29341],[99.3616,25.26151],[99.39491,25.20471],[99.49192,25.11366],[99.50366,25.10927],[99.55457,25.11122],[99.68083,25.04197],[99.69108,25.04015],[99.73554,25.04689],[99.75787,25.06443],[99.8297,25.08239],[99.87754,25.1662],[99.88944,25.1736],[99.91025,25.16987],[99.94812,25.11266],[100.00574,25.07642],[100.00256,25.05864],[99.98632,25.04848],[99.98039,25.04192],[99.97877,25.03323],[100.00011,25.00068],[100.01151,24.94752],[100.03962,24.93296],[100.06578,24.93631],[100.08372,24.95821],[100.12174,24.97276],[100.18097,24.95939],[100.18826,24.93142],[100.19968,24.91985],[100.24317,24.92898],[100.25142,24.93415],[100.28227,24.97028],[100.29139,24.99671],[100.3585,25.056],[100.40961,25.07566],[100.42317,25.12731],[100.44195,25.13625],[100.52725,25.07924],[100.58654,25.07153],[100.59553,25.064],[100.59345,25.02537],[100.59716,25.01413],[100.62675,24.97841],[100.62524,24.88154],[100.62881,24.87112],[100.65126,24.84311],[100.65312,24.81085],[100.69876,24.77528],[100.74187,24.7685],[100.752,24.77019],[100.75909,24.77761],[100.77489,24.81107],[100.7755,24.82348],[100.75899,24.8697],[100.77613,24.91154],[100.77127,24.93799],[100.75085,24.95425],[100.74791,24.96231],[100.74954,24.96942],[100.78743,24.99562],[100.79443,25.00949],[100.77984,25.03835],[100.78607,25.05978],[100.78541,25.07071],[100.76927,25.10846],[100.77382,25.15913],[100.79132,25.18111],[100.81814,25.18083],[100.83083,25.18672],[100.84293,25.22834],[100.85892,25.24342],[100.91337,25.22837],[100.99074,25.24271],[101.00169,25.27516],[100.98952,25.29957],[100.99046,25.30905],[101.01097,25.33165],[101.05514,25.34164],[101.0616,25.3546],[101.05181,25.37815],[101.05056,25.40812],[101.04331,25.41448],[100.99245,25.43715],[100.97956,25.4504],[100.96558,25.48544],[100.96779,25.52373],[100.9729,25.5334],[101.01318,25.54749],[101.01968,25.55173],[101.0237,25.56625],[101.00338,25.65354],[100.97816,25.66856],[100.96402,25.69309],[100.99051,25.74599],[100.93984,25.82125],[100.9421,25.83691],[100.96297,25.85582],[100.96186,25.88849],[100.97619,25.91218],[100.98163,25.94461],[100.97712,25.95877],[100.94162,25.99443],[100.95543,26.03535],[100.93401,26.06471],[100.93851,26.1386],[100.92717,26.17293],[100.91463,26.18326],[100.882,26.1734],[100.86701,26.17621],[100.82684,26.21585],[100.76944,26.20719],[100.75813,26.19897],[100.74612,26.17686],[100.67198,26.14344],[100.63981,26.11162],[100.63538,26.09861],[100.64105,26.04639],[100.63109,26.02516],[100.58707,26.01743],[100.51348,26.03839],[100.49569,26.10066],[100.5014,26.1327],[100.48957,26.14397],[100.45036,26.15334],[100.43832,26.16984],[100.43814,26.17831],[100.46033,26.20894],[100.45826,26.21852],[100.4334,26.26195],[100.43017,26.29454],[100.4457,26.31387],[100.46519,26.36384],[100.49097,26.38449],[100.49697,26.39886],[100.49094,26.43485],[100.46781,26.44702],[100.46421,26.45261],[100.46938,26.47207],[100.48828,26.48381],[100.49091,26.49209],[100.46255,26.54846],[100.36266,26.60765],[100.35522,26.63414],[100.34572,26.64478],[100.28788,26.64259],[100.26537,26.65485],[100.2645,26.70288],[100.25721,26.71615],[100.24986,26.71876],[100.19387,26.69806],[100.18577,26.69089],[100.15946,26.64355],[100.13592,26.62587],[100.11664,26.62706],[100.06413,26.65525],[100.04848,26.6551],[100.04022,26.6418],[100.03374,26.52037],[100.01882,26.47669],[100.02518,26.4353],[99.98752,26.37986],[99.91092,26.35762],[99.90676,26.34172],[99.9163,26.30787],[99.90136,26.28073],[99.88273,26.27051],[99.83744,26.26639],[99.8093,26.22753],[99.80304,26.22617],[99.75662,26.25279],[99.68324,26.22937],[99.59844,26.23844],[99.58852,26.22562],[99.57788,26.14809],[99.55801,26.10853],[99.52908,26.07797],[99.54293,25.98435],[99.60433,25.88757],[99.60743,25.8422],[99.66587,25.80214],[99.73303,25.7924],[99.74042,25.77355],[99.69102,25.74048],[99.62765,25.72732],[99.61882,25.72222],[99.61303,25.69357],[99.59843,25.68269],[99.59248,25.68349],[99.52057,25.7334],[99.44907,25.75833],[99.43443,25.75631],[99.42747,25.74328],[99.43711,25.71944],[99.43579,25.71096],[99.42014,25.69059],[99.40282,25.63519],[99.40212,25.60789],[99.3909,25.5996],[99.32945,25.61285],[99.32201,25.60796],[99.31826,25.59989],[99.33031,25.56486],[99.30862,25.50548],[99.33055,25.4667],[99.33302,25.45035],[99.32156,25.43724],[99.28694,25.44066],[99.27332,25.43543],[99.2694,25.42138],[99.27596,25.38777],[99.26892,25.36842],[99.27165,25.36046],[99.31679,25.29341]]]}},{"type":"Feature","id":"near-0-3","properties":{"id":"near-0-3","group":"near-0","placeIds":["dali"],"alpha":0.11},"geometry":{"type":"Polygon","coordinates":[[[99.2365,25.36618],[99.24197,25.39225],[99.2375,25.41515],[99.2384,25.43762],[99.24929,25.4573],[99.26785,25.46999],[99.28858,25.47279],[99.27625,25.50262],[99.27949,25.52487],[99.29521,25.56451],[99.28935,25.57849],[99.28616,25.605],[99.29741,25.62921],[99.31973,25.64386],[99.34642,25.64456],[99.3708,25.63831],[99.38912,25.70028],[99.40073,25.71992],[99.39498,25.74389],[99.40072,25.76595],[99.41585,25.78298],[99.43708,25.79128],[99.45976,25.78901],[99.53126,25.76409],[99.58724,25.72695],[99.59456,25.74384],[99.62104,25.75914],[99.66591,25.76845],[99.64821,25.77486],[99.59511,25.80924],[99.57909,25.82629],[99.57287,25.84884],[99.57209,25.87752],[99.5181,25.96045],[99.51088,25.97897],[99.49644,26.0648],[99.49821,26.08813],[99.51064,26.10794],[99.53145,26.12806],[99.54642,26.15786],[99.55632,26.23004],[99.56606,26.25324],[99.58607,26.26849],[99.61103,26.27173],[99.67996,26.26259],[99.73908,26.28278],[99.7602,26.28509],[99.79722,26.26785],[99.82139,26.29465],[99.84288,26.30094],[99.87745,26.30468],[99.88141,26.31187],[99.87548,26.3329],[99.87524,26.35845],[99.88795,26.38061],[99.91013,26.3933],[99.9675,26.40824],[99.99053,26.44214],[99.98648,26.46141],[99.98806,26.4872],[100.00153,26.52661],[100.00776,26.64353],[100.01503,26.66666],[100.03255,26.68343],[100.05597,26.68968],[100.07951,26.68388],[100.12597,26.65904],[100.13441,26.66538],[100.15736,26.70668],[100.18165,26.72817],[100.22992,26.74776],[100.25308,26.7511],[100.27512,26.74327],[100.29098,26.72607],[100.297,26.70347],[100.2975,26.6758],[100.33634,26.67838],[100.35802,26.67487],[100.37595,26.66219],[100.39032,26.62936],[100.47228,26.58308],[100.49102,26.56413],[100.51739,26.5162],[100.52339,26.49086],[100.5155,26.46605],[100.50912,26.46043],[100.51703,26.45422],[100.52638,26.43022],[100.5293,26.40223],[100.52579,26.37838],[100.51129,26.35913],[100.4923,26.34392],[100.47598,26.30206],[100.46389,26.28381],[100.46506,26.27207],[100.48647,26.23466],[100.49269,26.20593],[100.48148,26.17932],[100.49712,26.17559],[100.51942,26.16346],[100.53261,26.14176],[100.5331,26.11638],[100.52932,26.10124],[100.53977,26.06469],[100.5888,26.05073],[100.60753,26.05402],[100.60307,26.0951],[100.60539,26.11608],[100.61636,26.13412],[100.64349,26.16238],[100.65863,26.17307],[100.72278,26.20199],[100.74374,26.23064],[100.76349,26.23914],[100.81288,26.24833],[100.8369,26.24675],[100.85724,26.23388],[100.88171,26.20798],[100.92001,26.21531],[100.94296,26.20485],[100.95761,26.18431],[100.96795,26.15666],[100.97095,26.13663],[100.96723,26.07557],[100.97689,26.06394],[100.98753,26.04044],[100.9797,26.00224],[101.00015,25.9817],[101.01206,25.9621],[101.01368,25.93923],[101.00824,25.9068],[100.99533,25.8799],[100.99284,25.84301],[100.97799,25.82376],[101.01396,25.77341],[101.02296,25.74784],[101.01691,25.72141],[101.00136,25.69339],[101.02928,25.67317],[101.03809,25.65396],[101.05547,25.57307],[101.05479,25.54981],[101.04341,25.52952],[101.02391,25.51681],[100.99945,25.50826],[100.99844,25.49078],[101.01139,25.46429],[101.05654,25.44416],[101.07828,25.42507],[101.08537,25.39702],[101.08472,25.38494],[101.0941,25.35457],[101.08898,25.33286],[101.07473,25.3157],[101.02636,25.30025],[101.03399,25.27873],[101.03227,25.2595],[101.0268,25.24109],[101.01209,25.21821],[100.98741,25.20677],[100.91827,25.19624],[100.89661,25.19784],[100.87077,25.20578],[100.85587,25.166],[100.83883,25.15286],[100.80532,25.14651],[100.80237,25.1137],[100.81529,25.08348],[100.81495,25.04269],[100.82691,25.01049],[100.8217,24.98702],[100.79379,24.96051],[100.80567,24.93603],[100.80835,24.91582],[100.80397,24.88832],[100.79416,24.86786],[100.80611,24.83441],[100.80428,24.7972],[100.78848,24.76374],[100.76721,24.74147],[100.73682,24.73639],[100.69371,24.74317],[100.67097,24.75316],[100.63741,24.7798],[100.62392,24.79659],[100.61886,24.83157],[100.60345,24.8508],[100.59274,24.88204],[100.59407,24.96692],[100.57214,24.99339],[100.561,25.02711],[100.56176,25.04129],[100.53155,25.04423],[100.50919,25.05222],[100.44878,25.0926],[100.4451,25.07596],[100.43384,25.05399],[100.41325,25.04036],[100.37515,25.02734],[100.32001,24.97863],[100.30698,24.94917],[100.27613,24.91304],[100.2514,24.89754],[100.21633,24.88836],[100.19108,24.88851],[100.16929,24.90127],[100.15451,24.93204],[100.12417,24.93889],[100.10426,24.93127],[100.08148,24.90786],[100.04191,24.90054],[100.01444,24.90676],[99.98504,24.92866],[99.97681,24.94807],[99.96953,24.98729],[99.95591,25.00551],[99.9464,25.03027],[99.95127,25.05635],[99.96073,25.0668],[99.93862,25.07867],[99.92102,25.09472],[99.89605,25.13245],[99.8626,25.07181],[99.84927,25.05644],[99.83083,25.04785],[99.77405,25.0348],[99.74042,25.01475],[99.69595,25.00801],[99.6652,25.01347],[99.54682,25.0784],[99.50491,25.07679],[99.48597,25.07984],[99.46968,25.08996],[99.37266,25.18102],[99.33711,25.23886],[99.30284,25.26219],[99.28983,25.27526],[99.24469,25.34231],[99.2365,25.36618]],[[99.30331,25.28434],[99.34936,25.25018],[99.38379,25.19287],[99.4808,25.10181],[99.49166,25.09506],[99.50429,25.09303],[99.55069,25.09481],[99.67301,25.02772],[99.69351,25.02408],[99.73798,25.03082],[99.75583,25.03971],[99.76596,25.04961],[99.83948,25.06942],[99.84837,25.07966],[99.88973,25.15464],[99.90054,25.1551],[99.93457,25.10369],[99.9463,25.09299],[99.98818,25.07052],[99.96583,25.04913],[99.96258,25.03175],[99.96892,25.01524],[99.98482,24.99399],[99.99827,24.93809],[100.02245,24.92089],[100.04077,24.91675],[100.07363,24.92208],[100.09399,24.94474],[100.12296,24.95582],[100.16774,24.94572],[100.18086,24.91269],[100.19538,24.90418],[100.21221,24.90408],[100.24729,24.91326],[100.26377,24.9236],[100.29463,24.95972],[100.3057,24.98767],[100.36682,25.04167],[100.408,25.05574],[100.42172,25.06483],[100.42923,25.07947],[100.43732,25.11605],[100.4406,25.11761],[100.51822,25.06573],[100.53312,25.06041],[100.57882,25.05595],[100.57723,25.02624],[100.58465,25.00376],[100.61041,24.97267],[100.60899,24.88179],[100.61613,24.86096],[100.63506,24.83734],[100.63852,24.80372],[100.68107,24.76588],[100.69623,24.75923],[100.73935,24.75245],[100.7596,24.75583],[100.77379,24.77067],[100.78959,24.80414],[100.7908,24.82894],[100.77658,24.86878],[100.78932,24.89535],[100.79224,24.91368],[100.78956,24.93389],[100.7852,24.94635],[100.76767,24.9622],[100.79667,24.98226],[100.8072,24.99434],[100.81067,25.00999],[100.79739,25.04052],[100.80168,25.05525],[100.80035,25.0771],[100.78582,25.11108],[100.78957,25.15282],[100.79909,25.16478],[100.83199,25.1676],[100.84335,25.17636],[100.85753,25.21978],[100.86319,25.22511],[100.91582,25.21231],[100.98496,25.22284],[101.00142,25.23046],[101.01123,25.24572],[101.01784,25.27694],[101.00648,25.30252],[101.01933,25.31668],[101.06494,25.32867],[101.07444,25.34011],[101.07785,25.35459],[101.06827,25.38154],[101.06915,25.39789],[101.06442,25.41659],[101.04993,25.42932],[101.00192,25.45072],[100.99346,25.45942],[100.98201,25.48811],[100.98429,25.52017],[101.01854,25.53215],[101.03154,25.54062],[101.03913,25.55415],[101.03959,25.56966],[101.0222,25.65055],[101.01633,25.66335],[100.98989,25.68074],[100.98269,25.69324],[101.0027,25.7293],[101.00674,25.74691],[101.00074,25.76396],[100.95686,25.82539],[100.97791,25.84941],[100.97859,25.88419],[100.99221,25.90949],[100.99766,25.94192],[100.99657,25.95717],[100.98864,25.97023],[100.96066,25.99834],[100.96959,26.02079],[100.97148,26.03789],[100.96439,26.05356],[100.95062,26.07014],[100.95473,26.13761],[100.94239,26.17862],[100.93262,26.19231],[100.91732,26.19929],[100.87519,26.19121],[100.84543,26.22272],[100.83187,26.2313],[100.81586,26.23235],[100.76646,26.22316],[100.7533,26.2175],[100.73445,26.18942],[100.6653,26.15825],[100.62809,26.12287],[100.62077,26.11084],[100.61922,26.09685],[100.6244,26.04917],[100.61996,26.03971],[100.58794,26.03408],[100.52663,26.05154],[100.5125,26.10095],[100.51733,26.12031],[100.517,26.13723],[100.50821,26.1517],[100.49334,26.15978],[100.45996,26.16775],[100.45559,26.17374],[100.4689,26.18938],[100.47651,26.20744],[100.47236,26.22659],[100.44923,26.26701],[100.44703,26.28917],[100.46084,26.30796],[100.47874,26.35388],[100.50113,26.37181],[100.5108,26.38465],[100.51314,26.40055],[100.51022,26.42853],[100.50399,26.44454],[100.48257,26.45844],[100.50189,26.47493],[100.50715,26.49147],[100.50315,26.50836],[100.47678,26.55629],[100.46429,26.56893],[100.37649,26.6185],[100.36383,26.65137],[100.35187,26.65982],[100.33742,26.66217],[100.29151,26.65912],[100.28144,26.6646],[100.28075,26.70318],[100.27673,26.71825],[100.26616,26.72971],[100.25147,26.73493],[100.23603,26.73271],[100.18776,26.71312],[100.17157,26.69879],[100.14694,26.65446],[100.13094,26.64246],[100.12119,26.64306],[100.07182,26.66957],[100.05613,26.67343],[100.04051,26.66926],[100.02884,26.65808],[100.02399,26.64267],[100.01764,26.52349],[100.00344,26.48194],[100.00239,26.46475],[100.00785,26.43872],[99.97751,26.39405],[99.91422,26.37758],[99.89944,26.36912],[99.89096,26.35434],[99.89112,26.33731],[99.89885,26.30987],[99.88941,26.2927],[99.87817,26.28654],[99.84374,26.28471],[99.82942,26.28052],[99.80202,26.24585],[99.75841,26.26894],[99.74433,26.2674],[99.6816,26.24598],[99.60889,26.25563],[99.59226,26.25346],[99.57891,26.24329],[99.57242,26.22783],[99.56215,26.15297],[99.54473,26.1183],[99.52193,26.09626],[99.51364,26.08305],[99.51247,26.0675],[99.5269,25.98166],[99.58821,25.88254],[99.58911,25.84928],[99.59326,25.83425],[99.60394,25.82288],[99.65704,25.7885],[99.67082,25.78351],[99.71767,25.77788],[99.68462,25.75574],[99.62435,25.74323],[99.60669,25.73303],[99.59583,25.70101],[99.52592,25.74875],[99.45441,25.77367],[99.43929,25.77518],[99.42514,25.76965],[99.41505,25.75829],[99.41122,25.74359],[99.41999,25.71747],[99.40463,25.69543],[99.38731,25.64004],[99.38585,25.61767],[99.34238,25.62882],[99.32459,25.62836],[99.30971,25.61859],[99.30221,25.60245],[99.30433,25.58477],[99.31276,25.56469],[99.2946,25.51888],[99.29244,25.50405],[99.31583,25.45537],[99.27368,25.45483],[99.2613,25.44636],[99.25404,25.43324],[99.25345,25.41826],[99.25896,25.39001],[99.25271,25.3673],[99.25817,25.35139],[99.30331,25.28434]]]}},{"type":"Feature","id":"near-0-4","properties":{"id":"near-0-4","group":"near-0","placeIds":["dali"],"alpha":0.035},"geometry":{"type":"Polygon","coordinates":[[[99.22155,25.41203],[99.22275,25.442],[99.23727,25.46823],[99.26524,25.4856],[99.26006,25.50119],[99.26439,25.53086],[99.27766,25.56434],[99.27011,25.60755],[99.28512,25.63983],[99.31487,25.65937],[99.35892,25.65813],[99.37361,25.70513],[99.38343,25.72292],[99.37873,25.74419],[99.38638,25.7736],[99.40657,25.79632],[99.43487,25.80738],[99.46511,25.80436],[99.53661,25.77944],[99.58095,25.75126],[99.61795,25.77509],[99.58627,25.7956],[99.56493,25.81833],[99.55662,25.84839],[99.55597,25.8725],[99.50448,25.95159],[99.49485,25.97627],[99.48042,26.06211],[99.48277,26.0932],[99.49934,26.11962],[99.51817,26.13782],[99.53068,26.16274],[99.54022,26.23225],[99.55321,26.26318],[99.57989,26.28352],[99.61316,26.28784],[99.67832,26.2792],[99.73383,26.29816],[99.76199,26.30125],[99.79275,26.28964],[99.81337,26.30878],[99.84202,26.31717],[99.86272,26.31827],[99.85952,26.36256],[99.87647,26.39211],[99.90603,26.40903],[99.9575,26.42242],[99.97321,26.44556],[99.97058,26.45807],[99.97268,26.49245],[99.98542,26.52973],[99.99154,26.6444],[100.00123,26.67523],[100.02458,26.69759],[100.05581,26.70593],[100.0872,26.6982],[100.12329,26.67882],[100.14316,26.71457],[100.17554,26.74323],[100.22382,26.76282],[100.25468,26.76727],[100.28407,26.75683],[100.30522,26.7339],[100.31343,26.69315],[100.33527,26.6946],[100.36417,26.68991],[100.38808,26.67301],[100.40415,26.64021],[100.48027,26.59723],[100.50526,26.57196],[100.53163,26.52403],[100.53963,26.49025],[100.53072,26.46226],[100.54254,26.4319],[100.54546,26.40391],[100.54079,26.37212],[100.52145,26.34644],[100.50586,26.33396],[100.48071,26.27893],[100.50057,26.24273],[100.50888,26.20443],[100.50292,26.19029],[100.53063,26.17523],[100.54821,26.1463],[100.54614,26.10152],[100.55291,26.07785],[100.58973,26.06739],[100.58691,26.09334],[100.59,26.12132],[100.60464,26.14537],[100.63176,26.17363],[100.65195,26.18788],[100.71112,26.21455],[100.73419,26.24379],[100.76052,26.25512],[100.80991,26.26431],[100.84194,26.26221],[100.86905,26.24504],[100.88612,26.22697],[100.92269,26.23134],[100.9533,26.21738],[100.97283,26.19],[100.98317,26.16235],[100.98717,26.13564],[100.98384,26.08101],[101.00358,26.04298],[100.99874,26.00615],[101.01167,25.99316],[101.02754,25.96703],[101.02971,25.93654],[101.02426,25.90411],[101.01206,25.8756],[101.00778,25.8366],[100.99793,25.8238],[101.02718,25.78285],[101.03918,25.74876],[101.03112,25.71352],[101.02315,25.69917],[101.04223,25.68299],[101.05398,25.65738],[101.07136,25.57649],[101.07045,25.54547],[101.05527,25.51841],[101.02927,25.50148],[101.01505,25.4965],[101.01487,25.49344],[101.02114,25.47774],[101.06316,25.45901],[101.09215,25.43355],[101.11035,25.35456],[101.10353,25.32561],[101.08452,25.30273],[101.04747,25.28888],[101.05014,25.28052],[101.04785,25.25487],[101.04238,25.23647],[101.02277,25.20595],[100.98985,25.19071],[100.92071,25.18018],[100.88235,25.18522],[100.86839,25.15564],[100.84567,25.13812],[100.82039,25.13268],[100.81892,25.11633],[100.83023,25.08987],[100.8325,25.04486],[100.84315,25.01099],[100.83621,24.9797],[100.81555,24.95598],[100.82446,24.91795],[100.81863,24.88129],[100.81174,24.86694],[100.82141,24.83988],[100.81898,24.79026],[100.80318,24.7568],[100.77481,24.7271],[100.7343,24.72034],[100.69118,24.72712],[100.66086,24.74043],[100.62731,24.76708],[100.60932,24.78946],[100.60266,24.8258],[100.59077,24.84063],[100.5765,24.8823],[100.57773,24.96117],[100.55962,24.98303],[100.54524,25.02657],[100.52997,25.02806],[100.50016,25.03871],[100.45808,25.06683],[100.44595,25.04316],[100.41851,25.02498],[100.38347,25.01302],[100.33432,24.96958],[100.31934,24.93861],[100.28848,24.90249],[100.25552,24.88182],[100.22044,24.87264],[100.18678,24.87284],[100.15773,24.88986],[100.14155,24.91831],[100.12539,24.92196],[100.11453,24.91781],[100.08933,24.89363],[100.06251,24.8857],[100.04306,24.88433],[100.00643,24.89262],[99.99269,24.9004],[99.97181,24.91923],[99.96083,24.9451],[99.95425,24.9806],[99.9429,24.99577],[99.93022,25.02879],[99.93632,25.06147],[99.90747,25.08575],[99.89731,25.1011],[99.87683,25.06397],[99.85906,25.04347],[99.83447,25.03201],[99.78214,25.01999],[99.74285,24.99869],[99.69838,24.99195],[99.65738,24.99922],[99.54295,25.06199],[99.50553,25.06055],[99.48028,25.06462],[99.45856,25.07811],[99.36154,25.16917],[99.32487,25.22754],[99.2937,25.24875],[99.27635,25.26619],[99.23121,25.33324],[99.22028,25.36507],[99.2255,25.39178],[99.22155,25.41203]],[[99.28983,25.27526],[99.30284,25.26219],[99.33711,25.23886],[99.37266,25.18102],[99.46968,25.08996],[99.48597,25.07984],[99.50491,25.07679],[99.54682,25.0784],[99.6652,25.01347],[99.69595,25.00801],[99.74042,25.01475],[99.77405,25.0348],[99.83083,25.04785],[99.84927,25.05644],[99.8626,25.07181],[99.89605,25.13245],[99.92102,25.09472],[99.93862,25.07867],[99.96073,25.0668],[99.95127,25.05635],[99.9464,25.03027],[99.95591,25.00551],[99.96953,24.98729],[99.97681,24.94807],[99.98504,24.92866],[100.01444,24.90676],[100.04191,24.90054],[100.08148,24.90786],[100.10426,24.93127],[100.12417,24.93889],[100.15451,24.93204],[100.16929,24.90127],[100.19108,24.88851],[100.21633,24.88836],[100.2514,24.89754],[100.27613,24.91304],[100.30698,24.94917],[100.32001,24.97863],[100.37515,25.02734],[100.41325,25.04036],[100.43384,25.05399],[100.4451,25.07596],[100.44878,25.0926],[100.50919,25.05222],[100.53155,25.04423],[100.56176,25.04129],[100.561,25.02711],[100.57214,24.99339],[100.59407,24.96692],[100.59274,24.88204],[100.60345,24.8508],[100.61886,24.83157],[100.62392,24.79659],[100.63741,24.7798],[100.67097,24.75316],[100.69371,24.74317],[100.73682,24.73639],[100.76721,24.74147],[100.78848,24.76374],[100.80428,24.7972],[100.80611,24.83441],[100.79416,24.86786],[100.80397,24.88832],[100.80835,24.91582],[100.80567,24.93603],[100.79379,24.96051],[100.8217,24.98702],[100.82691,25.01049],[100.81495,25.04269],[100.81529,25.08348],[100.80237,25.1137],[100.80532,25.14651],[100.83883,25.15286],[100.85587,25.166],[100.87077,25.20578],[100.89661,25.19784],[100.91827,25.19624],[100.98741,25.20677],[101.01209,25.21821],[101.0268,25.24109],[101.03227,25.2595],[101.03399,25.27873],[101.02636,25.30025],[101.07473,25.3157],[101.08898,25.33286],[101.0941,25.35457],[101.08472,25.38494],[101.08537,25.39702],[101.07828,25.42507],[101.05654,25.44416],[101.01139,25.46429],[100.99844,25.49078],[100.99945,25.50826],[101.02391,25.51681],[101.04341,25.52952],[101.05479,25.54981],[101.05547,25.57307],[101.03809,25.65396],[101.02928,25.67317],[101.00136,25.69339],[101.01691,25.72141],[101.02296,25.74784],[101.01396,25.77341],[100.97799,25.82376],[100.99284,25.84301],[100.99533,25.8799],[101.00824,25.9068],[101.01368,25.93923],[101.01206,25.9621],[101.00015,25.9817],[100.9797,26.00224],[100.98753,26.04044],[100.97689,26.06394],[100.96723,26.07557],[100.97095,26.13663],[100.96795,26.15666],[100.95761,26.18431],[100.94296,26.20485],[100.92001,26.21531],[100.88171,26.20798],[100.85724,26.23388],[100.8369,26.24675],[100.81288,26.24833],[100.76349,26.23914],[100.74374,26.23064],[100.72278,26.20199],[100.65863,26.17307],[100.64349,26.16238],[100.61636,26.13412],[100.60539,26.11608],[100.60307,26.0951],[100.60753,26.05402],[100.5888,26.05073],[100.53977,26.06469],[100.52932,26.10124],[100.5331,26.11638],[100.53261,26.14176],[100.51942,26.16346],[100.49712,26.17559],[100.48148,26.17932],[100.49269,26.20593],[100.48647,26.23466],[100.46506,26.27207],[100.46389,26.28381],[100.47598,26.30206],[100.4923,26.34392],[100.51129,26.35913],[100.52579,26.37838],[100.5293,26.40223],[100.52638,26.43022],[100.51703,26.45422],[100.50912,26.46043],[100.5155,26.46605],[100.52339,26.49086],[100.51739,26.5162],[100.49102,26.56413],[100.47228,26.58308],[100.39032,26.62936],[100.37595,26.66219],[100.35802,26.67487],[100.33634,26.67838],[100.2975,26.6758],[100.297,26.70347],[100.29098,26.72607],[100.27512,26.74327],[100.25308,26.7511],[100.22992,26.74776],[100.18165,26.72817],[100.15736,26.70668],[100.13441,26.66538],[100.12597,26.65904],[100.07951,26.68388],[100.05597,26.68968],[100.03255,26.68343],[100.01503,26.66666],[100.00776,26.64353],[100.00153,26.52661],[99.98806,26.4872],[99.98648,26.46141],[99.99053,26.44214],[99.9675,26.40824],[99.91013,26.3933],[99.88795,26.38061],[99.87524,26.35845],[99.87548,26.3329],[99.88141,26.31187],[99.87745,26.30468],[99.84288,26.30094],[99.82139,26.29465],[99.79722,26.26785],[99.7602,26.28509],[99.73908,26.28278],[99.67996,26.26259],[99.61103,26.27173],[99.58607,26.26849],[99.56606,26.25324],[99.55632,26.23004],[99.54642,26.15786],[99.53145,26.12806],[99.51064,26.10794],[99.49821,26.08813],[99.49644,26.0648],[99.51088,25.97897],[99.5181,25.96045],[99.57209,25.87752],[99.57287,25.84884],[99.57909,25.82629],[99.59511,25.80924],[99.64821,25.77486],[99.66591,25.76845],[99.62104,25.75914],[99.59456,25.74384],[99.58724,25.72695],[99.53126,25.76409],[99.45976,25.78901],[99.43708,25.79128],[99.41585,25.78298],[99.40072,25.76595],[99.39498,25.74389],[99.40073,25.71992],[99.38912,25.70028],[99.3708,25.63831],[99.34642,25.64456],[99.31973,25.64386],[99.29741,25.62921],[99.28616,25.605],[99.28935,25.57849],[99.29521,25.56451],[99.27949,25.52487],[99.27625,25.50262],[99.28858,25.47279],[99.26785,25.46999],[99.24929,25.4573],[99.2384,25.43762],[99.2375,25.41515],[99.24197,25.39225],[99.2365,25.36618],[99.24469,25.34231],[99.28983,25.27526]]]}},{"type":"Feature","id":"near-1-0","properties":{"id":"near-1-0","group":"near-1","placeIds":["xuanwu"],"alpha":0.62},"geometry":{"type":"Polygon","coordinates":[[[117.81127,32.00004],[117.82958,32.03661],[117.86119,32.06198],[117.86565,32.07918],[117.84911,32.11566],[117.8658,32.16025],[117.86073,32.1865],[117.82937,32.22356],[117.87035,32.24351],[117.88131,32.28756],[117.91315,32.31044],[117.93881,32.36371],[117.98176,32.37818],[118.02671,32.41787],[118.04285,32.47337],[118.17365,32.47323],[118.21557,32.45172],[118.24887,32.46376],[118.32015,32.59219],[118.38338,32.59881],[118.40961,32.61676],[118.408,32.64983],[118.4205,32.68191],[118.41624,32.71458],[118.4394,32.74006],[118.48929,32.72414],[118.54923,32.73229],[118.57364,32.72621],[118.64084,32.74623],[118.71199,32.72613],[118.73525,32.75503],[118.73523,32.85313],[118.78899,32.86039],[118.80053,32.873],[118.80332,32.91646],[118.82995,32.92546],[118.84433,32.95938],[118.87721,32.96362],[118.91051,32.94055],[118.99282,32.9625],[119.01151,32.9594],[119.05522,32.86667],[119.0901,32.83327],[119.11503,32.82434],[119.17914,32.82843],[119.20456,32.73081],[119.20584,32.64359],[119.23938,32.5977],[119.2979,32.6031],[119.313,32.62335],[119.33751,32.62251],[119.35276,32.63239],[119.38424,32.66712],[119.45408,32.64873],[119.46005,32.61941],[119.44961,32.58418],[119.48306,32.51556],[119.53847,32.44799],[119.54288,32.41107],[119.59169,32.36477],[119.68069,32.33076],[119.70551,32.29206],[119.70293,32.27075],[119.71857,32.24325],[119.76869,32.21284],[119.83079,32.19994],[119.79711,32.17811],[119.79422,32.12359],[119.87173,32.08338],[119.89305,32.04946],[119.87853,32.04237],[119.84906,32.06137],[119.8121,32.05922],[119.78355,32.03508],[119.76715,31.95977],[119.78603,31.92746],[119.77066,31.88924],[119.77431,31.87091],[119.8057,31.85318],[119.78649,31.81218],[119.76236,31.80674],[119.73691,31.77378],[119.73378,31.74431],[119.74765,31.72593],[119.74713,31.70905],[119.70479,31.68501],[119.68477,31.63573],[119.6511,31.60546],[119.62845,31.56529],[119.44511,31.57918],[119.41992,31.59568],[119.40244,31.62275],[119.36089,31.63042],[119.32121,31.66405],[119.28653,31.6577],[119.22333,31.60809],[119.19002,31.54928],[119.1904,31.52057],[119.1511,31.47596],[119.16913,31.39373],[119.19432,31.37411],[119.20858,31.34489],[119.18594,31.30965],[119.14601,31.28769],[119.09933,31.23762],[119.05168,31.23284],[118.92388,31.24417],[118.87995,31.23175],[118.84861,31.24173],[118.79058,31.23282],[118.74866,31.28182],[118.69971,31.30078],[118.67696,31.30665],[118.57081,31.29512],[118.55308,31.3172],[118.54582,31.35587],[118.50233,31.39791],[118.44023,31.39614],[118.41299,31.48933],[118.39072,31.50551],[118.35713,31.49378],[118.31789,31.4437],[118.30875,31.49427],[118.25803,31.52812],[118.18236,31.53742],[118.13397,31.52084],[118.14802,31.56544],[118.149,31.61231],[118.16701,31.63101],[118.18689,31.67726],[118.18478,31.69508],[118.16241,31.71418],[118.17449,31.75545],[118.1663,31.79034],[118.13112,31.82041],[118.08321,31.83813],[118.05739,31.86248],[117.98571,31.88129],[117.91259,31.92531],[117.86475,31.93268],[117.84947,31.96521],[117.81127,32.00004]]]}},{"type":"Feature","id":"near-1-1","properties":{"id":"near-1-1","group":"near-1","placeIds":["xuanwu"],"alpha":0.43},"geometry":{"type":"Polygon","coordinates":[[[117.79529,31.99707],[117.79674,32.00731],[117.81505,32.04388],[117.84681,32.07128],[117.84848,32.0777],[117.83431,32.10895],[117.83389,32.12136],[117.84898,32.16166],[117.84558,32.17925],[117.81697,32.21307],[117.8132,32.22201],[117.8152,32.23151],[117.85641,32.2548],[117.86554,32.29149],[117.87183,32.30076],[117.90031,32.32122],[117.92805,32.37589],[117.97347,32.39253],[118.01242,32.42693],[118.02724,32.47791],[118.0331,32.48637],[118.04286,32.48962],[118.17366,32.48948],[118.21669,32.46941],[118.23762,32.47697],[118.31119,32.60575],[118.37759,32.61454],[118.39294,32.62504],[118.39286,32.65573],[118.40385,32.68393],[118.40074,32.71945],[118.43519,32.75575],[118.49074,32.74074],[118.54704,32.7484],[118.57326,32.74305],[118.64526,32.76187],[118.70607,32.74469],[118.719,32.76075],[118.7208,32.86061],[118.73305,32.86923],[118.78097,32.8757],[118.78468,32.87975],[118.79043,32.92635],[118.81784,32.93852],[118.83451,32.97233],[118.87513,32.97974],[118.88646,32.97698],[118.91359,32.95819],[118.98864,32.9782],[119.02132,32.97236],[119.06863,32.87632],[119.09884,32.8474],[119.11735,32.84077],[119.17811,32.84465],[119.19142,32.83908],[119.22029,32.73491],[119.22201,32.649],[119.24706,32.61473],[119.2892,32.61861],[119.30597,32.638],[119.33296,32.63892],[119.37962,32.6827],[119.45822,32.66444],[119.4659,32.65989],[119.47597,32.62266],[119.46699,32.58562],[119.49683,32.52439],[119.55103,32.45829],[119.55832,32.41882],[119.60052,32.3788],[119.68649,32.34594],[119.69437,32.33953],[119.71919,32.30083],[119.71971,32.27412],[119.73061,32.25496],[119.77473,32.22818],[119.84097,32.21261],[119.84702,32.19912],[119.84487,32.19182],[119.8129,32.16898],[119.81101,32.13319],[119.87921,32.09781],[119.90681,32.05811],[119.9093,32.04949],[119.90684,32.04086],[119.88566,32.02777],[119.86973,32.02872],[119.84471,32.04484],[119.81845,32.04331],[119.79825,32.02624],[119.78438,31.9625],[119.80224,31.92865],[119.78754,31.88767],[119.78879,31.8814],[119.81949,31.86179],[119.82042,31.84628],[119.79667,31.79952],[119.77164,31.79218],[119.75259,31.76749],[119.75062,31.74897],[119.76389,31.72543],[119.76105,31.70066],[119.71773,31.67366],[119.69983,31.62961],[119.66395,31.59516],[119.63611,31.55096],[119.62723,31.54909],[119.44388,31.56298],[119.41101,31.58209],[119.39259,31.60804],[119.35039,31.61802],[119.31657,31.64668],[119.29341,31.64244],[119.23589,31.59729],[119.20633,31.54509],[119.20665,31.52079],[119.20259,31.50983],[119.16873,31.4714],[119.18375,31.40294],[119.20892,31.38123],[119.22318,31.35201],[119.22225,31.3361],[119.19961,31.30087],[119.15612,31.27471],[119.11122,31.22654],[119.10095,31.22146],[119.0533,31.21667],[118.92542,31.22772],[118.88436,31.21612],[118.84731,31.22509],[118.78492,31.21758],[118.73897,31.26815],[118.69473,31.28529],[118.67577,31.29018],[118.56459,31.28011],[118.54041,31.30702],[118.53081,31.34778],[118.49596,31.38147],[118.44069,31.37989],[118.42804,31.38539],[118.39895,31.47944],[118.38805,31.48737],[118.36699,31.48001],[118.33068,31.43368],[118.32318,31.42834],[118.31398,31.42793],[118.30604,31.43258],[118.3019,31.44081],[118.29399,31.48459],[118.25222,31.51246],[118.18409,31.52084],[118.13923,31.50547],[118.1304,31.50499],[118.12262,31.50921],[118.11821,31.51688],[118.11847,31.52573],[118.13182,31.5681],[118.13276,31.61265],[118.13729,31.62358],[118.15325,31.64015],[118.17024,31.67967],[118.16939,31.68685],[118.14683,31.70954],[118.15769,31.75591],[118.1517,31.78145],[118.12277,31.80618],[118.07206,31.82631],[118.04925,31.84781],[117.97732,31.86736],[117.90695,31.90974],[117.85502,31.91967],[117.83613,31.95538],[117.80032,31.98803],[117.79529,31.99707]],[[117.84947,31.96521],[117.86475,31.93268],[117.91259,31.92531],[117.98571,31.88129],[118.05739,31.86248],[118.08321,31.83813],[118.13112,31.82041],[118.1663,31.79034],[118.17449,31.75545],[118.16241,31.71418],[118.18478,31.69508],[118.18689,31.67726],[118.16701,31.63101],[118.149,31.61231],[118.14802,31.56544],[118.13397,31.52084],[118.18236,31.53742],[118.25803,31.52812],[118.30875,31.49427],[118.31789,31.4437],[118.35713,31.49378],[118.39072,31.50551],[118.41299,31.48933],[118.44023,31.39614],[118.50233,31.39791],[118.54582,31.35587],[118.55308,31.3172],[118.57081,31.29512],[118.67696,31.30665],[118.69971,31.30078],[118.74866,31.28182],[118.79058,31.23282],[118.84861,31.24173],[118.87995,31.23175],[118.92388,31.24417],[119.05168,31.23284],[119.09933,31.23762],[119.14601,31.28769],[119.18594,31.30965],[119.20858,31.34489],[119.19432,31.37411],[119.16913,31.39373],[119.1511,31.47596],[119.1904,31.52057],[119.19002,31.54928],[119.22333,31.60809],[119.28653,31.6577],[119.32121,31.66405],[119.36089,31.63042],[119.40244,31.62275],[119.41992,31.59568],[119.44511,31.57918],[119.62845,31.56529],[119.6511,31.60546],[119.68477,31.63573],[119.70479,31.68501],[119.74713,31.70905],[119.74765,31.72593],[119.73378,31.74431],[119.73691,31.77378],[119.76236,31.80674],[119.78649,31.81218],[119.8057,31.85318],[119.77431,31.87091],[119.77066,31.88924],[119.78603,31.92746],[119.76715,31.95977],[119.78355,32.03508],[119.8121,32.05922],[119.84906,32.06137],[119.87853,32.04237],[119.89305,32.04946],[119.87173,32.08338],[119.79422,32.12359],[119.79711,32.17811],[119.83079,32.19994],[119.76869,32.21284],[119.71857,32.24325],[119.70293,32.27075],[119.70551,32.29206],[119.68069,32.33076],[119.59169,32.36477],[119.54288,32.41107],[119.53847,32.44799],[119.48306,32.51556],[119.44961,32.58418],[119.46005,32.61941],[119.45408,32.64873],[119.38424,32.66712],[119.35276,32.63239],[119.33751,32.62251],[119.313,32.62335],[119.2979,32.6031],[119.23938,32.5977],[119.20584,32.64359],[119.20456,32.73081],[119.17914,32.82843],[119.11503,32.82434],[119.0901,32.83327],[119.05522,32.86667],[119.01151,32.9594],[118.99282,32.9625],[118.91051,32.94055],[118.87721,32.96362],[118.84433,32.95938],[118.82995,32.92546],[118.80332,32.91646],[118.80053,32.873],[118.78899,32.86039],[118.73523,32.85313],[118.73525,32.75503],[118.71199,32.72613],[118.64084,32.74623],[118.57364,32.72621],[118.54923,32.73229],[118.48929,32.72414],[118.4394,32.74006],[118.41624,32.71458],[118.4205,32.68191],[118.408,32.64983],[118.40961,32.61676],[118.38338,32.59881],[118.32015,32.59219],[118.24887,32.46376],[118.21557,32.45172],[118.17365,32.47323],[118.04285,32.47337],[118.02671,32.41787],[117.98176,32.37818],[117.93881,32.36371],[117.91315,32.31044],[117.88131,32.28756],[117.87035,32.24351],[117.82937,32.22356],[117.86073,32.1865],[117.8658,32.16025],[117.84911,32.11566],[117.86565,32.07918],[117.86119,32.06198],[117.82958,32.03661],[117.81127,32.00004],[117.84947,31.96521]]]}},{"type":"Feature","id":"near-1-2","properties":{"id":"near-1-2","group":"near-1","placeIds":["xuanwu"],"alpha":0.25},"geometry":{"type":"Polygon","coordinates":[[[117.77932,31.9941],[117.78221,32.01458],[117.80051,32.05116],[117.83016,32.07875],[117.81951,32.10224],[117.81867,32.12705],[117.83215,32.16307],[117.83043,32.172],[117.80456,32.20257],[117.79702,32.22046],[117.80102,32.23946],[117.81514,32.25278],[117.84248,32.26609],[117.84978,32.29541],[117.86235,32.31395],[117.88746,32.332],[117.91729,32.38807],[117.96517,32.40688],[117.99813,32.436],[118.01164,32.48244],[118.02335,32.49937],[118.04288,32.50587],[118.17368,32.50573],[118.18848,32.50215],[118.21782,32.48709],[118.22636,32.49018],[118.29173,32.60796],[118.30223,32.6193],[118.31677,32.62452],[118.37627,32.63332],[118.37772,32.66163],[118.3872,32.68596],[118.38523,32.72432],[118.41535,32.76192],[118.43098,32.77145],[118.44928,32.77102],[118.49218,32.75733],[118.54485,32.7645],[118.57288,32.75989],[118.63156,32.77738],[118.64968,32.7775],[118.70015,32.76325],[118.70275,32.76648],[118.70273,32.85312],[118.70638,32.8681],[118.71652,32.87971],[118.73087,32.88533],[118.76909,32.8905],[118.77089,32.91855],[118.77754,32.93625],[118.80573,32.95158],[118.81441,32.97207],[118.82469,32.98528],[118.84018,32.99162],[118.87305,32.99586],[118.89571,32.99034],[118.91666,32.97583],[118.98445,32.9939],[119.01684,32.99146],[119.03112,32.98532],[119.04091,32.97325],[119.08205,32.88598],[119.10758,32.86153],[119.11967,32.8572],[119.17707,32.86087],[119.19169,32.85842],[119.20369,32.84973],[119.2106,32.83662],[119.23601,32.739],[119.23818,32.65441],[119.25474,32.63176],[119.2805,32.63413],[119.29893,32.65265],[119.32842,32.65534],[119.36016,32.68895],[119.375,32.69828],[119.39252,32.69855],[119.46236,32.68015],[119.47771,32.67105],[119.48593,32.65521],[119.4919,32.6259],[119.48436,32.58706],[119.5106,32.53322],[119.5636,32.46859],[119.57074,32.45184],[119.57376,32.42658],[119.60935,32.39282],[119.6923,32.36112],[119.70805,32.3483],[119.73287,32.3096],[119.73777,32.28816],[119.73648,32.27749],[119.74265,32.26666],[119.78077,32.24352],[119.8374,32.23177],[119.85116,32.22528],[119.86045,32.21324],[119.86325,32.19829],[119.85895,32.1837],[119.82869,32.15985],[119.82779,32.14279],[119.88669,32.11223],[119.89924,32.10068],[119.92057,32.06675],[119.92555,32.04952],[119.92063,32.03226],[119.89278,32.01316],[119.8766,32.00993],[119.86093,32.01506],[119.84037,32.02831],[119.8248,32.02741],[119.81296,32.01739],[119.8016,31.96523],[119.81845,31.92984],[119.80611,31.89028],[119.83327,31.87039],[119.83814,31.85513],[119.83513,31.83939],[119.81592,31.79839],[119.80685,31.78685],[119.78093,31.77761],[119.76826,31.7612],[119.76746,31.75364],[119.78013,31.72493],[119.77496,31.69227],[119.76318,31.68079],[119.73066,31.66232],[119.71488,31.6235],[119.7065,31.61156],[119.67679,31.58485],[119.65676,31.54933],[119.64377,31.53663],[119.626,31.53288],[119.44266,31.54677],[119.42731,31.55199],[119.40211,31.56849],[119.38275,31.59334],[119.355,31.59846],[119.33988,31.60562],[119.31193,31.62931],[119.30028,31.62718],[119.24844,31.58649],[119.22263,31.54091],[119.2229,31.521],[119.21479,31.49909],[119.18637,31.46683],[119.19837,31.41215],[119.22352,31.38836],[119.23778,31.35914],[119.24102,31.34299],[119.23592,31.32732],[119.21329,31.29209],[119.2016,31.28118],[119.16623,31.26172],[119.1231,31.21546],[119.10258,31.20529],[119.05492,31.2005],[118.92696,31.21127],[118.88878,31.20048],[118.87008,31.20079],[118.84601,31.20845],[118.79551,31.20069],[118.77927,31.20235],[118.76588,31.21169],[118.72928,31.25448],[118.68975,31.26979],[118.67458,31.2737],[118.57432,31.26281],[118.55837,31.2651],[118.54548,31.27477],[118.52774,31.29685],[118.52113,31.31121],[118.51579,31.3397],[118.48958,31.36503],[118.44115,31.36365],[118.42728,31.36633],[118.41585,31.37464],[118.40903,31.38702],[118.38504,31.4691],[118.37684,31.46624],[118.34347,31.42365],[118.32847,31.41297],[118.31007,31.41215],[118.29418,31.42147],[118.28591,31.43792],[118.27923,31.4749],[118.24641,31.49681],[118.18582,31.50425],[118.1445,31.4901],[118.12683,31.48914],[118.11127,31.49758],[118.10245,31.51292],[118.10297,31.53061],[118.11562,31.57077],[118.11651,31.61299],[118.12559,31.63485],[118.13949,31.64929],[118.15261,31.67981],[118.13126,31.7049],[118.13122,31.72332],[118.1409,31.75636],[118.13709,31.77255],[118.11441,31.79194],[118.06092,31.81448],[118.04112,31.83314],[117.96894,31.85344],[117.90131,31.89416],[117.8598,31.90056],[117.84529,31.90665],[117.83534,31.91886],[117.8228,31.94555],[117.78937,31.97602],[117.77932,31.9941]],[[117.83613,31.95538],[117.85502,31.91967],[117.90695,31.90974],[117.97732,31.86736],[118.04925,31.84781],[118.07206,31.82631],[118.12277,31.80618],[118.1517,31.78145],[118.15769,31.75591],[118.14683,31.70954],[118.16939,31.68685],[118.17024,31.67967],[118.15325,31.64015],[118.13729,31.62358],[118.13276,31.61265],[118.13182,31.5681],[118.11847,31.52573],[118.11821,31.51688],[118.12262,31.50921],[118.1304,31.50499],[118.13923,31.50547],[118.18409,31.52084],[118.25222,31.51246],[118.29399,31.48459],[118.3019,31.44081],[118.30604,31.43258],[118.31398,31.42793],[118.32318,31.42834],[118.33068,31.43368],[118.36699,31.48001],[118.38805,31.48737],[118.39895,31.47944],[118.42804,31.38539],[118.44069,31.37989],[118.49596,31.38147],[118.53081,31.34778],[118.54041,31.30702],[118.56459,31.28011],[118.67577,31.29018],[118.69473,31.28529],[118.73897,31.26815],[118.78492,31.21758],[118.84731,31.22509],[118.88436,31.21612],[118.92542,31.22772],[119.0533,31.21667],[119.10095,31.22146],[119.11122,31.22654],[119.15612,31.27471],[119.19961,31.30087],[119.22225,31.3361],[119.22318,31.35201],[119.20892,31.38123],[119.18375,31.40294],[119.16873,31.4714],[119.20259,31.50983],[119.20665,31.52079],[119.20633,31.54509],[119.23589,31.59729],[119.29341,31.64244],[119.31657,31.64668],[119.35039,31.61802],[119.39259,31.60804],[119.41101,31.58209],[119.44388,31.56298],[119.62723,31.54909],[119.63611,31.55096],[119.66395,31.59516],[119.69983,31.62961],[119.71773,31.67366],[119.76105,31.70066],[119.76389,31.72543],[119.75062,31.74897],[119.75259,31.76749],[119.77164,31.79218],[119.79667,31.79952],[119.82042,31.84628],[119.81949,31.86179],[119.78879,31.8814],[119.78754,31.88767],[119.80224,31.92865],[119.78438,31.9625],[119.79825,32.02624],[119.81845,32.04331],[119.84471,32.04484],[119.86973,32.02872],[119.88566,32.02777],[119.90684,32.04086],[119.9093,32.04949],[119.90681,32.05811],[119.87921,32.09781],[119.81101,32.13319],[119.8129,32.16898],[119.84487,32.19182],[119.84702,32.19912],[119.84097,32.21261],[119.77473,32.22818],[119.73061,32.25496],[119.71971,32.27412],[119.71919,32.30083],[119.69437,32.33953],[119.68649,32.34594],[119.60052,32.3788],[119.55832,32.41882],[119.55103,32.45829],[119.49683,32.52439],[119.46699,32.58562],[119.47597,32.62266],[119.4659,32.65989],[119.45822,32.66444],[119.37962,32.6827],[119.33296,32.63892],[119.30597,32.638],[119.2892,32.61861],[119.24706,32.61473],[119.22201,32.649],[119.22029,32.73491],[119.19142,32.83908],[119.17811,32.84465],[119.11735,32.84077],[119.09884,32.8474],[119.06863,32.87632],[119.02132,32.97236],[118.98864,32.9782],[118.91359,32.95819],[118.88646,32.97698],[118.87513,32.97974],[118.83451,32.97233],[118.81784,32.93852],[118.79043,32.92635],[118.78468,32.87975],[118.78097,32.8757],[118.73305,32.86923],[118.7208,32.86061],[118.719,32.76075],[118.70607,32.74469],[118.64526,32.76187],[118.57326,32.74305],[118.54704,32.7484],[118.49074,32.74074],[118.43519,32.75575],[118.40074,32.71945],[118.40385,32.68393],[118.39286,32.65573],[118.39294,32.62504],[118.37759,32.61454],[118.31119,32.60575],[118.23762,32.47697],[118.21669,32.46941],[118.17366,32.48948],[118.04286,32.48962],[118.0331,32.48637],[118.02724,32.47791],[118.01242,32.42693],[117.97347,32.39253],[117.92805,32.37589],[117.90031,32.32122],[117.87183,32.30076],[117.86554,32.29149],[117.85641,32.2548],[117.8152,32.23151],[117.8132,32.22201],[117.81697,32.21307],[117.84558,32.17925],[117.84898,32.16166],[117.83389,32.12136],[117.83431,32.10895],[117.84848,32.0777],[117.84681,32.07128],[117.81505,32.04388],[117.79674,32.00731],[117.79529,31.99707],[117.80032,31.98803],[117.83613,31.95538]]]}},{"type":"Feature","id":"near-1-3","properties":{"id":"near-1-3","group":"near-1","placeIds":["xuanwu"],"alpha":0.11},"geometry":{"type":"Polygon","coordinates":[[[117.76334,31.99113],[117.76768,32.02186],[117.78598,32.05843],[117.81015,32.08353],[117.80471,32.09553],[117.80346,32.13275],[117.81533,32.16448],[117.79216,32.19207],[117.78084,32.21891],[117.78685,32.24741],[117.80803,32.26739],[117.82854,32.27738],[117.83401,32.29934],[117.85286,32.32715],[117.87462,32.34278],[117.89488,32.38486],[117.90654,32.40025],[117.92325,32.40991],[117.95687,32.42123],[117.98384,32.44506],[117.99604,32.48698],[118.0136,32.51237],[118.0429,32.52212],[118.1737,32.52198],[118.1959,32.5166],[118.21656,32.506],[118.27752,32.61585],[118.29326,32.63286],[118.31508,32.64068],[118.35942,32.64531],[118.36258,32.66753],[118.37054,32.68798],[118.36973,32.72918],[118.38017,32.74738],[118.40333,32.77285],[118.42677,32.78714],[118.45421,32.7865],[118.49363,32.77393],[118.54266,32.7806],[118.5725,32.77673],[118.62692,32.79295],[118.6541,32.79314],[118.68649,32.78399],[118.68648,32.85311],[118.69195,32.87558],[118.70717,32.89299],[118.7287,32.90144],[118.75372,32.90482],[118.75467,32.91959],[118.76465,32.94614],[118.79361,32.96464],[118.79945,32.97841],[118.81487,32.99822],[118.8381,33.00773],[118.87097,33.01197],[118.90497,33.0037],[118.91974,32.99347],[118.98027,33.00961],[119.00082,33.01059],[119.01951,33.00749],[119.04092,32.99828],[119.05561,32.98018],[119.09546,32.89563],[119.11632,32.87566],[119.17604,32.87708],[119.19796,32.87341],[119.21597,32.86038],[119.22632,32.84072],[119.25174,32.74309],[119.25436,32.65982],[119.26243,32.64878],[119.2718,32.64965],[119.29189,32.66729],[119.32268,32.6718],[119.34812,32.69986],[119.37038,32.71386],[119.39666,32.71427],[119.4665,32.69587],[119.48952,32.68221],[119.50185,32.65845],[119.50782,32.62914],[119.50679,32.60557],[119.50174,32.5885],[119.52438,32.54205],[119.57616,32.4789],[119.58687,32.45377],[119.5892,32.43433],[119.61818,32.40684],[119.6981,32.3763],[119.72173,32.35707],[119.74655,32.31838],[119.75468,32.27836],[119.78681,32.25887],[119.84071,32.24768],[119.86134,32.23794],[119.87528,32.21989],[119.87948,32.19746],[119.87302,32.17558],[119.84595,32.15167],[119.89417,32.12666],[119.913,32.10933],[119.93433,32.0754],[119.9418,32.04955],[119.93442,32.02366],[119.91442,32.00564],[119.8999,31.99856],[119.87564,31.99371],[119.85212,32.0014],[119.83602,32.01178],[119.82766,32.00854],[119.81883,31.96796],[119.83465,31.93102],[119.8265,31.89742],[119.84705,31.879],[119.85437,31.8561],[119.84985,31.83249],[119.83063,31.79149],[119.81704,31.77419],[119.79021,31.76305],[119.78541,31.75683],[119.79638,31.72443],[119.79586,31.70755],[119.78888,31.68388],[119.77121,31.66666],[119.74359,31.65098],[119.72994,31.61738],[119.71737,31.59948],[119.68964,31.57455],[119.67092,31.54135],[119.65143,31.5223],[119.62477,31.51668],[119.44143,31.53057],[119.4184,31.5384],[119.39321,31.5549],[119.3729,31.57863],[119.35205,31.58248],[119.32938,31.59323],[119.30716,31.61192],[119.261,31.57569],[119.23894,31.53673],[119.23914,31.52121],[119.22698,31.48835],[119.20401,31.46227],[119.21298,31.42136],[119.23813,31.39549],[119.25239,31.36627],[119.25724,31.34204],[119.24959,31.31854],[119.22696,31.28331],[119.20943,31.26694],[119.17634,31.24874],[119.13499,31.20438],[119.1042,31.18912],[119.05654,31.18434],[118.9285,31.19482],[118.8932,31.18484],[118.86515,31.1853],[118.84471,31.19181],[118.79798,31.18463],[118.77361,31.18712],[118.75353,31.20113],[118.7196,31.2408],[118.68477,31.25429],[118.67339,31.25723],[118.57608,31.24666],[118.55215,31.25009],[118.53281,31.26459],[118.51507,31.28667],[118.50516,31.30821],[118.50077,31.33161],[118.48321,31.34859],[118.44162,31.34741],[118.4208,31.35142],[118.40366,31.36389],[118.39343,31.38246],[118.3767,31.43971],[118.35626,31.41363],[118.33376,31.39761],[118.30616,31.39638],[118.28233,31.41035],[118.26992,31.43503],[118.26446,31.46522],[118.2406,31.48115],[118.18755,31.48767],[118.14976,31.47472],[118.12326,31.47328],[118.09992,31.48595],[118.08669,31.50896],[118.08747,31.5355],[118.09943,31.57343],[118.10026,31.61333],[118.11388,31.64612],[118.12573,31.65843],[118.13295,31.67523],[118.11569,31.70026],[118.11562,31.72789],[118.1241,31.75682],[118.12249,31.76366],[118.10606,31.7777],[118.0663,31.79241],[118.03299,31.81848],[117.96056,31.83952],[117.89567,31.87859],[117.85733,31.8845],[117.83555,31.89364],[117.82063,31.91195],[117.80947,31.93571],[117.77843,31.96401],[117.76334,31.99113]],[[117.8228,31.94555],[117.83534,31.91886],[117.84529,31.90665],[117.8598,31.90056],[117.90131,31.89416],[117.96894,31.85344],[118.04112,31.83314],[118.06092,31.81448],[118.11441,31.79194],[118.13709,31.77255],[118.1409,31.75636],[118.13122,31.72332],[118.13126,31.7049],[118.15261,31.67981],[118.13949,31.64929],[118.12559,31.63485],[118.11651,31.61299],[118.11562,31.57077],[118.10297,31.53061],[118.10245,31.51292],[118.11127,31.49758],[118.12683,31.48914],[118.1445,31.4901],[118.18582,31.50425],[118.24641,31.49681],[118.27923,31.4749],[118.28591,31.43792],[118.29418,31.42147],[118.31007,31.41215],[118.32847,31.41297],[118.34347,31.42365],[118.37684,31.46624],[118.38504,31.4691],[118.40903,31.38702],[118.41585,31.37464],[118.42728,31.36633],[118.44115,31.36365],[118.48958,31.36503],[118.51579,31.3397],[118.52113,31.31121],[118.52774,31.29685],[118.54548,31.27477],[118.55837,31.2651],[118.57432,31.26281],[118.67458,31.2737],[118.68975,31.26979],[118.72928,31.25448],[118.76588,31.21169],[118.77927,31.20235],[118.79551,31.20069],[118.84601,31.20845],[118.87008,31.20079],[118.88878,31.20048],[118.92696,31.21127],[119.05492,31.2005],[119.10258,31.20529],[119.1231,31.21546],[119.16623,31.26172],[119.2016,31.28118],[119.21329,31.29209],[119.23592,31.32732],[119.24102,31.34299],[119.23778,31.35914],[119.22352,31.38836],[119.19837,31.41215],[119.18637,31.46683],[119.21479,31.49909],[119.2229,31.521],[119.22263,31.54091],[119.24844,31.58649],[119.30028,31.62718],[119.31193,31.62931],[119.33988,31.60562],[119.355,31.59846],[119.38275,31.59334],[119.40211,31.56849],[119.42731,31.55199],[119.44266,31.54677],[119.626,31.53288],[119.64377,31.53663],[119.65676,31.54933],[119.67679,31.58485],[119.7065,31.61156],[119.71488,31.6235],[119.73066,31.66232],[119.76318,31.68079],[119.77496,31.69227],[119.78013,31.72493],[119.76746,31.75364],[119.76826,31.7612],[119.78093,31.77761],[119.80685,31.78685],[119.81592,31.79839],[119.83513,31.83939],[119.83814,31.85513],[119.83327,31.87039],[119.80611,31.89028],[119.81845,31.92984],[119.8016,31.96523],[119.81296,32.01739],[119.8248,32.02741],[119.84037,32.02831],[119.86093,32.01506],[119.8766,32.00993],[119.89278,32.01316],[119.92063,32.03226],[119.92555,32.04952],[119.92057,32.06675],[119.89924,32.10068],[119.88669,32.11223],[119.82779,32.14279],[119.82869,32.15985],[119.85895,32.1837],[119.86325,32.19829],[119.86045,32.21324],[119.85116,32.22528],[119.8374,32.23177],[119.78077,32.24352],[119.74265,32.26666],[119.73648,32.27749],[119.73777,32.28816],[119.73287,32.3096],[119.70805,32.3483],[119.6923,32.36112],[119.60935,32.39282],[119.57376,32.42658],[119.57074,32.45184],[119.5636,32.46859],[119.5106,32.53322],[119.48436,32.58706],[119.4919,32.6259],[119.48593,32.65521],[119.47771,32.67105],[119.46236,32.68015],[119.39252,32.69855],[119.375,32.69828],[119.36016,32.68895],[119.32842,32.65534],[119.29893,32.65265],[119.2805,32.63413],[119.25474,32.63176],[119.23818,32.65441],[119.23601,32.739],[119.2106,32.83662],[119.20369,32.84973],[119.19169,32.85842],[119.17707,32.86087],[119.11967,32.8572],[119.10758,32.86153],[119.08205,32.88598],[119.04091,32.97325],[119.03112,32.98532],[119.01684,32.99146],[118.98445,32.9939],[118.91666,32.97583],[118.89571,32.99034],[118.87305,32.99586],[118.84018,32.99162],[118.82469,32.98528],[118.81441,32.97207],[118.80573,32.95158],[118.77754,32.93625],[118.77089,32.91855],[118.76909,32.8905],[118.73087,32.88533],[118.71652,32.87971],[118.70638,32.8681],[118.70273,32.85312],[118.70275,32.76648],[118.70015,32.76325],[118.64968,32.7775],[118.63156,32.77738],[118.57288,32.75989],[118.54485,32.7645],[118.49218,32.75733],[118.44928,32.77102],[118.43098,32.77145],[118.41535,32.76192],[118.38523,32.72432],[118.3872,32.68596],[118.37772,32.66163],[118.37627,32.63332],[118.31677,32.62452],[118.30223,32.6193],[118.29173,32.60796],[118.22636,32.49018],[118.21782,32.48709],[118.18848,32.50215],[118.17368,32.50573],[118.04288,32.50587],[118.02335,32.49937],[118.01164,32.48244],[117.99813,32.436],[117.96517,32.40688],[117.91729,32.38807],[117.88746,32.332],[117.86235,32.31395],[117.84978,32.29541],[117.84248,32.26609],[117.81514,32.25278],[117.80102,32.23946],[117.79702,32.22046],[117.80456,32.20257],[117.83043,32.172],[117.83215,32.16307],[117.81867,32.12705],[117.81951,32.10224],[117.83016,32.07875],[117.80051,32.05116],[117.78221,32.01458],[117.77932,31.9941],[117.78937,31.97602],[117.8228,31.94555]]]}},{"type":"Feature","id":"near-1-4","properties":{"id":"near-1-4","group":"near-1","placeIds":["xuanwu"],"alpha":0.035},"geometry":{"type":"Polygon","coordinates":[[[117.74736,31.98816],[117.75315,32.02913],[117.77145,32.0657],[117.79015,32.08831],[117.78824,32.13845],[117.79683,32.1614],[117.77975,32.18158],[117.76467,32.21736],[117.77268,32.25535],[117.80092,32.282],[117.8146,32.28867],[117.81824,32.30327],[117.84338,32.34035],[117.86177,32.35356],[117.88024,32.39191],[117.89578,32.41243],[117.91806,32.42531],[117.94857,32.43559],[117.96956,32.45412],[117.98043,32.49152],[118.00385,32.52537],[118.04291,32.53837],[118.17371,32.53823],[118.20998,32.52764],[118.26332,32.62374],[118.2843,32.64641],[118.31339,32.65684],[118.34528,32.66018],[118.35389,32.69],[118.35422,32.73405],[118.36814,32.75831],[118.3913,32.78378],[118.42256,32.80284],[118.45915,32.80198],[118.49507,32.79053],[118.54047,32.7967],[118.57212,32.79358],[118.62228,32.80852],[118.65852,32.80878],[118.67024,32.80547],[118.67023,32.85311],[118.67753,32.88307],[118.69782,32.90628],[118.73836,32.91914],[118.75175,32.95603],[118.78127,32.97715],[118.80505,33.01117],[118.83602,33.02385],[118.86889,33.02809],[118.91422,33.01706],[118.92281,33.0111],[118.97608,33.02531],[119.00348,33.02662],[119.02217,33.02352],[119.05072,33.01124],[119.07031,32.98711],[119.10888,32.90528],[119.12474,32.89009],[119.175,32.8933],[119.20423,32.8884],[119.22824,32.87103],[119.24205,32.84481],[119.26746,32.74719],[119.27046,32.67008],[119.28486,32.68194],[119.31571,32.6883],[119.33608,32.71078],[119.36575,32.72944],[119.4008,32.72998],[119.47064,32.71158],[119.50133,32.69337],[119.51778,32.66169],[119.52374,32.63238],[119.51911,32.58994],[119.53815,32.55088],[119.58873,32.4892],[119.60301,32.4557],[119.60463,32.44208],[119.62701,32.42086],[119.7039,32.39148],[119.73541,32.36585],[119.76023,32.32715],[119.76903,32.28867],[119.79285,32.27421],[119.84401,32.26359],[119.87152,32.25061],[119.89011,32.22653],[119.89571,32.19664],[119.8871,32.16746],[119.87512,32.15485],[119.90166,32.14108],[119.92675,32.11798],[119.94808,32.08405],[119.95805,32.04957],[119.94821,32.01506],[119.92155,31.99103],[119.90702,31.98395],[119.87468,31.97749],[119.8402,31.98975],[119.83605,31.97069],[119.85086,31.93221],[119.84584,31.90196],[119.86083,31.88761],[119.87059,31.85708],[119.86456,31.82559],[119.84535,31.7846],[119.82722,31.76152],[119.8042,31.75042],[119.81262,31.72393],[119.8121,31.70705],[119.80279,31.67549],[119.77923,31.65253],[119.75652,31.63963],[119.74499,31.61126],[119.72823,31.58739],[119.70249,31.56425],[119.68507,31.53336],[119.65909,31.50797],[119.62354,31.50048],[119.4402,31.51437],[119.4095,31.5248],[119.3843,31.54131],[119.36305,31.56392],[119.3491,31.5665],[119.31887,31.58083],[119.30685,31.59102],[119.27356,31.56489],[119.25525,31.53255],[119.25539,31.52143],[119.23917,31.47761],[119.22165,31.45771],[119.2276,31.43058],[119.25273,31.40261],[119.26699,31.37339],[119.27346,31.34109],[119.26326,31.30975],[119.24063,31.27452],[119.21727,31.2527],[119.18645,31.23575],[119.14688,31.1933],[119.10582,31.17295],[119.05817,31.16817],[118.93005,31.17837],[118.89762,31.1692],[118.86022,31.16982],[118.84342,31.17517],[118.80044,31.16857],[118.76796,31.17188],[118.74118,31.19057],[118.70991,31.22713],[118.67979,31.2388],[118.6722,31.24075],[118.57783,31.2305],[118.54593,31.23508],[118.52014,31.25441],[118.5024,31.27649],[118.48919,31.30522],[118.48576,31.32353],[118.47683,31.33215],[118.44208,31.33116],[118.41433,31.33652],[118.39147,31.35315],[118.37784,31.3779],[118.36998,31.40479],[118.33905,31.38224],[118.30225,31.38061],[118.27048,31.39924],[118.25393,31.43214],[118.2497,31.45554],[118.23479,31.46549],[118.18928,31.47108],[118.15503,31.45935],[118.11969,31.45743],[118.08858,31.47432],[118.07093,31.505],[118.07197,31.54038],[118.08323,31.5761],[118.08402,31.61367],[118.10217,31.65739],[118.11452,31.67349],[118.10011,31.69562],[118.10003,31.73246],[118.10683,31.75567],[118.0977,31.76347],[118.06067,31.77716],[118.02486,31.80381],[117.95218,31.8256],[117.89004,31.86302],[117.85486,31.86844],[117.82582,31.88063],[117.80592,31.90504],[117.79613,31.92588],[117.76748,31.952],[117.74736,31.98816]],[[117.80947,31.93571],[117.82063,31.91195],[117.83555,31.89364],[117.85733,31.8845],[117.89567,31.87859],[117.96056,31.83952],[118.03299,31.81848],[118.0663,31.79241],[118.10606,31.7777],[118.12249,31.76366],[118.1241,31.75682],[118.11562,31.72789],[118.11569,31.70026],[118.13295,31.67523],[118.12573,31.65843],[118.11388,31.64612],[118.10026,31.61333],[118.09943,31.57343],[118.08747,31.5355],[118.08669,31.50896],[118.09992,31.48595],[118.12326,31.47328],[118.14976,31.47472],[118.18755,31.48767],[118.2406,31.48115],[118.26446,31.46522],[118.26992,31.43503],[118.28233,31.41035],[118.30616,31.39638],[118.33376,31.39761],[118.35626,31.41363],[118.3767,31.43971],[118.39343,31.38246],[118.40366,31.36389],[118.4208,31.35142],[118.44162,31.34741],[118.48321,31.34859],[118.50077,31.33161],[118.50516,31.30821],[118.51507,31.28667],[118.53281,31.26459],[118.55215,31.25009],[118.57608,31.24666],[118.67339,31.25723],[118.68477,31.25429],[118.7196,31.2408],[118.75353,31.20113],[118.77361,31.18712],[118.79798,31.18463],[118.84471,31.19181],[118.86515,31.1853],[118.8932,31.18484],[118.9285,31.19482],[119.05654,31.18434],[119.1042,31.18912],[119.13499,31.20438],[119.17634,31.24874],[119.20943,31.26694],[119.22696,31.28331],[119.24959,31.31854],[119.25724,31.34204],[119.25239,31.36627],[119.23813,31.39549],[119.21298,31.42136],[119.20401,31.46227],[119.22698,31.48835],[119.23914,31.52121],[119.23894,31.53673],[119.261,31.57569],[119.30716,31.61192],[119.32938,31.59323],[119.35205,31.58248],[119.3729,31.57863],[119.39321,31.5549],[119.4184,31.5384],[119.44143,31.53057],[119.62477,31.51668],[119.65143,31.5223],[119.67092,31.54135],[119.68964,31.57455],[119.71737,31.59948],[119.72994,31.61738],[119.74359,31.65098],[119.77121,31.66666],[119.78888,31.68388],[119.79586,31.70755],[119.79638,31.72443],[119.78541,31.75683],[119.79021,31.76305],[119.81704,31.77419],[119.83063,31.79149],[119.84985,31.83249],[119.85437,31.8561],[119.84705,31.879],[119.8265,31.89742],[119.83465,31.93102],[119.81883,31.96796],[119.82766,32.00854],[119.83602,32.01178],[119.85212,32.0014],[119.87564,31.99371],[119.8999,31.99856],[119.91442,32.00564],[119.93442,32.02366],[119.9418,32.04955],[119.93433,32.0754],[119.913,32.10933],[119.89417,32.12666],[119.84595,32.15167],[119.87302,32.17558],[119.87948,32.19746],[119.87528,32.21989],[119.86134,32.23794],[119.84071,32.24768],[119.78681,32.25887],[119.75468,32.27836],[119.74655,32.31838],[119.72173,32.35707],[119.6981,32.3763],[119.61818,32.40684],[119.5892,32.43433],[119.58687,32.45377],[119.57616,32.4789],[119.52438,32.54205],[119.50174,32.5885],[119.50679,32.60557],[119.50782,32.62914],[119.50185,32.65845],[119.48952,32.68221],[119.4665,32.69587],[119.39666,32.71427],[119.37038,32.71386],[119.34812,32.69986],[119.32268,32.6718],[119.29189,32.66729],[119.2718,32.64965],[119.26243,32.64878],[119.25436,32.65982],[119.25174,32.74309],[119.22632,32.84072],[119.21597,32.86038],[119.19796,32.87341],[119.17604,32.87708],[119.11632,32.87566],[119.09546,32.89563],[119.05561,32.98018],[119.04092,32.99828],[119.01951,33.00749],[119.00082,33.01059],[118.98027,33.00961],[118.91974,32.99347],[118.90497,33.0037],[118.87097,33.01197],[118.8381,33.00773],[118.81487,32.99822],[118.79945,32.97841],[118.79361,32.96464],[118.76465,32.94614],[118.75467,32.91959],[118.75372,32.90482],[118.7287,32.90144],[118.70717,32.89299],[118.69195,32.87558],[118.68648,32.85311],[118.68649,32.78399],[118.6541,32.79314],[118.62692,32.79295],[118.5725,32.77673],[118.54266,32.7806],[118.49363,32.77393],[118.45421,32.7865],[118.42677,32.78714],[118.40333,32.77285],[118.38017,32.74738],[118.36973,32.72918],[118.37054,32.68798],[118.36258,32.66753],[118.35942,32.64531],[118.31508,32.64068],[118.29326,32.63286],[118.27752,32.61585],[118.21656,32.506],[118.1959,32.5166],[118.1737,32.52198],[118.0429,32.52212],[118.0136,32.51237],[117.99604,32.48698],[117.98384,32.44506],[117.95687,32.42123],[117.92325,32.40991],[117.90654,32.40025],[117.89488,32.38486],[117.87462,32.34278],[117.85286,32.32715],[117.83401,32.29934],[117.82854,32.27738],[117.80803,32.26739],[117.78685,32.24741],[117.78084,32.21891],[117.79216,32.19207],[117.81533,32.16448],[117.80346,32.13275],[117.80471,32.09553],[117.81015,32.08353],[117.78598,32.05843],[117.76768,32.02186],[117.76334,31.99113],[117.77843,31.96401],[117.80947,31.93571]]]}},{"type":"Feature","id":"near-2-0","properties":{"id":"near-2-0","group":"near-2","placeIds":["kunshan","xihu"],"alpha":0.62},"geometry":{"type":"MultiPolygon","coordinates":[[[[118.84301,30.15548],[118.88385,30.18136],[118.89939,30.20848],[118.88029,30.24019],[118.87641,30.3167],[118.94485,30.35971],[118.98191,30.35022],[119.03804,30.31629],[119.05401,30.31226],[119.08887,30.32456],[119.19101,30.296],[119.22597,30.30797],[119.24509,30.34261],[119.28088,30.34858],[119.35032,30.38465],[119.35701,30.41432],[119.32939,30.45523],[119.32456,30.50423],[119.29922,30.52081],[119.26731,30.51281],[119.23756,30.53598],[119.24853,30.58881],[119.2363,30.61214],[119.2452,30.62176],[119.30503,30.627],[119.33918,30.66973],[119.38105,30.68951],[119.39987,30.66846],[119.4312,30.6644],[119.47647,30.70517],[119.47605,30.77369],[119.5197,30.78196],[119.57238,30.85675],[119.72483,30.86557],[119.77061,30.84677],[119.80604,30.85008],[119.80171,30.81091],[119.80858,30.79769],[119.8615,30.74767],[119.89784,30.72883],[119.9153,30.7313],[119.93769,30.74448],[119.95676,30.79871],[119.94568,30.87831],[119.97033,30.92274],[120.04147,30.93093],[120.07049,30.94757],[120.07703,30.9624],[120.06652,30.99199],[119.98612,31.03999],[119.91797,31.17347],[119.99741,31.25018],[120.09117,31.26377],[120.11859,31.28633],[120.109,31.32051],[120.05356,31.37012],[120.05746,31.43328],[120.09854,31.46361],[120.10551,31.49924],[120.08761,31.54616],[120.05462,31.562],[120.05162,31.57304],[120.06688,31.60474],[120.12231,31.64909],[120.1214,31.68553],[120.14882,31.70923],[120.15229,31.7588],[120.16747,31.78165],[120.16425,31.81084],[120.15405,31.84853],[120.13983,31.86023],[120.08811,31.85646],[120.03996,31.82486],[119.99813,31.83071],[119.98626,31.85389],[120.00799,31.9193],[120.00337,31.94586],[120.01905,31.96935],[120.14076,31.94103],[120.24525,31.93866],[120.44508,32.03353],[120.5004,32.0321],[120.58517,32.00256],[120.61085,32.00749],[120.62325,32.02229],[120.62436,32.05175],[120.69665,32.1391],[120.7004,32.16212],[120.72849,32.17465],[120.73588,32.19096],[120.76248,32.19693],[120.79154,32.24514],[120.81015,32.24259],[120.83638,32.25812],[120.94549,32.24415],[121.00876,32.26084],[121.02608,32.24441],[121.08775,32.21928],[121.20918,32.20601],[121.24056,32.19486],[121.40712,32.20045],[121.41596,32.17896],[121.46796,32.13979],[121.51698,32.1354],[121.53377,32.10228],[121.51951,31.98752],[121.49882,31.95353],[121.5005,31.90832],[121.46672,31.87245],[121.44164,31.79676],[121.45068,31.76805],[121.63083,31.69811],[121.69454,31.66205],[121.72256,31.63196],[121.8973,31.59207],[121.97059,31.5384],[121.96908,31.47852],[121.93353,31.45609],[121.83077,31.43499],[121.77857,31.47323],[121.72497,31.49084],[121.71,31.48524],[121.69604,31.45759],[121.72473,31.41174],[121.76754,31.38368],[121.82393,31.38317],[121.9091,31.34875],[121.89763,31.30277],[121.87934,31.27458],[121.80402,31.32271],[121.75079,31.3196],[121.73796,31.31119],[121.72983,31.28251],[121.76871,31.21098],[121.84491,31.13685],[121.93264,31.01094],[121.97245,30.92402],[121.97186,30.89258],[121.88397,30.84811],[121.66348,30.84549],[121.50619,30.80791],[121.38594,30.74772],[121.3403,30.70339],[121.26671,30.69243],[121.17159,30.64774],[121.14174,30.60198],[121.07857,30.59314],[121.021,30.57307],[120.97141,30.53959],[120.93865,30.48777],[120.93963,30.45374],[120.9593,30.43591],[120.91876,30.40633],[120.91275,30.37668],[120.85046,30.32414],[120.786,30.29634],[120.7559,30.31532],[120.7255,30.37855],[120.6936,30.38775],[120.6774,30.37885],[120.66649,30.35929],[120.66937,30.33974],[120.69829,30.28066],[120.7371,30.23213],[120.75908,30.22043],[120.89677,30.20603],[120.91828,30.17599],[120.93597,30.11551],[120.98621,30.06249],[120.99308,30.03646],[121.08082,29.98854],[121.07848,29.97408],[121.04522,29.95678],[121.01992,29.9058],[121.02126,29.89032],[121.04783,29.85996],[121.09796,29.8376],[121.09801,29.80635],[121.05593,29.76622],[121.00128,29.73603],[120.96275,29.73422],[120.9373,29.74428],[120.90325,29.73881],[120.88348,29.75612],[120.85279,29.75985],[120.82779,29.80391],[120.80293,29.82075],[120.75836,29.80361],[120.71975,29.71763],[120.69952,29.70391],[120.67508,29.71372],[120.64917,29.74501],[120.60582,29.73985],[120.56856,29.70959],[120.54642,29.70621],[120.51615,29.67162],[120.51301,29.61979],[120.49598,29.58108],[120.50766,29.52736],[120.37015,29.44003],[120.35945,29.41639],[120.32951,29.40497],[120.28537,29.35838],[120.26876,29.36071],[120.25042,29.38642],[120.26576,29.42013],[120.24734,29.49177],[120.17684,29.52588],[120.10666,29.49908],[119.96795,29.36217],[119.94289,29.37369],[119.88911,29.37062],[119.8543,29.40884],[119.83821,29.41133],[119.80497,29.39411],[119.77257,29.4017],[119.73979,29.44021],[119.70302,29.4584],[119.70912,29.49027],[119.7293,29.52457],[119.7246,29.57344],[119.69222,29.59771],[119.66021,29.65037],[119.61242,29.66445],[119.57355,29.7421],[119.54052,29.74533],[119.49195,29.7233],[119.38973,29.76319],[119.36491,29.7501],[119.3365,29.71406],[119.28642,29.72975],[119.28638,29.76562],[119.25758,29.82323],[119.21793,29.84063],[119.19582,29.83811],[119.18197,29.85116],[119.20161,29.90766],[119.16706,29.9626],[119.11105,29.98028],[119.08969,30.00772],[119.03838,30.00831],[119.01681,30.02732],[118.92712,30.01379],[118.89897,30.01991],[118.88382,30.07706],[118.85196,30.1214],[118.84301,30.15548]],[[121.13446,31.69707],[121.2458,31.62025],[121.25703,31.59136],[121.31595,31.51734],[121.3733,31.49254],[121.51235,31.39508],[121.55487,31.38341],[121.57117,31.39171],[121.57966,31.42577],[121.50988,31.48889],[121.54509,31.49383],[121.55717,31.50639],[121.55555,31.53992],[121.54232,31.55125],[121.34747,31.64233],[121.29305,31.69366],[121.24715,31.70479],[121.16317,31.78892],[121.13452,31.80019],[121.11477,31.79106],[121.09583,31.74967],[121.09706,31.72914],[121.13446,31.69707]]],[[[121.88161,31.25826],[121.90133,31.23937],[121.93647,31.22557],[121.95921,31.22903],[122.00229,31.20552],[122.00134,31.18522],[121.97198,31.17273],[121.95152,31.17835],[121.93655,31.19641],[121.90972,31.19965],[121.87534,31.24134],[121.88161,31.25826]]]]}},{"type":"Feature","id":"near-2-1","properties":{"id":"near-2-1","group":"near-2","placeIds":["kunshan","xihu"],"alpha":0.43},"geometry":{"type":"MultiPolygon","coordinates":[[[[118.82788,30.16143],[118.83431,30.16921],[118.87175,30.19293],[118.88054,30.20828],[118.86406,30.23937],[118.86199,30.32419],[118.9362,30.37347],[118.94887,30.37545],[118.98594,30.36597],[119.05323,30.32922],[119.09325,30.3402],[119.19052,30.31301],[119.21477,30.32132],[119.23571,30.35587],[119.27567,30.36419],[119.33613,30.39559],[119.33962,30.41105],[119.31593,30.44613],[119.30915,30.49489],[119.29627,30.50332],[119.26395,30.49691],[119.22231,30.53037],[119.23144,30.58642],[119.22191,30.6046],[119.22019,30.61428],[119.22437,30.62318],[119.24378,30.63795],[119.29668,30.64258],[119.32649,30.67988],[119.37411,30.7042],[119.38428,30.70543],[119.40795,30.6838],[119.42588,30.68148],[119.46018,30.71237],[119.46147,30.78087],[119.47303,30.78966],[119.51021,30.7967],[119.56448,30.87095],[119.72389,30.8818],[119.77308,30.86333],[119.8138,30.86436],[119.82044,30.85761],[119.82219,30.8483],[119.8184,30.81403],[119.82173,30.80762],[119.87101,30.76105],[119.90071,30.74565],[119.90983,30.74694],[119.92433,30.75547],[119.94012,30.80038],[119.92959,30.87607],[119.93147,30.88619],[119.95611,30.93062],[119.96847,30.93889],[120.03629,30.94669],[120.05777,30.95901],[120.05955,30.96305],[120.05317,30.98104],[119.97165,31.0326],[119.9035,31.16608],[119.90194,31.17615],[119.90668,31.18516],[119.98612,31.26187],[119.99508,31.26626],[120.08435,31.2792],[120.10008,31.29214],[120.09463,31.31156],[120.03853,31.36395],[120.04318,31.44105],[120.0838,31.47293],[120.08867,31.49779],[120.07474,31.53431],[120.04213,31.5516],[120.03594,31.56879],[120.03698,31.58008],[120.05673,31.61743],[120.10586,31.65675],[120.10654,31.6921],[120.13308,31.7171],[120.13608,31.75994],[120.15067,31.78573],[120.14823,31.80781],[120.13972,31.83928],[120.13452,31.84355],[120.0935,31.84056],[120.04888,31.81128],[120.03771,31.80877],[119.99588,31.81462],[119.98366,31.82331],[119.9718,31.84648],[119.97084,31.85901],[119.99128,31.92054],[119.98736,31.94308],[119.98985,31.95488],[120.01307,31.98446],[120.02273,31.98518],[120.1428,31.95724],[120.24177,31.95499],[120.4455,32.04977],[120.50082,32.04834],[120.58639,32.01935],[120.60211,32.02236],[120.60722,32.02846],[120.61184,32.06211],[120.68132,32.14607],[120.68753,32.17204],[120.71624,32.18698],[120.72562,32.20356],[120.75215,32.21126],[120.78453,32.2598],[120.80674,32.25946],[120.8281,32.27211],[120.83844,32.27424],[120.94441,32.26067],[121.0128,32.27659],[121.03504,32.2583],[121.09178,32.23518],[121.21094,32.22216],[121.2431,32.2112],[121.40657,32.21669],[121.41593,32.2141],[121.42214,32.20663],[121.42929,32.18926],[121.47403,32.15556],[121.52609,32.14885],[121.54826,32.10963],[121.54989,32.10028],[121.53564,31.98552],[121.51524,31.94925],[121.51572,31.90261],[121.48102,31.86393],[121.45872,31.79663],[121.46384,31.78037],[121.63883,31.71225],[121.70254,31.67619],[121.73104,31.6467],[121.90091,31.60792],[121.98517,31.54557],[121.98321,31.47049],[121.9368,31.44017],[121.82731,31.41911],[121.77105,31.45859],[121.72532,31.47362],[121.71467,31.45844],[121.73662,31.42338],[121.77246,31.39989],[121.83002,31.39823],[121.92143,31.35933],[121.92487,31.34481],[121.9134,31.29884],[121.89463,31.26829],[121.91026,31.25332],[121.93834,31.24229],[121.96699,31.24329],[122.01645,31.21348],[122.01757,31.18447],[122.01468,31.17594],[122.0077,31.17027],[121.97834,31.15777],[121.94722,31.16268],[121.92817,31.18105],[121.90776,31.18352],[121.89718,31.18931],[121.8628,31.23101],[121.86011,31.24699],[121.86628,31.26364],[121.79971,31.30618],[121.75194,31.30093],[121.74727,31.28445],[121.78181,31.2209],[121.85825,31.14614],[121.94741,31.01771],[121.98722,30.93079],[121.98563,30.88394],[121.88416,30.83186],[121.66549,30.82926],[121.51179,30.79254],[121.39546,30.73432],[121.35162,30.69173],[121.34269,30.68732],[121.27146,30.67671],[121.18268,30.63499],[121.15045,30.58826],[121.08241,30.57726],[121.02834,30.55842],[120.98332,30.52803],[120.95503,30.48328],[120.95567,30.46113],[120.97021,30.44796],[120.97507,30.43982],[120.97457,30.43036],[120.93343,30.39692],[120.92867,30.37345],[120.92322,30.36426],[120.86094,30.31172],[120.79243,30.28142],[120.77734,30.2826],[120.74723,30.30157],[120.71401,30.36495],[120.69554,30.37028],[120.68932,30.36686],[120.68337,30.3562],[120.68508,30.34462],[120.7121,30.28941],[120.7477,30.24489],[120.76392,30.23626],[120.90494,30.22008],[120.93387,30.18055],[120.95046,30.12384],[120.99801,30.07367],[121.00701,30.04737],[121.08861,30.0028],[121.09541,29.99568],[121.09686,29.98594],[121.09165,29.96456],[121.05742,29.94481],[121.0365,29.90267],[121.03699,29.89702],[121.05771,29.87334],[121.11159,29.84645],[121.11295,29.79997],[121.06379,29.752],[121.00204,29.71979],[120.96351,29.71799],[120.93548,29.72753],[120.89876,29.7232],[120.87654,29.7406],[120.84378,29.74633],[120.81553,29.79258],[120.80084,29.80254],[120.77044,29.79084],[120.73457,29.71097],[120.70864,29.69046],[120.69346,29.68883],[120.66903,29.69864],[120.6423,29.72783],[120.61241,29.72427],[120.57881,29.69697],[120.55474,29.69104],[120.53203,29.6651],[120.52923,29.61881],[120.51298,29.57938],[120.52354,29.53081],[120.52266,29.5211],[120.51638,29.51364],[120.38296,29.42891],[120.37426,29.40969],[120.36524,29.40121],[120.33876,29.39111],[120.29074,29.34304],[120.26033,29.34682],[120.23719,29.37699],[120.23563,29.39315],[120.24859,29.42163],[120.23348,29.48043],[120.17608,29.50819],[120.11564,29.48512],[119.97936,29.3506],[119.97076,29.34616],[119.93977,29.35723],[119.88297,29.35558],[119.84614,29.39366],[119.84097,29.39446],[119.81244,29.37968],[119.80126,29.37829],[119.76887,29.38588],[119.76019,29.39117],[119.72959,29.42713],[119.69581,29.44384],[119.68847,29.45117],[119.68706,29.46146],[119.69316,29.49332],[119.71262,29.52826],[119.70911,29.56474],[119.67833,29.58927],[119.64959,29.63656],[119.60199,29.65198],[119.56303,29.7268],[119.54327,29.72873],[119.49238,29.70705],[119.39074,29.74535],[119.37554,29.73734],[119.3413,29.69853],[119.33164,29.69855],[119.28156,29.71424],[119.27333,29.72012],[119.27017,29.72973],[119.27013,29.76177],[119.24567,29.81071],[119.21541,29.82398],[119.19068,29.82269],[119.16619,29.8473],[119.18369,29.90562],[119.15648,29.9489],[119.10616,29.96479],[119.08168,29.99156],[119.03819,29.99206],[119.02763,29.99612],[119.01174,30.01012],[118.92954,29.99773],[118.88774,30.00816],[118.86887,30.07001],[118.83876,30.11191],[118.82729,30.15135],[118.82788,30.16143]],[[118.85196,30.1214],[118.88382,30.07706],[118.89897,30.01991],[118.92712,30.01379],[119.01681,30.02732],[119.03838,30.00831],[119.08969,30.00772],[119.11105,29.98028],[119.16706,29.9626],[119.20161,29.90766],[119.18197,29.85116],[119.19582,29.83811],[119.21793,29.84063],[119.25758,29.82323],[119.28638,29.76562],[119.28642,29.72975],[119.3365,29.71406],[119.36491,29.7501],[119.38973,29.76319],[119.49195,29.7233],[119.54052,29.74533],[119.57355,29.7421],[119.61242,29.66445],[119.66021,29.65037],[119.69222,29.59771],[119.7246,29.57344],[119.7293,29.52457],[119.70912,29.49027],[119.70302,29.4584],[119.73979,29.44021],[119.77257,29.4017],[119.80497,29.39411],[119.83821,29.41133],[119.8543,29.40884],[119.88911,29.37062],[119.94289,29.37369],[119.96795,29.36217],[120.10666,29.49908],[120.17684,29.52588],[120.24734,29.49177],[120.26576,29.42013],[120.25042,29.38642],[120.26876,29.36071],[120.28537,29.35838],[120.32951,29.40497],[120.35945,29.41639],[120.37015,29.44003],[120.50766,29.52736],[120.49598,29.58108],[120.51301,29.61979],[120.51615,29.67162],[120.54642,29.70621],[120.56856,29.70959],[120.60582,29.73985],[120.64917,29.74501],[120.67508,29.71372],[120.69952,29.70391],[120.71975,29.71763],[120.75836,29.80361],[120.80293,29.82075],[120.82779,29.80391],[120.85279,29.75985],[120.88348,29.75612],[120.90325,29.73881],[120.9373,29.74428],[120.96275,29.73422],[121.00128,29.73603],[121.05593,29.76622],[121.09801,29.80635],[121.09796,29.8376],[121.04783,29.85996],[121.02126,29.89032],[121.01992,29.9058],[121.04522,29.95678],[121.07848,29.97408],[121.08082,29.98854],[120.99308,30.03646],[120.98621,30.06249],[120.93597,30.11551],[120.91828,30.17599],[120.89677,30.20603],[120.75908,30.22043],[120.7371,30.23213],[120.69829,30.28066],[120.66937,30.33974],[120.66649,30.35929],[120.6774,30.37885],[120.6936,30.38775],[120.7255,30.37855],[120.7559,30.31532],[120.786,30.29634],[120.85046,30.32414],[120.91275,30.37668],[120.91876,30.40633],[120.9593,30.43591],[120.93963,30.45374],[120.93865,30.48777],[120.97141,30.53959],[121.021,30.57307],[121.07857,30.59314],[121.14174,30.60198],[121.17159,30.64774],[121.26671,30.69243],[121.3403,30.70339],[121.38594,30.74772],[121.50619,30.80791],[121.66348,30.84549],[121.88397,30.84811],[121.97186,30.89258],[121.97245,30.92402],[121.93264,31.01094],[121.84491,31.13685],[121.76871,31.21098],[121.72983,31.28251],[121.73796,31.31119],[121.75079,31.3196],[121.80402,31.32271],[121.87934,31.27458],[121.89763,31.30277],[121.9091,31.34875],[121.82393,31.38317],[121.76754,31.38368],[121.72473,31.41174],[121.69604,31.45759],[121.71,31.48524],[121.72497,31.49084],[121.77857,31.47323],[121.83077,31.43499],[121.93353,31.45609],[121.96908,31.47852],[121.97059,31.5384],[121.8973,31.59207],[121.72256,31.63196],[121.69454,31.66205],[121.63083,31.69811],[121.45068,31.76805],[121.44164,31.79676],[121.46672,31.87245],[121.5005,31.90832],[121.49882,31.95353],[121.51951,31.98752],[121.53377,32.10228],[121.51698,32.1354],[121.46796,32.13979],[121.41596,32.17896],[121.40712,32.20045],[121.24056,32.19486],[121.20918,32.20601],[121.08775,32.21928],[121.02608,32.24441],[121.00876,32.26084],[120.94549,32.24415],[120.83638,32.25812],[120.81015,32.24259],[120.79154,32.24514],[120.76248,32.19693],[120.73588,32.19096],[120.72849,32.17465],[120.7004,32.16212],[120.69665,32.1391],[120.62436,32.05175],[120.62325,32.02229],[120.61085,32.00749],[120.58517,32.00256],[120.5004,32.0321],[120.44508,32.03353],[120.24525,31.93866],[120.14076,31.94103],[120.01905,31.96935],[120.00337,31.94586],[120.00799,31.9193],[119.98626,31.85389],[119.99813,31.83071],[120.03996,31.82486],[120.08811,31.85646],[120.13983,31.86023],[120.15405,31.84853],[120.16425,31.81084],[120.16747,31.78165],[120.15229,31.7588],[120.14882,31.70923],[120.1214,31.68553],[120.12231,31.64909],[120.06688,31.60474],[120.05162,31.57304],[120.05462,31.562],[120.08761,31.54616],[120.10551,31.49924],[120.09854,31.46361],[120.05746,31.43328],[120.05356,31.37012],[120.109,31.32051],[120.11859,31.28633],[120.09117,31.26377],[119.99741,31.25018],[119.91797,31.17347],[119.98612,31.03999],[120.06652,30.99199],[120.07703,30.9624],[120.07049,30.94757],[120.04147,30.93093],[119.97033,30.92274],[119.94568,30.87831],[119.95676,30.79871],[119.93769,30.74448],[119.9153,30.7313],[119.89784,30.72883],[119.8615,30.74767],[119.80858,30.79769],[119.80171,30.81091],[119.80604,30.85008],[119.77061,30.84677],[119.72483,30.86557],[119.57238,30.85675],[119.5197,30.78196],[119.47605,30.77369],[119.47647,30.70517],[119.4312,30.6644],[119.39987,30.66846],[119.38105,30.68951],[119.33918,30.66973],[119.30503,30.627],[119.2452,30.62176],[119.2363,30.61214],[119.24853,30.58881],[119.23756,30.53598],[119.26731,30.51281],[119.29922,30.52081],[119.32456,30.50423],[119.32939,30.45523],[119.35701,30.41432],[119.35032,30.38465],[119.28088,30.34858],[119.24509,30.34261],[119.22597,30.30797],[119.19101,30.296],[119.08887,30.32456],[119.05401,30.31226],[119.03804,30.31629],[118.98191,30.35022],[118.94485,30.35971],[118.87641,30.3167],[118.88029,30.24019],[118.89939,30.20848],[118.88385,30.18136],[118.84301,30.15548],[118.85196,30.1214]],[[121.87534,31.24134],[121.90972,31.19965],[121.93655,31.19641],[121.95152,31.17835],[121.97198,31.17273],[122.00134,31.18522],[122.00229,31.20552],[121.95921,31.22903],[121.93647,31.22557],[121.90133,31.23937],[121.88161,31.25826],[121.87534,31.24134]]],[[[121.09706,31.72914],[121.09583,31.74967],[121.11477,31.79106],[121.13452,31.80019],[121.16317,31.78892],[121.24715,31.70479],[121.29305,31.69366],[121.34747,31.64233],[121.54232,31.55125],[121.55555,31.53992],[121.55717,31.50639],[121.54509,31.49383],[121.50988,31.48889],[121.57966,31.42577],[121.57117,31.39171],[121.55487,31.38341],[121.51235,31.39508],[121.3733,31.49254],[121.31595,31.51734],[121.25703,31.59136],[121.2458,31.62025],[121.13446,31.69707],[121.09706,31.72914]],[[121.25503,31.63363],[121.27129,31.59955],[121.32613,31.53064],[121.38263,31.50584],[121.51937,31.41001],[121.55311,31.40075],[121.5572,31.40283],[121.56154,31.42025],[121.49422,31.48457],[121.49435,31.49365],[121.49934,31.50125],[121.53727,31.50914],[121.5406,31.5126],[121.53965,31.53214],[121.53343,31.53747],[121.34059,31.62761],[121.28504,31.67888],[121.23565,31.69331],[121.15407,31.77504],[121.13503,31.78253],[121.12704,31.77883],[121.11229,31.74659],[121.11287,31.73699],[121.14439,31.70997],[121.25503,31.63363]]]]}},{"type":"Feature","id":"near-2-2","properties":{"id":"near-2-2","group":"near-2","placeIds":["kunshan","xihu"],"alpha":0.25},"geometry":{"type":"MultiPolygon","coordinates":[[[[118.81276,30.16737],[118.82561,30.18293],[118.8617,30.20807],[118.84784,30.23855],[118.84395,30.31505],[118.84757,30.33169],[118.85912,30.34421],[118.92755,30.38722],[118.93982,30.39182],[118.9529,30.39119],[118.98996,30.38171],[119.05245,30.34617],[119.07807,30.35521],[119.09763,30.35585],[119.19003,30.33002],[119.20358,30.33466],[119.22632,30.36914],[119.27046,30.37979],[119.32194,30.40653],[119.30246,30.43704],[119.29705,30.45204],[119.29375,30.48555],[119.2606,30.48102],[119.21759,30.51033],[119.20705,30.52476],[119.20574,30.54258],[119.21434,30.58402],[119.20751,30.59705],[119.20408,30.61642],[119.21245,30.63422],[119.22135,30.64384],[119.24236,30.65414],[119.28833,30.65817],[119.3138,30.69003],[119.3253,30.69912],[119.36717,30.71889],[119.38751,30.72136],[119.42055,30.69855],[119.44388,30.71956],[119.44355,30.77349],[119.44689,30.78804],[119.45637,30.79956],[119.47,30.80563],[119.50072,30.81144],[119.54581,30.87546],[119.55658,30.88515],[119.5705,30.88919],[119.72295,30.89802],[119.77555,30.87988],[119.80302,30.88244],[119.82157,30.87863],[119.83485,30.86513],[119.83834,30.84652],[119.83512,30.81733],[119.88051,30.77443],[119.90358,30.76247],[119.91097,30.76647],[119.92348,30.80205],[119.91349,30.87383],[119.91726,30.89407],[119.9419,30.93851],[119.95226,30.94976],[119.96661,30.95503],[120.03111,30.96245],[120.04059,30.96789],[119.96946,31.01209],[119.95718,31.02521],[119.88903,31.15869],[119.88592,31.17883],[119.8954,31.19685],[119.97484,31.27356],[119.99275,31.28234],[120.07753,31.29463],[120.08157,31.29796],[120.02349,31.35778],[120.02112,31.37213],[120.02502,31.43529],[120.02891,31.44882],[120.06907,31.48225],[120.07183,31.49635],[120.06186,31.52247],[120.02963,31.54121],[120.02026,31.56453],[120.02234,31.58713],[120.04658,31.63012],[120.08942,31.6644],[120.09168,31.69868],[120.11734,31.72498],[120.11987,31.76107],[120.13387,31.78981],[120.1263,31.82666],[120.09889,31.82466],[120.05779,31.79769],[120.03546,31.79267],[119.99363,31.79852],[119.97929,31.80423],[119.9692,31.8159],[119.95733,31.83908],[119.95386,31.85141],[119.95542,31.86413],[119.97457,31.92178],[119.97135,31.94029],[119.97634,31.96391],[119.99202,31.9874],[120.00709,31.99957],[120.02642,32.001],[120.14485,31.97345],[120.23828,31.97133],[120.43115,32.06289],[120.44592,32.06602],[120.5111,32.06279],[120.59128,32.03683],[120.59189,32.05298],[120.59932,32.07247],[120.66599,32.15303],[120.67465,32.18195],[120.70398,32.19931],[120.71537,32.21617],[120.74181,32.2256],[120.76371,32.26192],[120.77752,32.27446],[120.80333,32.27632],[120.81982,32.28609],[120.84051,32.29036],[120.94333,32.27719],[121.00047,32.29227],[121.01683,32.29233],[121.04401,32.2722],[121.0958,32.25109],[121.21271,32.23832],[121.24563,32.22755],[121.40603,32.23293],[121.42475,32.22775],[121.43717,32.21282],[121.44263,32.19956],[121.4801,32.17134],[121.51988,32.16777],[121.53521,32.16231],[121.54597,32.15009],[121.56275,32.11698],[121.56602,32.09828],[121.55177,31.98352],[121.53166,31.94497],[121.53093,31.8969],[121.49531,31.8554],[121.47699,31.7927],[121.64683,31.72639],[121.71055,31.69033],[121.73953,31.66143],[121.90453,31.62376],[121.9165,31.61829],[121.98979,31.56463],[121.99975,31.55274],[122.00308,31.53759],[122.00157,31.4777],[121.99734,31.46247],[121.98642,31.45103],[121.94007,31.42426],[121.85316,31.40641],[121.92128,31.37888],[121.93375,31.36992],[121.94073,31.35624],[121.94063,31.34088],[121.92917,31.29491],[121.91558,31.27072],[121.94021,31.25901],[121.95432,31.26116],[121.97478,31.25756],[122.01786,31.23404],[122.03061,31.22145],[122.03475,31.20401],[122.03381,31.18371],[122.02803,31.16667],[122.01406,31.15531],[121.9847,31.14282],[121.96337,31.14139],[121.94291,31.14701],[121.91979,31.1657],[121.90581,31.16739],[121.88464,31.17898],[121.85027,31.22067],[121.8433,31.23593],[121.84649,31.257],[121.7954,31.28965],[121.76471,31.28639],[121.79491,31.23083],[121.87158,31.15543],[121.96218,31.02447],[122.00199,30.93755],[122.00436,30.89198],[121.99939,30.8753],[121.98654,30.86358],[121.89864,30.81911],[121.88436,30.81561],[121.6675,30.81304],[121.51739,30.77717],[121.40498,30.72091],[121.36294,30.68008],[121.34509,30.67125],[121.27622,30.66098],[121.19376,30.62225],[121.15917,30.57455],[121.08624,30.56139],[121.03568,30.54377],[120.99524,30.51647],[120.97142,30.47879],[120.97172,30.46852],[120.99084,30.44373],[120.98984,30.42481],[120.97845,30.40966],[120.9481,30.38751],[120.9446,30.37022],[120.9337,30.35184],[120.87142,30.2993],[120.79887,30.2665],[120.78348,30.26394],[120.76867,30.26885],[120.73857,30.28782],[120.7266,30.30124],[120.70042,30.35196],[120.72591,30.29816],[120.7583,30.25766],[120.76876,30.25209],[120.90015,30.23836],[120.91311,30.23413],[120.94471,30.1949],[120.96496,30.13217],[121.0098,30.08485],[121.02094,30.05828],[121.0964,30.01706],[121.11001,30.00283],[121.1129,29.98335],[121.10482,29.95504],[121.06962,29.93284],[121.05428,29.90194],[121.06759,29.88673],[121.1112,29.86728],[121.12521,29.85531],[121.13046,29.83765],[121.12789,29.79359],[121.07165,29.73777],[121.017,29.70758],[121.0028,29.70356],[120.96427,29.70175],[120.93365,29.71078],[120.89427,29.70758],[120.86961,29.72507],[120.83477,29.7328],[120.79875,29.78432],[120.78253,29.77808],[120.74939,29.70431],[120.73799,29.69073],[120.71776,29.67701],[120.70299,29.6716],[120.6874,29.67375],[120.66297,29.68357],[120.63543,29.71065],[120.619,29.70869],[120.58905,29.68436],[120.56306,29.67587],[120.54792,29.65857],[120.54545,29.61783],[120.52998,29.57767],[120.53942,29.53426],[120.53766,29.51484],[120.52509,29.49992],[120.39576,29.41779],[120.38906,29.40299],[120.37103,29.38602],[120.34801,29.37724],[120.30897,29.33603],[120.29611,29.3277],[120.26424,29.32853],[120.2519,29.33292],[120.2423,29.34184],[120.22396,29.36755],[120.21807,29.3833],[120.22084,29.39988],[120.23143,29.42314],[120.21961,29.46908],[120.17532,29.49051],[120.12463,29.47115],[119.99078,29.33904],[119.97357,29.33016],[119.95437,29.33264],[119.93666,29.34078],[119.89096,29.33818],[119.87683,29.34053],[119.84038,29.37586],[119.81992,29.36525],[119.79756,29.36247],[119.76516,29.37005],[119.74782,29.38063],[119.71938,29.41405],[119.68861,29.42927],[119.67391,29.44394],[119.6711,29.46451],[119.6772,29.49638],[119.69594,29.53196],[119.69362,29.55604],[119.66445,29.58083],[119.63897,29.62274],[119.59157,29.63952],[119.55252,29.7115],[119.54602,29.71213],[119.49282,29.69081],[119.39175,29.72751],[119.36202,29.69394],[119.3461,29.68301],[119.32678,29.68304],[119.2767,29.69874],[119.26024,29.71049],[119.25392,29.72971],[119.25389,29.75793],[119.23376,29.79819],[119.2129,29.80734],[119.18555,29.80727],[119.15968,29.82751],[119.15041,29.84343],[119.15127,29.86183],[119.16578,29.90358],[119.1459,29.9352],[119.10127,29.94929],[119.08541,29.96032],[119.07366,29.9754],[119.03801,29.97581],[119.01689,29.98393],[119.00668,29.99292],[118.93197,29.98166],[118.89207,29.98815],[118.87651,29.99641],[118.86755,30.01158],[118.85393,30.06295],[118.82557,30.10243],[118.81157,30.14723],[118.81276,30.16737]],[[121.76353,31.44396],[121.73757,31.45249],[121.7485,31.43502],[121.77738,31.41609],[121.80188,31.41587],[121.76353,31.44396]],[[118.83876,30.11191],[118.86887,30.07001],[118.88774,30.00816],[118.92954,29.99773],[119.01174,30.01012],[119.02763,29.99612],[119.03819,29.99206],[119.08168,29.99156],[119.10616,29.96479],[119.15648,29.9489],[119.18369,29.90562],[119.16619,29.8473],[119.19068,29.82269],[119.21541,29.82398],[119.24567,29.81071],[119.27013,29.76177],[119.27017,29.72973],[119.27333,29.72012],[119.28156,29.71424],[119.33164,29.69855],[119.3413,29.69853],[119.37554,29.73734],[119.39074,29.74535],[119.49238,29.70705],[119.54327,29.72873],[119.56303,29.7268],[119.60199,29.65198],[119.64959,29.63656],[119.67833,29.58927],[119.70911,29.56474],[119.71262,29.52826],[119.69316,29.49332],[119.68706,29.46146],[119.68847,29.45117],[119.69581,29.44384],[119.72959,29.42713],[119.76019,29.39117],[119.76887,29.38588],[119.80126,29.37829],[119.81244,29.37968],[119.84097,29.39446],[119.84614,29.39366],[119.88297,29.35558],[119.93977,29.35723],[119.97076,29.34616],[119.97936,29.3506],[120.11564,29.48512],[120.17608,29.50819],[120.23348,29.48043],[120.24859,29.42163],[120.23563,29.39315],[120.23719,29.37699],[120.26033,29.34682],[120.29074,29.34304],[120.33876,29.39111],[120.36524,29.40121],[120.37426,29.40969],[120.38296,29.42891],[120.51638,29.51364],[120.52266,29.5211],[120.52354,29.53081],[120.51298,29.57938],[120.52923,29.61881],[120.53203,29.6651],[120.55474,29.69104],[120.57881,29.69697],[120.61241,29.72427],[120.6423,29.72783],[120.66903,29.69864],[120.69346,29.68883],[120.70864,29.69046],[120.73457,29.71097],[120.77044,29.79084],[120.80084,29.80254],[120.81553,29.79258],[120.84378,29.74633],[120.87654,29.7406],[120.89876,29.7232],[120.93548,29.72753],[120.96351,29.71799],[121.00204,29.71979],[121.06379,29.752],[121.11295,29.79997],[121.11159,29.84645],[121.05771,29.87334],[121.03699,29.89702],[121.0365,29.90267],[121.05742,29.94481],[121.09165,29.96456],[121.09686,29.98594],[121.09541,29.99568],[121.08861,30.0028],[121.00701,30.04737],[120.99801,30.07367],[120.95046,30.12384],[120.93387,30.18055],[120.90494,30.22008],[120.76392,30.23626],[120.7477,30.24489],[120.7121,30.28941],[120.68508,30.34462],[120.68337,30.3562],[120.68932,30.36686],[120.69554,30.37028],[120.71401,30.36495],[120.74723,30.30157],[120.77734,30.2826],[120.79243,30.28142],[120.86094,30.31172],[120.92322,30.36426],[120.92867,30.37345],[120.93343,30.39692],[120.97457,30.43036],[120.97507,30.43982],[120.97021,30.44796],[120.95567,30.46113],[120.95503,30.48328],[120.98332,30.52803],[121.02834,30.55842],[121.08241,30.57726],[121.15045,30.58826],[121.18268,30.63499],[121.27146,30.67671],[121.34269,30.68732],[121.35162,30.69173],[121.39546,30.73432],[121.51179,30.79254],[121.66549,30.82926],[121.88416,30.83186],[121.98563,30.88394],[121.98722,30.93079],[121.94741,31.01771],[121.85825,31.14614],[121.78181,31.2209],[121.74727,31.28445],[121.75194,31.30093],[121.79971,31.30618],[121.86628,31.26364],[121.86011,31.24699],[121.8628,31.23101],[121.89718,31.18931],[121.90776,31.18352],[121.92817,31.18105],[121.94722,31.16268],[121.97834,31.15777],[122.0077,31.17027],[122.01468,31.17594],[122.01757,31.18447],[122.01645,31.21348],[121.96699,31.24329],[121.93834,31.24229],[121.91026,31.25332],[121.89463,31.26829],[121.9134,31.29884],[121.92487,31.34481],[121.92143,31.35933],[121.83002,31.39823],[121.77246,31.39989],[121.73662,31.42338],[121.71467,31.45844],[121.72532,31.47362],[121.77105,31.45859],[121.82731,31.41911],[121.9368,31.44017],[121.98321,31.47049],[121.98517,31.54557],[121.90091,31.60792],[121.73104,31.6467],[121.70254,31.67619],[121.63883,31.71225],[121.46384,31.78037],[121.45872,31.79663],[121.48102,31.86393],[121.51572,31.90261],[121.51524,31.94925],[121.53564,31.98552],[121.54989,32.10028],[121.54826,32.10963],[121.52609,32.14885],[121.47403,32.15556],[121.42929,32.18926],[121.42214,32.20663],[121.41593,32.2141],[121.40657,32.21669],[121.2431,32.2112],[121.21094,32.22216],[121.09178,32.23518],[121.03504,32.2583],[121.0128,32.27659],[120.94441,32.26067],[120.83844,32.27424],[120.8281,32.27211],[120.80674,32.25946],[120.78453,32.2598],[120.75215,32.21126],[120.72562,32.20356],[120.71624,32.18698],[120.68753,32.17204],[120.68132,32.14607],[120.61184,32.06211],[120.60722,32.02846],[120.60211,32.02236],[120.58639,32.01935],[120.50082,32.04834],[120.4455,32.04977],[120.24177,31.95499],[120.1428,31.95724],[120.02273,31.98518],[120.01307,31.98446],[119.98985,31.95488],[119.98736,31.94308],[119.99128,31.92054],[119.97084,31.85901],[119.9718,31.84648],[119.98366,31.82331],[119.99588,31.81462],[120.03771,31.80877],[120.04888,31.81128],[120.0935,31.84056],[120.13452,31.84355],[120.13972,31.83928],[120.14823,31.80781],[120.15067,31.78573],[120.13608,31.75994],[120.13308,31.7171],[120.10654,31.6921],[120.10586,31.65675],[120.05673,31.61743],[120.03698,31.58008],[120.03594,31.56879],[120.04213,31.5516],[120.07474,31.53431],[120.08867,31.49779],[120.0838,31.47293],[120.04318,31.44105],[120.03853,31.36395],[120.09463,31.31156],[120.10008,31.29214],[120.08435,31.2792],[119.99508,31.26626],[119.98612,31.26187],[119.90668,31.18516],[119.90194,31.17615],[119.9035,31.16608],[119.97165,31.0326],[120.05317,30.98104],[120.05955,30.96305],[120.05777,30.95901],[120.03629,30.94669],[119.96847,30.93889],[119.95611,30.93062],[119.93147,30.88619],[119.92959,30.87607],[119.94012,30.80038],[119.92433,30.75547],[119.90983,30.74694],[119.90071,30.74565],[119.87101,30.76105],[119.82173,30.80762],[119.8184,30.81403],[119.82219,30.8483],[119.82044,30.85761],[119.8138,30.86436],[119.77308,30.86333],[119.72389,30.8818],[119.56448,30.87095],[119.51021,30.7967],[119.47303,30.78966],[119.46147,30.78087],[119.46018,30.71237],[119.42588,30.68148],[119.40795,30.6838],[119.38428,30.70543],[119.37411,30.7042],[119.32649,30.67988],[119.29668,30.64258],[119.24378,30.63795],[119.22437,30.62318],[119.22019,30.61428],[119.22191,30.6046],[119.23144,30.58642],[119.22231,30.53037],[119.26395,30.49691],[119.29627,30.50332],[119.30915,30.49489],[119.31593,30.44613],[119.33962,30.41105],[119.33613,30.39559],[119.27567,30.36419],[119.23571,30.35587],[119.21477,30.32132],[119.19052,30.31301],[119.09325,30.3402],[119.05323,30.32922],[118.98594,30.36597],[118.94887,30.37545],[118.9362,30.37347],[118.86199,30.32419],[118.86406,30.23937],[118.88054,30.20828],[118.87175,30.19293],[118.83431,30.16921],[118.82788,30.16143],[118.82729,30.15135],[118.83876,30.11191]]],[[[121.11287,31.73699],[121.11229,31.74659],[121.12704,31.77883],[121.13503,31.78253],[121.15407,31.77504],[121.23565,31.69331],[121.28504,31.67888],[121.34059,31.62761],[121.53343,31.53747],[121.53965,31.53214],[121.5406,31.5126],[121.53727,31.50914],[121.49934,31.50125],[121.49435,31.49365],[121.49422,31.48457],[121.56154,31.42025],[121.5572,31.40283],[121.55311,31.40075],[121.51937,31.41001],[121.38263,31.50584],[121.32613,31.53064],[121.27129,31.59955],[121.25503,31.63363],[121.14439,31.70997],[121.11287,31.73699]],[[121.15432,31.72286],[121.26426,31.647],[121.2761,31.63203],[121.28554,31.60773],[121.33631,31.54394],[121.39195,31.51915],[121.52639,31.42493],[121.53464,31.42267],[121.48808,31.46478],[121.47855,31.48025],[121.47881,31.49842],[121.48879,31.51361],[121.50536,31.52107],[121.52377,31.52405],[121.33371,31.61289],[121.27702,31.66411],[121.23949,31.6732],[121.22415,31.68183],[121.14496,31.76116],[121.13807,31.76387],[121.12917,31.74442],[121.15432,31.72286]]]]}},{"type":"Feature","id":"near-2-3","properties":{"id":"near-2-3","group":"near-2","placeIds":["kunshan","xihu"],"alpha":0.11},"geometry":{"type":"MultiPolygon","coordinates":[[[[118.79764,30.17332],[118.81692,30.19666],[118.84057,30.21165],[118.83161,30.23772],[118.82772,30.31423],[118.83316,30.33919],[118.85047,30.35797],[118.91891,30.40098],[118.93731,30.40787],[118.95693,30.40694],[119.00713,30.39194],[119.05364,30.36382],[119.07266,30.37053],[119.102,30.3715],[119.18954,30.34703],[119.21694,30.3824],[119.23707,30.39069],[119.26525,30.3954],[119.2991,30.41298],[119.28899,30.42794],[119.27939,30.46558],[119.25724,30.46512],[119.23736,30.47435],[119.20761,30.49751],[119.1918,30.51916],[119.18983,30.54589],[119.19725,30.58163],[119.18797,30.61856],[119.20052,30.64526],[119.20943,30.65488],[119.24094,30.67032],[119.27998,30.67375],[119.3011,30.70017],[119.31836,30.71381],[119.36024,30.73359],[119.39074,30.73728],[119.41959,30.71955],[119.42759,30.72676],[119.4273,30.77339],[119.43231,30.79521],[119.44653,30.81249],[119.46698,30.82159],[119.49122,30.82618],[119.53252,30.88482],[119.54868,30.89935],[119.56956,30.90541],[119.72201,30.91424],[119.74334,30.91067],[119.77803,30.89643],[119.8015,30.89862],[119.82933,30.89291],[119.84925,30.87265],[119.85449,30.84473],[119.85216,30.82358],[119.89001,30.7878],[119.89951,30.78288],[119.90684,30.80372],[119.8974,30.87159],[119.90305,30.90195],[119.92769,30.94639],[119.94322,30.96326],[119.96475,30.97117],[119.99958,30.97518],[119.96113,30.99814],[119.94271,31.01782],[119.87455,31.15131],[119.86989,31.1815],[119.88411,31.20854],[119.96355,31.28525],[119.99042,31.29842],[120.0508,31.30718],[120.02105,31.33379],[120.00846,31.35161],[120.0049,31.37313],[120.0088,31.43629],[120.01463,31.45658],[120.05499,31.4949],[120.04899,31.51062],[120.01714,31.53082],[120.00757,31.54924],[120.00457,31.56028],[120.0077,31.59418],[120.02295,31.62588],[120.03642,31.64281],[120.07297,31.67205],[120.07682,31.70525],[120.1016,31.73285],[120.10366,31.76221],[120.11707,31.7939],[120.11411,31.80948],[120.10428,31.80876],[120.06671,31.7841],[120.03321,31.77658],[119.99137,31.78243],[119.96987,31.79099],[119.95473,31.8085],[119.93765,31.85017],[119.94,31.86925],[119.95786,31.92302],[119.95534,31.93751],[119.96282,31.97293],[119.97851,31.99642],[120.00112,32.01468],[120.0301,32.01683],[120.1469,31.98966],[120.2348,31.98766],[120.42418,32.07757],[120.44634,32.08226],[120.51644,32.07814],[120.57697,32.05705],[120.5868,32.08283],[120.65066,32.16],[120.66178,32.19187],[120.69199,32.21175],[120.70511,32.22877],[120.73148,32.23993],[120.74979,32.27031],[120.77051,32.28912],[120.79992,32.29319],[120.81154,32.30007],[120.84257,32.30648],[120.94225,32.29372],[120.99633,32.30798],[121.02086,32.30807],[121.05298,32.28609],[121.09983,32.267],[121.21447,32.25447],[121.24817,32.24389],[121.40548,32.24917],[121.43356,32.2414],[121.45596,32.20986],[121.48618,32.18711],[121.52133,32.18395],[121.54432,32.17576],[121.56046,32.15744],[121.57725,32.12433],[121.58214,32.09628],[121.56789,31.98151],[121.54808,31.9407],[121.54615,31.89119],[121.53599,31.87489],[121.50961,31.84688],[121.4951,31.8031],[121.65484,31.74053],[121.71855,31.70448],[121.74802,31.67616],[121.90815,31.6396],[121.9261,31.6314],[121.99939,31.57774],[122.01434,31.55991],[122.01932,31.53718],[122.01781,31.47729],[122.01147,31.45444],[121.99509,31.43729],[121.95955,31.41486],[121.90913,31.40131],[121.92737,31.39394],[121.94608,31.38051],[121.95654,31.35999],[121.9564,31.33695],[121.93886,31.277],[121.98257,31.27182],[122.02564,31.24831],[122.04478,31.22941],[122.05098,31.20325],[122.05004,31.18295],[122.04137,31.15739],[122.02043,31.14036],[121.99106,31.12787],[121.95906,31.12572],[121.93861,31.13134],[121.91142,31.15034],[121.8884,31.15972],[121.97263,31.03881],[122.01677,30.94432],[122.02119,30.92312],[122.02061,30.89168],[122.01316,30.86666],[121.99387,30.84908],[121.90598,30.80461],[121.88455,30.79936],[121.66951,30.79681],[121.52299,30.7618],[121.4145,30.7075],[121.37426,30.66842],[121.34748,30.65517],[121.28097,30.64526],[121.20485,30.6095],[121.18257,30.57535],[121.16788,30.56083],[121.1485,30.5537],[121.09008,30.54552],[121.04303,30.52912],[121.00715,30.50491],[120.98844,30.4753],[121.00662,30.44764],[121.00511,30.41925],[120.98803,30.39653],[120.96278,30.37811],[120.96053,30.367],[120.94418,30.33941],[120.88189,30.28687],[120.82963,30.26207],[120.90184,30.25452],[120.92128,30.24817],[120.93641,30.23441],[120.95792,30.20436],[120.97945,30.1405],[121.0216,30.09602],[121.03487,30.06919],[121.10419,30.03132],[121.1246,30.00997],[121.12894,29.98076],[121.11799,29.94552],[121.10097,29.93082],[121.08182,29.92087],[121.07367,29.90446],[121.11782,29.88212],[121.13883,29.86416],[121.14671,29.83767],[121.14676,29.80643],[121.14284,29.7872],[121.13166,29.77108],[121.07951,29.72355],[121.02486,29.69336],[121.00357,29.68733],[120.96503,29.68552],[120.93182,29.69402],[120.88978,29.69196],[120.86268,29.70954],[120.82576,29.71928],[120.8104,29.73579],[120.79418,29.76436],[120.76422,29.69765],[120.74711,29.67728],[120.72688,29.66356],[120.70472,29.65544],[120.68135,29.65867],[120.65691,29.66849],[120.6256,29.69311],[120.5993,29.67175],[120.57138,29.6607],[120.5638,29.65205],[120.56167,29.61684],[120.54698,29.57596],[120.5553,29.53772],[120.55265,29.50858],[120.5338,29.4862],[120.40857,29.40667],[120.40386,29.39629],[120.37683,29.37084],[120.35726,29.36338],[120.32077,29.32485],[120.30147,29.31236],[120.26198,29.31243],[120.24347,29.31903],[120.22907,29.3324],[120.21073,29.35812],[120.2019,29.38174],[120.20605,29.40661],[120.21426,29.42465],[120.20575,29.45773],[120.17456,29.47282],[120.13361,29.45719],[120.00219,29.32747],[119.97639,29.31415],[119.94758,29.31787],[119.93355,29.32433],[119.89189,29.32195],[119.87069,29.32549],[119.85308,29.33779],[119.83677,29.35569],[119.82739,29.35083],[119.79385,29.34665],[119.76146,29.35423],[119.73544,29.3701],[119.70918,29.40097],[119.6814,29.41471],[119.65936,29.43671],[119.65514,29.46757],[119.66124,29.49943],[119.67926,29.53565],[119.67814,29.54734],[119.65056,29.57239],[119.62835,29.60893],[119.59864,29.61768],[119.58114,29.62705],[119.56883,29.64262],[119.54353,29.69316],[119.51208,29.6789],[119.49326,29.67457],[119.47422,29.67788],[119.39457,29.70897],[119.37479,29.68388],[119.3509,29.66748],[119.32192,29.66754],[119.27184,29.68323],[119.24715,29.70086],[119.23767,29.72969],[119.23764,29.75408],[119.22185,29.78567],[119.21038,29.7907],[119.18042,29.79185],[119.16237,29.80264],[119.14853,29.81569],[119.13462,29.83956],[119.13592,29.86716],[119.14787,29.90154],[119.13532,29.9215],[119.09638,29.93379],[119.07259,29.95033],[119.06565,29.95924],[119.03782,29.95956],[119.00162,29.97573],[118.93439,29.96559],[118.91677,29.96616],[118.88862,29.97227],[118.86528,29.98467],[118.85184,30.00742],[118.83899,30.0559],[118.80481,30.10901],[118.79586,30.1431],[118.79764,30.17332]],[[121.79109,31.27312],[121.79044,31.27308],[121.808,31.24076],[121.83648,31.21306],[121.82727,31.23323],[121.82876,31.24904],[121.79109,31.27312]],[[118.82557,30.10243],[118.85393,30.06295],[118.86755,30.01158],[118.87651,29.99641],[118.89207,29.98815],[118.93197,29.98166],[119.00668,29.99292],[119.01689,29.98393],[119.03801,29.97581],[119.07366,29.9754],[119.08541,29.96032],[119.10127,29.94929],[119.1459,29.9352],[119.16578,29.90358],[119.15127,29.86183],[119.15041,29.84343],[119.15968,29.82751],[119.18555,29.80727],[119.2129,29.80734],[119.23376,29.79819],[119.25389,29.75793],[119.25392,29.72971],[119.26024,29.71049],[119.2767,29.69874],[119.32678,29.68304],[119.3461,29.68301],[119.36202,29.69394],[119.39175,29.72751],[119.49282,29.69081],[119.54602,29.71213],[119.55252,29.7115],[119.59157,29.63952],[119.63897,29.62274],[119.66445,29.58083],[119.69362,29.55604],[119.69594,29.53196],[119.6772,29.49638],[119.6711,29.46451],[119.67391,29.44394],[119.68861,29.42927],[119.71938,29.41405],[119.74782,29.38063],[119.76516,29.37005],[119.79756,29.36247],[119.81992,29.36525],[119.84038,29.37586],[119.87683,29.34053],[119.89096,29.33818],[119.93666,29.34078],[119.95437,29.33264],[119.97357,29.33016],[119.99078,29.33904],[120.12463,29.47115],[120.17532,29.49051],[120.21961,29.46908],[120.23143,29.42314],[120.22084,29.39988],[120.21807,29.3833],[120.22396,29.36755],[120.2423,29.34184],[120.2519,29.33292],[120.26424,29.32853],[120.29611,29.3277],[120.30897,29.33603],[120.34801,29.37724],[120.37103,29.38602],[120.38906,29.40299],[120.39576,29.41779],[120.52509,29.49992],[120.53766,29.51484],[120.53942,29.53426],[120.52998,29.57767],[120.54545,29.61783],[120.54792,29.65857],[120.56306,29.67587],[120.58905,29.68436],[120.619,29.70869],[120.63543,29.71065],[120.66297,29.68357],[120.6874,29.67375],[120.70299,29.6716],[120.71776,29.67701],[120.73799,29.69073],[120.74939,29.70431],[120.78253,29.77808],[120.79875,29.78432],[120.83477,29.7328],[120.86961,29.72507],[120.89427,29.70758],[120.93365,29.71078],[120.96427,29.70175],[121.0028,29.70356],[121.017,29.70758],[121.07165,29.73777],[121.12789,29.79359],[121.13046,29.83765],[121.12521,29.85531],[121.1112,29.86728],[121.06759,29.88673],[121.05428,29.90194],[121.06962,29.93284],[121.10482,29.95504],[121.1129,29.98335],[121.11001,30.00283],[121.0964,30.01706],[121.02094,30.05828],[121.0098,30.08485],[120.96496,30.13217],[120.94471,30.1949],[120.91311,30.23413],[120.90015,30.23836],[120.76876,30.25209],[120.7583,30.25766],[120.72591,30.29816],[120.70042,30.35196],[120.7266,30.30124],[120.73857,30.28782],[120.76867,30.26885],[120.78348,30.26394],[120.79887,30.2665],[120.87142,30.2993],[120.9337,30.35184],[120.9446,30.37022],[120.9481,30.38751],[120.97845,30.40966],[120.98984,30.42481],[120.99084,30.44373],[120.97172,30.46852],[120.97142,30.47879],[120.99524,30.51647],[121.03568,30.54377],[121.08624,30.56139],[121.15917,30.57455],[121.19376,30.62225],[121.27622,30.66098],[121.34509,30.67125],[121.36294,30.68008],[121.40498,30.72091],[121.51739,30.77717],[121.6675,30.81304],[121.88436,30.81561],[121.89864,30.81911],[121.98654,30.86358],[121.99939,30.8753],[122.00436,30.89198],[122.00199,30.93755],[121.96218,31.02447],[121.87158,31.15543],[121.79491,31.23083],[121.76471,31.28639],[121.7954,31.28965],[121.84649,31.257],[121.8433,31.23593],[121.85027,31.22067],[121.88464,31.17898],[121.90581,31.16739],[121.91979,31.1657],[121.94291,31.14701],[121.96337,31.14139],[121.9847,31.14282],[122.01406,31.15531],[122.02803,31.16667],[122.03381,31.18371],[122.03475,31.20401],[122.03061,31.22145],[122.01786,31.23404],[121.97478,31.25756],[121.95432,31.26116],[121.94021,31.25901],[121.91558,31.27072],[121.92917,31.29491],[121.94063,31.34088],[121.94073,31.35624],[121.93375,31.36992],[121.92128,31.37888],[121.85316,31.40641],[121.94007,31.42426],[121.98642,31.45103],[121.99734,31.46247],[122.00157,31.4777],[122.00308,31.53759],[121.99975,31.55274],[121.98979,31.56463],[121.9165,31.61829],[121.90453,31.62376],[121.73953,31.66143],[121.71055,31.69033],[121.64683,31.72639],[121.47699,31.7927],[121.49531,31.8554],[121.53093,31.8969],[121.53166,31.94497],[121.55177,31.98352],[121.56602,32.09828],[121.56275,32.11698],[121.54597,32.15009],[121.53521,32.16231],[121.51988,32.16777],[121.4801,32.17134],[121.44263,32.19956],[121.43717,32.21282],[121.42475,32.22775],[121.40603,32.23293],[121.24563,32.22755],[121.21271,32.23832],[121.0958,32.25109],[121.04401,32.2722],[121.01683,32.29233],[121.00047,32.29227],[120.94333,32.27719],[120.84051,32.29036],[120.81982,32.28609],[120.80333,32.27632],[120.77752,32.27446],[120.76371,32.26192],[120.74181,32.2256],[120.71537,32.21617],[120.70398,32.19931],[120.67465,32.18195],[120.66599,32.15303],[120.59932,32.07247],[120.59189,32.05298],[120.59128,32.03683],[120.5111,32.06279],[120.44592,32.06602],[120.43115,32.06289],[120.23828,31.97133],[120.14485,31.97345],[120.02642,32.001],[120.00709,31.99957],[119.99202,31.9874],[119.97634,31.96391],[119.97135,31.94029],[119.97457,31.92178],[119.95542,31.86413],[119.95386,31.85141],[119.95733,31.83908],[119.9692,31.8159],[119.97929,31.80423],[119.99363,31.79852],[120.03546,31.79267],[120.05779,31.79769],[120.09889,31.82466],[120.1263,31.82666],[120.13387,31.78981],[120.11987,31.76107],[120.11734,31.72498],[120.09168,31.69868],[120.08942,31.6644],[120.04658,31.63012],[120.02234,31.58713],[120.02026,31.56453],[120.02963,31.54121],[120.06186,31.52247],[120.07183,31.49635],[120.06907,31.48225],[120.02891,31.44882],[120.02502,31.43529],[120.02112,31.37213],[120.02349,31.35778],[120.08157,31.29796],[120.07753,31.29463],[119.99275,31.28234],[119.97484,31.27356],[119.8954,31.19685],[119.88592,31.17883],[119.88903,31.15869],[119.95718,31.02521],[119.96946,31.01209],[120.04059,30.96789],[120.03111,30.96245],[119.96661,30.95503],[119.95226,30.94976],[119.9419,30.93851],[119.91726,30.89407],[119.91349,30.87383],[119.92348,30.80205],[119.91097,30.76647],[119.90358,30.76247],[119.88051,30.77443],[119.83512,30.81733],[119.83834,30.84652],[119.83485,30.86513],[119.82157,30.87863],[119.80302,30.88244],[119.77555,30.87988],[119.72295,30.89802],[119.5705,30.88919],[119.55658,30.88515],[119.54581,30.87546],[119.50072,30.81144],[119.47,30.80563],[119.45637,30.79956],[119.44689,30.78804],[119.44355,30.77349],[119.44388,30.71956],[119.42055,30.69855],[119.38751,30.72136],[119.36717,30.71889],[119.3253,30.69912],[119.3138,30.69003],[119.28833,30.65817],[119.24236,30.65414],[119.22135,30.64384],[119.21245,30.63422],[119.20408,30.61642],[119.20751,30.59705],[119.21434,30.58402],[119.20574,30.54258],[119.20705,30.52476],[119.21759,30.51033],[119.2606,30.48102],[119.29375,30.48555],[119.29705,30.45204],[119.30246,30.43704],[119.32194,30.40653],[119.27046,30.37979],[119.22632,30.36914],[119.20358,30.33466],[119.19003,30.33002],[119.09763,30.35585],[119.07807,30.35521],[119.05245,30.34617],[118.98996,30.38171],[118.9529,30.39119],[118.93982,30.39182],[118.92755,30.38722],[118.85912,30.34421],[118.84757,30.33169],[118.84395,30.31505],[118.84784,30.23855],[118.8617,30.20807],[118.82561,30.18293],[118.81276,30.16737],[118.81157,30.14723],[118.82557,30.10243]]],[[[121.77738,31.41609],[121.7485,31.43502],[121.73757,31.45249],[121.76353,31.44396],[121.80188,31.41587],[121.77738,31.41609]]],[[[121.13807,31.76387],[121.14496,31.76116],[121.22415,31.68183],[121.23949,31.6732],[121.27702,31.66411],[121.33371,31.61289],[121.52377,31.52405],[121.50536,31.52107],[121.48879,31.51361],[121.47881,31.49842],[121.47855,31.48025],[121.48808,31.46478],[121.53464,31.42267],[121.52639,31.42493],[121.39195,31.51915],[121.33631,31.54394],[121.28554,31.60773],[121.2761,31.63203],[121.26426,31.647],[121.15432,31.72286],[121.12917,31.74442],[121.13807,31.76387]],[[121.3465,31.55724],[121.40128,31.53246],[121.46307,31.48915],[121.46328,31.50319],[121.47979,31.52667],[121.32682,31.59817],[121.29711,31.62281],[121.3465,31.55724]]]]}},{"type":"Feature","id":"near-2-4","properties":{"id":"near-2-4","group":"near-2","placeIds":["kunshan","xihu"],"alpha":0.035},"geometry":{"type":"MultiPolygon","coordinates":[[[[118.78252,30.17927],[118.80822,30.21039],[118.821,30.21849],[118.81538,30.2369],[118.81149,30.3134],[118.81874,30.34668],[118.84182,30.37173],[118.91026,30.41474],[118.93479,30.42393],[118.96096,30.42268],[119.01554,30.40585],[119.05548,30.3817],[119.06726,30.38586],[119.10638,30.38715],[119.18353,30.36558],[119.20755,30.39567],[119.23439,30.40672],[119.26004,30.411],[119.27547,30.41901],[119.26465,30.44942],[119.25389,30.44922],[119.22738,30.46152],[119.19763,30.48469],[119.17655,30.51355],[119.17392,30.54919],[119.18016,30.57924],[119.17186,30.6207],[119.1886,30.6563],[119.1975,30.66592],[119.23953,30.68651],[119.27163,30.68933],[119.28841,30.71032],[119.31142,30.72851],[119.3533,30.74828],[119.39397,30.75321],[119.41124,30.74331],[119.41105,30.77329],[119.41772,30.80238],[119.43669,30.82542],[119.46396,30.83756],[119.48173,30.84092],[119.51924,30.89418],[119.54079,30.91355],[119.56862,30.92164],[119.72107,30.93047],[119.74951,30.9257],[119.7805,30.91298],[119.79999,30.9148],[119.8371,30.90718],[119.86365,30.88017],[119.87064,30.84295],[119.8692,30.82984],[119.88947,30.81068],[119.8813,30.86935],[119.88884,30.90984],[119.91348,30.95427],[119.93419,30.97677],[119.9534,30.98383],[119.92823,31.01044],[119.86008,31.14392],[119.85386,31.18418],[119.87282,31.22023],[119.95226,31.29694],[119.98809,31.31451],[120.01403,31.31827],[119.99343,31.34543],[119.98868,31.37413],[119.99258,31.43729],[120.00036,31.46435],[120.01885,31.48558],[120.03625,31.49842],[120.00465,31.52042],[119.99188,31.54499],[119.98889,31.55603],[119.99305,31.60122],[120.00831,31.63293],[120.02627,31.6555],[120.05653,31.67971],[120.06196,31.71183],[120.08586,31.74073],[120.08745,31.76334],[120.09399,31.78257],[120.07563,31.77052],[120.03096,31.76049],[119.98912,31.76634],[119.96045,31.77774],[119.94027,31.80109],[119.9284,31.82427],[119.92145,31.84894],[119.92458,31.87438],[119.94115,31.92427],[119.93933,31.93472],[119.94931,31.98196],[119.96499,32.00544],[119.99514,32.02979],[120.03378,32.03266],[120.14895,32.00586],[120.23131,32.00399],[120.41721,32.09225],[120.44676,32.09851],[120.50208,32.09708],[120.56822,32.0773],[120.57429,32.09319],[120.63533,32.16696],[120.64891,32.20178],[120.68246,32.22529],[120.69486,32.24137],[120.72104,32.25408],[120.73588,32.2787],[120.7635,32.30378],[120.84464,32.3226],[120.94117,32.31024],[120.99218,32.32369],[121.02489,32.32381],[121.06195,32.29998],[121.10386,32.2829],[121.21624,32.27062],[121.25071,32.26024],[121.40494,32.26541],[121.44238,32.25505],[121.46929,32.22017],[121.49225,32.20288],[121.52278,32.20014],[121.55344,32.18921],[121.57495,32.16479],[121.59174,32.13168],[121.59827,32.09427],[121.58402,31.97951],[121.57503,31.95372],[121.5645,31.93642],[121.56546,31.91074],[121.56136,31.88548],[121.54782,31.86375],[121.5239,31.83836],[121.51538,31.81265],[121.66284,31.75468],[121.72655,31.71862],[121.7565,31.69089],[121.91176,31.65544],[121.9357,31.64452],[122.00899,31.59085],[122.02892,31.56707],[122.03557,31.53677],[122.03406,31.47688],[122.0256,31.44641],[122.00376,31.42354],[121.95299,31.39499],[121.95841,31.3911],[121.97235,31.36373],[121.97217,31.33302],[121.96172,31.29113],[121.99035,31.28608],[122.03343,31.26257],[122.05894,31.23738],[122.06722,31.20249],[122.06627,31.1822],[122.05471,31.14812],[122.02679,31.12541],[121.99742,31.11292],[121.95476,31.11005],[121.93998,31.11411],[121.99173,31.03801],[122.03154,30.95109],[122.03744,30.92282],[122.03685,30.89137],[122.02692,30.85803],[122.00121,30.83458],[121.91332,30.79011],[121.88474,30.78312],[121.67152,30.78058],[121.52859,30.74643],[121.42402,30.6941],[121.38558,30.65677],[121.34987,30.6391],[121.28572,30.62954],[121.21594,30.59676],[121.19618,30.56647],[121.17659,30.54712],[121.15075,30.53761],[121.09392,30.52965],[121.05037,30.51447],[121.01907,30.49334],[121.00794,30.47573],[121.02239,30.45155],[121.02038,30.4137],[120.99761,30.38341],[120.97745,30.3687],[120.95466,30.32699],[120.88877,30.27223],[120.92946,30.26222],[120.94963,30.24387],[120.98066,30.19424],[120.99395,30.14883],[121.03339,30.1072],[121.04837,30.08033],[121.11198,30.04558],[121.1392,30.01712],[121.14498,29.97816],[121.14265,29.9637],[121.13116,29.936],[121.09571,29.90977],[121.12444,29.89696],[121.15246,29.87302],[121.16296,29.8377],[121.16301,29.80645],[121.15778,29.78082],[121.14287,29.75932],[121.08737,29.70933],[121.03272,29.67913],[121.00433,29.6711],[120.96579,29.66929],[120.92999,29.67727],[120.88529,29.67634],[120.85574,29.69401],[120.81675,29.70576],[120.79587,29.72846],[120.77904,29.691],[120.75623,29.66383],[120.736,29.65011],[120.70646,29.63928],[120.67529,29.64359],[120.65086,29.65341],[120.62538,29.672],[120.60954,29.65913],[120.57969,29.64552],[120.57789,29.61586],[120.56398,29.57425],[120.57118,29.54117],[120.56765,29.50232],[120.54251,29.47249],[120.42137,29.39555],[120.38262,29.35566],[120.36651,29.34952],[120.33257,29.31368],[120.30684,29.29702],[120.27634,29.29401],[120.25972,29.29634],[120.23504,29.30514],[120.21584,29.32297],[120.1975,29.34868],[120.18572,29.38018],[120.19126,29.41334],[120.19709,29.42616],[120.19189,29.44639],[120.1738,29.45514],[120.1426,29.44323],[120.01361,29.31591],[119.9792,29.29815],[119.94079,29.30311],[119.93043,29.30787],[119.89281,29.30573],[119.86455,29.31044],[119.83262,29.33612],[119.79015,29.33082],[119.75775,29.33841],[119.72307,29.35957],[119.69897,29.38789],[119.6742,29.40014],[119.64481,29.42948],[119.63918,29.47062],[119.64528,29.50249],[119.66231,29.53889],[119.63667,29.56395],[119.61773,29.59512],[119.59405,29.60209],[119.57072,29.61459],[119.55429,29.63535],[119.536,29.6719],[119.49369,29.65832],[119.46832,29.66275],[119.39988,29.68946],[119.38755,29.67382],[119.3557,29.65195],[119.31706,29.65203],[119.26698,29.66772],[119.23406,29.69123],[119.22142,29.72967],[119.2214,29.75024],[119.20994,29.77315],[119.17529,29.77644],[119.15122,29.79082],[119.13738,29.80387],[119.11884,29.8357],[119.12057,29.8725],[119.12996,29.8995],[119.12473,29.9078],[119.09149,29.9183],[119.05764,29.94308],[119.03764,29.94331],[118.99762,29.95869],[118.93681,29.94952],[118.91333,29.95028],[118.88517,29.95639],[118.85406,29.97292],[118.83614,30.00325],[118.82405,30.04885],[118.79917,30.08347],[118.78909,30.10489],[118.78014,30.13897],[118.78252,30.17927]],[[118.80481,30.10901],[118.83899,30.0559],[118.85184,30.00742],[118.86528,29.98467],[118.88862,29.97227],[118.91677,29.96616],[118.93439,29.96559],[119.00162,29.97573],[119.03782,29.95956],[119.06565,29.95924],[119.07259,29.95033],[119.09638,29.93379],[119.13532,29.9215],[119.14787,29.90154],[119.13592,29.86716],[119.13462,29.83956],[119.14853,29.81569],[119.16237,29.80264],[119.18042,29.79185],[119.21038,29.7907],[119.22185,29.78567],[119.23764,29.75408],[119.23767,29.72969],[119.24715,29.70086],[119.27184,29.68323],[119.32192,29.66754],[119.3509,29.66748],[119.37479,29.68388],[119.39457,29.70897],[119.47422,29.67788],[119.49326,29.67457],[119.51208,29.6789],[119.54353,29.69316],[119.56883,29.64262],[119.58114,29.62705],[119.59864,29.61768],[119.62835,29.60893],[119.65056,29.57239],[119.67814,29.54734],[119.67926,29.53565],[119.66124,29.49943],[119.65514,29.46757],[119.65936,29.43671],[119.6814,29.41471],[119.70918,29.40097],[119.73544,29.3701],[119.76146,29.35423],[119.79385,29.34665],[119.82739,29.35083],[119.83677,29.35569],[119.85308,29.33779],[119.87069,29.32549],[119.89189,29.32195],[119.93355,29.32433],[119.94758,29.31787],[119.97639,29.31415],[120.00219,29.32747],[120.13361,29.45719],[120.17456,29.47282],[120.20575,29.45773],[120.21426,29.42465],[120.20605,29.40661],[120.2019,29.38174],[120.21073,29.35812],[120.22907,29.3324],[120.24347,29.31903],[120.26198,29.31243],[120.30147,29.31236],[120.32077,29.32485],[120.35726,29.36338],[120.37683,29.37084],[120.40386,29.39629],[120.40857,29.40667],[120.5338,29.4862],[120.55265,29.50858],[120.5553,29.53772],[120.54698,29.57596],[120.56167,29.61684],[120.5638,29.65205],[120.57138,29.6607],[120.5993,29.67175],[120.6256,29.69311],[120.65691,29.66849],[120.68135,29.65867],[120.70472,29.65544],[120.72688,29.66356],[120.74711,29.67728],[120.76422,29.69765],[120.79418,29.76436],[120.8104,29.73579],[120.82576,29.71928],[120.86268,29.70954],[120.88978,29.69196],[120.93182,29.69402],[120.96503,29.68552],[121.00357,29.68733],[121.02486,29.69336],[121.07951,29.72355],[121.13166,29.77108],[121.14284,29.7872],[121.14676,29.80643],[121.14671,29.83767],[121.13883,29.86416],[121.11782,29.88212],[121.07367,29.90446],[121.08182,29.92087],[121.10097,29.93082],[121.11799,29.94552],[121.12894,29.98076],[121.1246,30.00997],[121.10419,30.03132],[121.03487,30.06919],[121.0216,30.09602],[120.97945,30.1405],[120.95792,30.20436],[120.93641,30.23441],[120.92128,30.24817],[120.90184,30.25452],[120.82963,30.26207],[120.88189,30.28687],[120.94418,30.33941],[120.96053,30.367],[120.96278,30.37811],[120.98803,30.39653],[121.00511,30.41925],[121.00662,30.44764],[120.98844,30.4753],[121.00715,30.50491],[121.04303,30.52912],[121.09008,30.54552],[121.1485,30.5537],[121.16788,30.56083],[121.18257,30.57535],[121.20485,30.6095],[121.28097,30.64526],[121.34748,30.65517],[121.37426,30.66842],[121.4145,30.7075],[121.52299,30.7618],[121.66951,30.79681],[121.88455,30.79936],[121.90598,30.80461],[121.99387,30.84908],[122.01316,30.86666],[122.02061,30.89168],[122.02119,30.92312],[122.01677,30.94432],[121.97263,31.03881],[121.8884,31.15972],[121.91142,31.15034],[121.93861,31.13134],[121.95906,31.12572],[121.99106,31.12787],[122.02043,31.14036],[122.04137,31.15739],[122.05004,31.18295],[122.05098,31.20325],[122.04478,31.22941],[122.02564,31.24831],[121.98257,31.27182],[121.93886,31.277],[121.9564,31.33695],[121.95654,31.35999],[121.94608,31.38051],[121.92737,31.39394],[121.90913,31.40131],[121.95955,31.41486],[121.99509,31.43729],[122.01147,31.45444],[122.01781,31.47729],[122.01932,31.53718],[122.01434,31.55991],[121.99939,31.57774],[121.9261,31.6314],[121.90815,31.6396],[121.74802,31.67616],[121.71855,31.70448],[121.65484,31.74053],[121.4951,31.8031],[121.50961,31.84688],[121.53599,31.87489],[121.54615,31.89119],[121.54808,31.9407],[121.56789,31.98151],[121.58214,32.09628],[121.57725,32.12433],[121.56046,32.15744],[121.54432,32.17576],[121.52133,32.18395],[121.48618,32.18711],[121.45596,32.20986],[121.43356,32.2414],[121.40548,32.24917],[121.24817,32.24389],[121.21447,32.25447],[121.09983,32.267],[121.05298,32.28609],[121.02086,32.30807],[120.99633,32.30798],[120.94225,32.29372],[120.84257,32.30648],[120.81154,32.30007],[120.79992,32.29319],[120.77051,32.28912],[120.74979,32.27031],[120.73148,32.23993],[120.70511,32.22877],[120.69199,32.21175],[120.66178,32.19187],[120.65066,32.16],[120.5868,32.08283],[120.57697,32.05705],[120.51644,32.07814],[120.44634,32.08226],[120.42418,32.07757],[120.2348,31.98766],[120.1469,31.98966],[120.0301,32.01683],[120.00112,32.01468],[119.97851,31.99642],[119.96282,31.97293],[119.95534,31.93751],[119.95786,31.92302],[119.94,31.86925],[119.93765,31.85017],[119.95473,31.8085],[119.96987,31.79099],[119.99137,31.78243],[120.03321,31.77658],[120.06671,31.7841],[120.10428,31.80876],[120.11411,31.80948],[120.11707,31.7939],[120.10366,31.76221],[120.1016,31.73285],[120.07682,31.70525],[120.07297,31.67205],[120.03642,31.64281],[120.02295,31.62588],[120.0077,31.59418],[120.00457,31.56028],[120.00757,31.54924],[120.01714,31.53082],[120.04899,31.51062],[120.05499,31.4949],[120.01463,31.45658],[120.0088,31.43629],[120.0049,31.37313],[120.00846,31.35161],[120.02105,31.33379],[120.0508,31.30718],[119.99042,31.29842],[119.96355,31.28525],[119.88411,31.20854],[119.86989,31.1815],[119.87455,31.15131],[119.94271,31.01782],[119.96113,30.99814],[119.99958,30.97518],[119.96475,30.97117],[119.94322,30.96326],[119.92769,30.94639],[119.90305,30.90195],[119.8974,30.87159],[119.90684,30.80372],[119.89951,30.78288],[119.89001,30.7878],[119.85216,30.82358],[119.85449,30.84473],[119.84925,30.87265],[119.82933,30.89291],[119.8015,30.89862],[119.77803,30.89643],[119.74334,30.91067],[119.72201,30.91424],[119.56956,30.90541],[119.54868,30.89935],[119.53252,30.88482],[119.49122,30.82618],[119.46698,30.82159],[119.44653,30.81249],[119.43231,30.79521],[119.4273,30.77339],[119.42759,30.72676],[119.41959,30.71955],[119.39074,30.73728],[119.36024,30.73359],[119.31836,30.71381],[119.3011,30.70017],[119.27998,30.67375],[119.24094,30.67032],[119.20943,30.65488],[119.20052,30.64526],[119.18797,30.61856],[119.19725,30.58163],[119.18983,30.54589],[119.1918,30.51916],[119.20761,30.49751],[119.23736,30.47435],[119.25724,30.46512],[119.27939,30.46558],[119.28899,30.42794],[119.2991,30.41298],[119.26525,30.3954],[119.23707,30.39069],[119.21694,30.3824],[119.18954,30.34703],[119.102,30.3715],[119.07266,30.37053],[119.05364,30.36382],[119.00713,30.39194],[118.95693,30.40694],[118.93731,30.40787],[118.91891,30.40098],[118.85047,30.35797],[118.83316,30.33919],[118.82772,30.31423],[118.83161,30.23772],[118.84057,30.21165],[118.81692,30.19666],[118.79764,30.17332],[118.79586,30.1431],[118.80481,30.10901]]],[[[121.82727,31.23323],[121.83648,31.21306],[121.808,31.24076],[121.79044,31.27308],[121.79109,31.27312],[121.82876,31.24904],[121.82727,31.23323]]],[[[121.32682,31.59817],[121.47979,31.52667],[121.46328,31.50319],[121.46307,31.48915],[121.40128,31.53246],[121.3465,31.55724],[121.29711,31.62281],[121.32682,31.59817]],[[121.45304,31.51602],[121.45566,31.52001],[121.43072,31.53167],[121.45304,31.51602]]]]}},{"type":"Feature","id":"near-3-0","properties":{"id":"near-3-0","group":"near-3","placeIds":["yangshuo"],"alpha":0.62},"geometry":{"type":"Polygon","coordinates":[[[109.47237,24.65369],[109.49168,24.68846],[109.48963,24.70439],[109.51859,24.72692],[109.51919,24.76527],[109.54025,24.78507],[109.55822,24.82154],[109.60249,24.83844],[109.62333,24.86304],[109.61237,24.96778],[109.63381,25.00883],[109.65344,25.08586],[109.63621,25.12791],[109.64174,25.16722],[109.67907,25.18718],[109.704,25.21494],[109.73871,25.28885],[109.75161,25.41588],[109.74492,25.43057],[109.7645,25.47777],[109.77549,25.49161],[109.81619,25.50114],[109.82738,25.51536],[109.82809,25.54405],[109.85991,25.57946],[109.91308,25.58484],[109.93333,25.62228],[109.91745,25.66822],[109.98682,25.68426],[110.02498,25.67569],[110.05125,25.69021],[110.12215,25.6741],[110.17642,25.69754],[110.21358,25.78198],[110.25413,25.7832],[110.27593,25.7322],[110.29756,25.63042],[110.35943,25.58653],[110.39505,25.58867],[110.44043,25.54625],[110.46244,25.50769],[110.49849,25.49975],[110.52307,25.50777],[110.50821,25.47737],[110.50855,25.43076],[110.56138,25.36515],[110.57496,25.35566],[110.61677,25.35829],[110.66035,25.34434],[110.69176,25.34483],[110.75644,25.31064],[110.73407,25.26765],[110.73651,25.23046],[110.75935,25.20286],[110.81354,25.17948],[110.82833,25.18452],[110.87247,25.23431],[110.99272,25.24199],[111.09745,25.28578],[111.10715,25.22055],[111.0644,25.18905],[110.999,25.16365],[110.95406,25.06216],[110.95502,25.01413],[110.99737,24.93568],[111.02506,24.92792],[111.07973,24.94135],[111.09306,24.96592],[111.09757,25.03811],[111.14324,25.04805],[111.19128,25.07597],[111.27236,25.15288],[111.32859,25.10755],[111.35312,25.10858],[111.38217,25.13213],[111.40384,25.108],[111.42972,25.10028],[111.41959,25.06195],[111.42455,25.04758],[111.46215,25.02058],[111.43642,24.96485],[111.44149,24.94874],[111.4634,24.93135],[111.44944,24.90048],[111.44848,24.85967],[111.47274,24.79477],[111.44833,24.69622],[111.45697,24.68392],[111.50188,24.66412],[111.52206,24.61704],[111.49065,24.54935],[111.50205,24.46383],[111.46651,24.44415],[111.43219,24.40383],[111.39432,24.3046],[111.3588,24.29184],[111.31526,24.31735],[111.27988,24.30982],[111.19799,24.34485],[111.17348,24.34755],[111.12629,24.33403],[111.08331,24.34261],[111.00949,24.32964],[110.98799,24.3038],[110.96415,24.29894],[110.92298,24.30821],[110.8895,24.27037],[110.85739,24.25907],[110.83768,24.2773],[110.83866,24.31053],[110.81638,24.33169],[110.77298,24.3177],[110.67769,24.34578],[110.63356,24.38321],[110.61145,24.39149],[110.58833,24.38723],[110.57672,24.37618],[110.57153,24.33717],[110.60845,24.29123],[110.61539,24.24882],[110.712,24.17904],[110.68457,24.12858],[110.67363,24.07692],[110.67938,24.05186],[110.69687,24.03759],[110.7428,24.02107],[110.72466,23.99473],[110.72464,23.96516],[110.75347,23.93975],[110.74189,23.90709],[110.72263,23.88884],[110.66313,23.88221],[110.62604,23.85954],[110.58417,23.89574],[110.58097,23.93291],[110.52642,24.03142],[110.50728,24.04682],[110.4836,24.04799],[110.45011,24.02002],[110.4136,24.01372],[110.39437,24.02054],[110.35706,24.06284],[110.36197,24.11754],[110.39357,24.12193],[110.40766,24.13476],[110.42509,24.16805],[110.42343,24.19871],[110.38713,24.22459],[110.36105,24.2687],[110.30958,24.2788],[110.2799,24.30667],[110.25029,24.35546],[110.20654,24.36747],[110.19413,24.41295],[110.17052,24.4367],[110.13555,24.43215],[110.10834,24.45187],[110.0488,24.42903],[110.04559,24.38893],[110.0245,24.33258],[110.03355,24.27606],[109.9989,24.25993],[109.96598,24.2604],[109.93245,24.23988],[109.87041,24.27911],[109.79815,24.24866],[109.75138,24.21571],[109.7298,24.24365],[109.6782,24.26022],[109.63367,24.25869],[109.6148,24.25089],[109.60347,24.23316],[109.58641,24.24053],[109.55897,24.23562],[109.51732,24.26232],[109.53471,24.28951],[109.53305,24.31999],[109.55384,24.34612],[109.63343,24.33312],[109.68292,24.36315],[109.69876,24.39421],[109.69206,24.41108],[109.64552,24.43785],[109.66837,24.49804],[109.65468,24.56247],[109.64167,24.57423],[109.59069,24.57744],[109.57384,24.59896],[109.49424,24.63129],[109.47237,24.65369]]]}},{"type":"Feature","id":"near-3-1","properties":{"id":"near-3-1","group":"near-3","placeIds":["yangshuo"],"alpha":0.43},"geometry":{"type":"Polygon","coordinates":[[[109.45626,24.65153],[109.45816,24.66158],[109.47488,24.69168],[109.4746,24.71057],[109.50246,24.73496],[109.50433,24.77183],[109.52697,24.79489],[109.54365,24.82872],[109.55243,24.83672],[109.5928,24.85213],[109.60645,24.86825],[109.59621,24.96609],[109.61853,25.01467],[109.63637,25.08467],[109.62118,25.12175],[109.62565,25.16948],[109.63408,25.18155],[109.66889,25.20016],[109.69031,25.22402],[109.72282,25.29325],[109.735,25.41314],[109.72867,25.43029],[109.75177,25.48787],[109.77178,25.50743],[109.80694,25.51566],[109.81127,25.52117],[109.81185,25.54445],[109.816,25.55491],[109.84782,25.59032],[109.85827,25.59563],[109.90288,25.60014],[109.91564,25.62373],[109.90209,25.66291],[109.90161,25.67186],[109.90595,25.6797],[109.98316,25.70009],[110.02252,25.6929],[110.04339,25.70444],[110.05485,25.70606],[110.12058,25.69112],[110.16412,25.70993],[110.2045,25.79545],[110.25364,25.79945],[110.26288,25.7969],[110.26908,25.78959],[110.29088,25.73859],[110.31214,25.64],[110.36416,25.60309],[110.39407,25.60489],[110.40614,25.60055],[110.45153,25.55812],[110.47297,25.52201],[110.49766,25.51657],[110.52741,25.52344],[110.53534,25.51844],[110.53919,25.50989],[110.53767,25.50063],[110.52448,25.47367],[110.52476,25.43654],[110.57258,25.37714],[110.57961,25.37224],[110.61575,25.37451],[110.66276,25.36063],[110.69936,25.3592],[110.77018,25.31931],[110.77086,25.30314],[110.75058,25.26418],[110.75238,25.23677],[110.76938,25.21623],[110.81423,25.19688],[110.86031,25.24509],[110.87143,25.25053],[110.98896,25.25803],[111.09118,25.30077],[111.10084,25.30167],[111.10929,25.2969],[111.11352,25.28817],[111.12216,25.21432],[111.07403,25.17597],[111.01115,25.15094],[110.97038,25.05888],[110.97119,25.01839],[111.0084,24.94947],[111.02533,24.94472],[111.06887,24.95541],[111.07706,24.97051],[111.08136,25.03912],[111.08524,25.04869],[111.09412,25.05398],[111.13728,25.06339],[111.18147,25.08907],[111.26788,25.16849],[111.28256,25.16553],[111.33402,25.12404],[111.34706,25.12459],[111.37194,25.14475],[111.38747,25.14749],[111.41287,25.12227],[111.44141,25.11157],[111.44543,25.09613],[111.43657,25.06258],[111.43823,25.05777],[111.47162,25.03378],[111.47839,25.02103],[111.4538,24.96374],[111.45549,24.95837],[111.47798,24.93854],[111.47965,24.93162],[111.46561,24.8968],[111.4648,24.86242],[111.48796,24.80045],[111.48851,24.79086],[111.46589,24.6995],[111.50843,24.67899],[111.51681,24.67052],[111.5383,24.6168],[111.50738,24.5468],[111.51816,24.46597],[111.51656,24.45652],[111.47696,24.43137],[111.44638,24.39543],[111.40569,24.293],[111.36429,24.27654],[111.35058,24.27782],[111.31248,24.30015],[111.27349,24.29488],[111.19381,24.32896],[111.17488,24.33105],[111.12311,24.31809],[111.08312,24.32607],[111.01817,24.31467],[111.00049,24.29341],[110.99124,24.28788],[110.96058,24.28309],[110.92879,24.29025],[110.89489,24.25504],[110.8541,24.24316],[110.82269,24.27101],[110.8222,24.30375],[110.81218,24.31326],[110.76839,24.30211],[110.6731,24.33019],[110.62521,24.36898],[110.60997,24.37469],[110.59603,24.37213],[110.59207,24.36836],[110.58856,24.34193],[110.62112,24.30141],[110.63035,24.25806],[110.72653,24.18632],[110.72628,24.17128],[110.69998,24.1229],[110.69027,24.07706],[110.69397,24.06093],[110.70499,24.05194],[110.7483,24.03636],[110.75606,24.03045],[110.75905,24.02117],[110.7409,23.98967],[110.74089,23.9725],[110.7692,23.94383],[110.7572,23.90166],[110.73381,23.87704],[110.72443,23.87269],[110.66852,23.86646],[110.63452,23.84567],[110.62471,23.84334],[110.61542,23.84724],[110.57354,23.88345],[110.56798,23.89435],[110.56507,23.92806],[110.51375,24.02076],[110.50121,24.03085],[110.48914,24.03145],[110.45287,24.00401],[110.40816,23.9984],[110.38219,24.00979],[110.34487,24.05209],[110.34087,24.06429],[110.348,24.12586],[110.35973,24.13364],[110.38635,24.13734],[110.3946,24.14485],[110.40862,24.17163],[110.40763,24.19002],[110.37314,24.21632],[110.35077,24.25415],[110.29845,24.26695],[110.26601,24.29824],[110.23975,24.3415],[110.19504,24.35599],[110.17958,24.40453],[110.16466,24.41955],[110.13765,24.41604],[110.12602,24.419],[110.10594,24.43354],[110.06418,24.41752],[110.06081,24.38324],[110.04123,24.3309],[110.04959,24.27863],[110.0479,24.26844],[110.04041,24.26133],[110.00576,24.2452],[109.97045,24.24408],[109.93233,24.22363],[109.8689,24.26084],[109.80607,24.23437],[109.75307,24.19955],[109.73851,24.20578],[109.72003,24.22973],[109.67593,24.24388],[109.63716,24.24255],[109.62574,24.23783],[109.61716,24.22441],[109.60448,24.21694],[109.58446,24.22368],[109.56183,24.21963],[109.5502,24.22194],[109.50855,24.24864],[109.50108,24.26306],[109.5182,24.29385],[109.51683,24.31911],[109.52034,24.3301],[109.54112,24.35623],[109.55646,24.36215],[109.63013,24.35012],[109.67054,24.37465],[109.68094,24.39505],[109.67905,24.39982],[109.63741,24.42376],[109.62936,24.4361],[109.65149,24.49934],[109.63988,24.55394],[109.63499,24.55837],[109.58312,24.56306],[109.56371,24.58553],[109.48812,24.61623],[109.46074,24.64234],[109.45626,24.65153]],[[109.49424,24.63129],[109.57384,24.59896],[109.59069,24.57744],[109.64167,24.57423],[109.65468,24.56247],[109.66837,24.49804],[109.64552,24.43785],[109.69206,24.41108],[109.69876,24.39421],[109.68292,24.36315],[109.63343,24.33312],[109.55384,24.34612],[109.53305,24.31999],[109.53471,24.28951],[109.51732,24.26232],[109.55897,24.23562],[109.58641,24.24053],[109.60347,24.23316],[109.6148,24.25089],[109.63367,24.25869],[109.6782,24.26022],[109.7298,24.24365],[109.75138,24.21571],[109.79815,24.24866],[109.87041,24.27911],[109.93245,24.23988],[109.96598,24.2604],[109.9989,24.25993],[110.03355,24.27606],[110.0245,24.33258],[110.04559,24.38893],[110.0488,24.42903],[110.10834,24.45187],[110.13555,24.43215],[110.17052,24.4367],[110.19413,24.41295],[110.20654,24.36747],[110.25029,24.35546],[110.2799,24.30667],[110.30958,24.2788],[110.36105,24.2687],[110.38713,24.22459],[110.42343,24.19871],[110.42509,24.16805],[110.40766,24.13476],[110.39357,24.12193],[110.36197,24.11754],[110.35706,24.06284],[110.39437,24.02054],[110.4136,24.01372],[110.45011,24.02002],[110.4836,24.04799],[110.50728,24.04682],[110.52642,24.03142],[110.58097,23.93291],[110.58417,23.89574],[110.62604,23.85954],[110.66313,23.88221],[110.72263,23.88884],[110.74189,23.90709],[110.75347,23.93975],[110.72464,23.96516],[110.72466,23.99473],[110.7428,24.02107],[110.69687,24.03759],[110.67938,24.05186],[110.67363,24.07692],[110.68457,24.12858],[110.712,24.17904],[110.61539,24.24882],[110.60845,24.29123],[110.57153,24.33717],[110.57672,24.37618],[110.58833,24.38723],[110.61145,24.39149],[110.63356,24.38321],[110.67769,24.34578],[110.77298,24.3177],[110.81638,24.33169],[110.83866,24.31053],[110.83768,24.2773],[110.85739,24.25907],[110.8895,24.27037],[110.92298,24.30821],[110.96415,24.29894],[110.98799,24.3038],[111.00949,24.32964],[111.08331,24.34261],[111.12629,24.33403],[111.17348,24.34755],[111.19799,24.34485],[111.27988,24.30982],[111.31526,24.31735],[111.3588,24.29184],[111.39432,24.3046],[111.43219,24.40383],[111.46651,24.44415],[111.50205,24.46383],[111.49065,24.54935],[111.52206,24.61704],[111.50188,24.66412],[111.45697,24.68392],[111.44833,24.69622],[111.47274,24.79477],[111.44848,24.85967],[111.44944,24.90048],[111.4634,24.93135],[111.44149,24.94874],[111.43642,24.96485],[111.46215,25.02058],[111.42455,25.04758],[111.41959,25.06195],[111.42972,25.10028],[111.40384,25.108],[111.38217,25.13213],[111.35312,25.10858],[111.32859,25.10755],[111.27236,25.15288],[111.19128,25.07597],[111.14324,25.04805],[111.09757,25.03811],[111.09306,24.96592],[111.07973,24.94135],[111.02506,24.92792],[110.99737,24.93568],[110.95502,25.01413],[110.95406,25.06216],[110.999,25.16365],[111.0644,25.18905],[111.10715,25.22055],[111.09745,25.28578],[110.99272,25.24199],[110.87247,25.23431],[110.82833,25.18452],[110.81354,25.17948],[110.75935,25.20286],[110.73651,25.23046],[110.73407,25.26765],[110.75644,25.31064],[110.69176,25.34483],[110.66035,25.34434],[110.61677,25.35829],[110.57496,25.35566],[110.56138,25.36515],[110.50855,25.43076],[110.50821,25.47737],[110.52307,25.50777],[110.49849,25.49975],[110.46244,25.50769],[110.44043,25.54625],[110.39505,25.58867],[110.35943,25.58653],[110.29756,25.63042],[110.27593,25.7322],[110.25413,25.7832],[110.21358,25.78198],[110.17642,25.69754],[110.12215,25.6741],[110.05125,25.69021],[110.02498,25.67569],[109.98682,25.68426],[109.91745,25.66822],[109.93333,25.62228],[109.91308,25.58484],[109.85991,25.57946],[109.82809,25.54405],[109.82738,25.51536],[109.81619,25.50114],[109.77549,25.49161],[109.7645,25.47777],[109.74492,25.43057],[109.75161,25.41588],[109.73871,25.28885],[109.704,25.21494],[109.67907,25.18718],[109.64174,25.16722],[109.63621,25.12791],[109.65344,25.08586],[109.63381,25.00883],[109.61237,24.96778],[109.62333,24.86304],[109.60249,24.83844],[109.55822,24.82154],[109.54025,24.78507],[109.51919,24.76527],[109.51859,24.72692],[109.48963,24.70439],[109.49168,24.68846],[109.47237,24.65369],[109.49424,24.63129]]]}},{"type":"Feature","id":"near-3-2","properties":{"id":"near-3-2","group":"near-3","placeIds":["yangshuo"],"alpha":0.25},"geometry":{"type":"Polygon","coordinates":[[[109.44015,24.64938],[109.44396,24.66947],[109.45808,24.6949],[109.45957,24.71676],[109.46967,24.73004],[109.48634,24.74301],[109.48946,24.7784],[109.5137,24.80471],[109.52907,24.83591],[109.54663,24.8519],[109.5831,24.86583],[109.58956,24.87346],[109.58005,24.96439],[109.58356,24.98282],[109.60325,25.02052],[109.6193,25.08348],[109.60614,25.11559],[109.60403,25.13244],[109.60956,25.17175],[109.6151,25.18583],[109.62642,25.19588],[109.65871,25.21315],[109.67662,25.23309],[109.70693,25.29765],[109.71839,25.41041],[109.71242,25.43001],[109.7149,25.44303],[109.73904,25.49797],[109.75003,25.51181],[109.76808,25.52326],[109.79522,25.52961],[109.7956,25.54486],[109.80392,25.56577],[109.83573,25.60118],[109.85663,25.61179],[109.89268,25.61544],[109.89795,25.62517],[109.88674,25.6576],[109.88578,25.6755],[109.89446,25.69119],[109.91013,25.69989],[109.9795,25.71593],[110.02006,25.71011],[110.03553,25.71866],[110.05846,25.72191],[110.119,25.70814],[110.15182,25.72232],[110.18384,25.79507],[110.19542,25.80893],[110.2126,25.81447],[110.25315,25.81569],[110.27163,25.8106],[110.28402,25.79598],[110.30772,25.73895],[110.32671,25.64958],[110.3689,25.61966],[110.40606,25.61925],[110.41724,25.61242],[110.46262,25.57],[110.48351,25.53633],[110.49683,25.5334],[110.51299,25.53867],[110.53174,25.5391],[110.5476,25.5291],[110.5553,25.512],[110.55227,25.4935],[110.54076,25.46996],[110.54096,25.44232],[110.58378,25.38914],[110.62668,25.38925],[110.66518,25.37692],[110.69126,25.37733],[110.70695,25.37356],[110.77163,25.33937],[110.78393,25.32799],[110.78891,25.31199],[110.78527,25.29564],[110.7671,25.26071],[110.76825,25.24308],[110.7794,25.2296],[110.81229,25.21542],[110.84814,25.25587],[110.8704,25.26674],[110.98521,25.27407],[111.08491,25.31576],[111.10423,25.31756],[111.12113,25.30803],[111.12959,25.29056],[111.1393,25.22534],[111.13716,25.20808],[111.12643,25.19439],[111.08367,25.16289],[111.02329,25.13822],[110.9867,25.0556],[110.98736,25.02265],[111.01942,24.96325],[111.02561,24.96152],[111.05802,24.96948],[111.06107,24.97511],[111.06514,25.04014],[111.07291,25.05928],[111.09066,25.06986],[111.13133,25.07872],[111.17166,25.10217],[111.25,25.17646],[111.26339,25.18411],[111.2788,25.18473],[111.29276,25.17818],[111.33945,25.14054],[111.37653,25.16414],[111.39277,25.16285],[111.40635,25.15384],[111.4219,25.13653],[111.4531,25.12285],[111.46117,25.10847],[111.46114,25.09198],[111.45433,25.06621],[111.4811,25.04698],[111.49085,25.03582],[111.49463,25.02148],[111.49165,25.00696],[111.47255,24.96558],[111.49255,24.94573],[111.4959,24.93189],[111.48178,24.89311],[111.48112,24.86517],[111.50318,24.80614],[111.50429,24.78695],[111.48455,24.70728],[111.51499,24.69386],[111.53175,24.67692],[111.55455,24.61656],[111.52411,24.54426],[111.53426,24.46812],[111.53108,24.44921],[111.51779,24.43539],[111.48742,24.41858],[111.46056,24.38702],[111.42468,24.29301],[111.41707,24.2814],[111.36979,24.26125],[111.35579,24.25948],[111.34236,24.2638],[111.3097,24.28294],[111.28665,24.27803],[111.2671,24.27994],[111.18963,24.31307],[111.17628,24.31455],[111.13525,24.30279],[111.11993,24.30216],[111.08292,24.30954],[111.02685,24.2997],[111.01298,24.28302],[110.99449,24.27196],[110.97065,24.2671],[110.93459,24.27229],[110.91384,24.24883],[110.90028,24.23971],[110.86818,24.22841],[110.85081,24.22724],[110.83533,24.23521],[110.80771,24.26472],[110.80566,24.29408],[110.78296,24.28676],[110.7638,24.28652],[110.6685,24.31461],[110.61686,24.35476],[110.60704,24.35763],[110.60558,24.34669],[110.63379,24.31159],[110.64053,24.29647],[110.6453,24.26731],[110.73103,24.20539],[110.74106,24.1936],[110.7445,24.1785],[110.74056,24.16352],[110.71539,24.11722],[110.70691,24.0772],[110.71311,24.06629],[110.7538,24.05165],[110.76933,24.03984],[110.7753,24.02127],[110.75715,23.97983],[110.77496,23.96413],[110.78493,23.94791],[110.7841,23.92889],[110.77252,23.89623],[110.74499,23.86525],[110.72623,23.85654],[110.67391,23.85071],[110.643,23.83181],[110.62338,23.82715],[110.60479,23.83495],[110.56291,23.87116],[110.55179,23.89295],[110.54918,23.92322],[110.50108,24.0101],[110.49513,24.01488],[110.47094,23.99508],[110.45564,23.98799],[110.41912,23.98169],[110.40272,23.98309],[110.37,23.99904],[110.33269,24.04134],[110.32618,24.05272],[110.32469,24.06575],[110.3296,24.12044],[110.33404,24.13417],[110.344,24.14462],[110.37913,24.15274],[110.39216,24.17521],[110.39183,24.18133],[110.35916,24.20805],[110.34049,24.23961],[110.30332,24.2469],[110.28733,24.2551],[110.25211,24.28981],[110.22922,24.32754],[110.19794,24.33613],[110.18354,24.3445],[110.17519,24.35891],[110.16503,24.39612],[110.15879,24.4024],[110.13974,24.39993],[110.11649,24.40584],[110.10354,24.41521],[110.07956,24.40602],[110.07603,24.37754],[110.05795,24.32923],[110.06564,24.2812],[110.06225,24.26082],[110.04726,24.2466],[110.01261,24.23047],[109.97493,24.22777],[109.94942,24.21216],[109.93221,24.20738],[109.91508,24.21241],[109.86739,24.24257],[109.814,24.22007],[109.77009,24.18914],[109.75477,24.18339],[109.73859,24.18583],[109.72565,24.19585],[109.71025,24.2158],[109.67366,24.22754],[109.64065,24.22641],[109.61996,24.20515],[109.60548,24.20072],[109.5825,24.20682],[109.5647,24.20363],[109.54143,24.20826],[109.49978,24.23496],[109.48845,24.24738],[109.48485,24.2638],[109.48994,24.27983],[109.50169,24.2982],[109.5006,24.31823],[109.50762,24.34022],[109.52841,24.36635],[109.54213,24.37643],[109.55908,24.37819],[109.62683,24.36713],[109.65816,24.38614],[109.6609,24.39151],[109.62931,24.40968],[109.6183,24.42008],[109.6132,24.43436],[109.61513,24.44939],[109.6346,24.50064],[109.62567,24.54267],[109.57554,24.54868],[109.55359,24.57211],[109.48201,24.60117],[109.44911,24.63099],[109.44015,24.64938]],[[109.48812,24.61623],[109.56371,24.58553],[109.58312,24.56306],[109.63499,24.55837],[109.63988,24.55394],[109.65149,24.49934],[109.62936,24.4361],[109.63741,24.42376],[109.67905,24.39982],[109.68094,24.39505],[109.67054,24.37465],[109.63013,24.35012],[109.55646,24.36215],[109.54112,24.35623],[109.52034,24.3301],[109.51683,24.31911],[109.5182,24.29385],[109.50108,24.26306],[109.50855,24.24864],[109.5502,24.22194],[109.56183,24.21963],[109.58446,24.22368],[109.60448,24.21694],[109.61716,24.22441],[109.62574,24.23783],[109.63716,24.24255],[109.67593,24.24388],[109.72003,24.22973],[109.73851,24.20578],[109.75307,24.19955],[109.80607,24.23437],[109.8689,24.26084],[109.93233,24.22363],[109.97045,24.24408],[110.00576,24.2452],[110.04041,24.26133],[110.0479,24.26844],[110.04959,24.27863],[110.04123,24.3309],[110.06081,24.38324],[110.06418,24.41752],[110.10594,24.43354],[110.12602,24.419],[110.13765,24.41604],[110.16466,24.41955],[110.17958,24.40453],[110.19504,24.35599],[110.23975,24.3415],[110.26601,24.29824],[110.29845,24.26695],[110.35077,24.25415],[110.37314,24.21632],[110.40763,24.19002],[110.40862,24.17163],[110.3946,24.14485],[110.38635,24.13734],[110.35973,24.13364],[110.348,24.12586],[110.34087,24.06429],[110.34487,24.05209],[110.38219,24.00979],[110.40816,23.9984],[110.45287,24.00401],[110.48914,24.03145],[110.50121,24.03085],[110.51375,24.02076],[110.56507,23.92806],[110.56798,23.89435],[110.57354,23.88345],[110.61542,23.84724],[110.62471,23.84334],[110.63452,23.84567],[110.66852,23.86646],[110.72443,23.87269],[110.73381,23.87704],[110.7572,23.90166],[110.7692,23.94383],[110.74089,23.9725],[110.7409,23.98967],[110.75905,24.02117],[110.75606,24.03045],[110.7483,24.03636],[110.70499,24.05194],[110.69397,24.06093],[110.69027,24.07706],[110.69998,24.1229],[110.72628,24.17128],[110.72653,24.18632],[110.63035,24.25806],[110.62112,24.30141],[110.58856,24.34193],[110.59207,24.36836],[110.59603,24.37213],[110.60997,24.37469],[110.62521,24.36898],[110.6731,24.33019],[110.76839,24.30211],[110.81218,24.31326],[110.8222,24.30375],[110.82269,24.27101],[110.8541,24.24316],[110.89489,24.25504],[110.92879,24.29025],[110.96058,24.28309],[110.99124,24.28788],[111.00049,24.29341],[111.01817,24.31467],[111.08312,24.32607],[111.12311,24.31809],[111.17488,24.33105],[111.19381,24.32896],[111.27349,24.29488],[111.31248,24.30015],[111.35058,24.27782],[111.36429,24.27654],[111.40569,24.293],[111.44638,24.39543],[111.47696,24.43137],[111.51656,24.45652],[111.51816,24.46597],[111.50738,24.5468],[111.5383,24.6168],[111.51681,24.67052],[111.50843,24.67899],[111.46589,24.6995],[111.48851,24.79086],[111.48796,24.80045],[111.4648,24.86242],[111.46561,24.8968],[111.47965,24.93162],[111.47798,24.93854],[111.45549,24.95837],[111.4538,24.96374],[111.47839,25.02103],[111.47162,25.03378],[111.43823,25.05777],[111.43657,25.06258],[111.44543,25.09613],[111.44141,25.11157],[111.41287,25.12227],[111.38747,25.14749],[111.37194,25.14475],[111.34706,25.12459],[111.33402,25.12404],[111.28256,25.16553],[111.26788,25.16849],[111.18147,25.08907],[111.13728,25.06339],[111.09412,25.05398],[111.08524,25.04869],[111.08136,25.03912],[111.07706,24.97051],[111.06887,24.95541],[111.02533,24.94472],[111.0084,24.94947],[110.97119,25.01839],[110.97038,25.05888],[111.01115,25.15094],[111.07403,25.17597],[111.12216,25.21432],[111.11352,25.28817],[111.10929,25.2969],[111.10084,25.30167],[111.09118,25.30077],[110.98896,25.25803],[110.87143,25.25053],[110.86031,25.24509],[110.81423,25.19688],[110.76938,25.21623],[110.75238,25.23677],[110.75058,25.26418],[110.77086,25.30314],[110.77018,25.31931],[110.69936,25.3592],[110.66276,25.36063],[110.61575,25.37451],[110.57961,25.37224],[110.57258,25.37714],[110.52476,25.43654],[110.52448,25.47367],[110.53767,25.50063],[110.53919,25.50989],[110.53534,25.51844],[110.52741,25.52344],[110.49766,25.51657],[110.47297,25.52201],[110.45153,25.55812],[110.40614,25.60055],[110.39407,25.60489],[110.36416,25.60309],[110.31214,25.64],[110.29088,25.73859],[110.26908,25.78959],[110.26288,25.7969],[110.25364,25.79945],[110.2045,25.79545],[110.16412,25.70993],[110.12058,25.69112],[110.05485,25.70606],[110.04339,25.70444],[110.02252,25.6929],[109.98316,25.70009],[109.90595,25.6797],[109.90161,25.67186],[109.90209,25.66291],[109.91564,25.62373],[109.90288,25.60014],[109.85827,25.59563],[109.84782,25.59032],[109.816,25.55491],[109.81185,25.54445],[109.81127,25.52117],[109.80694,25.51566],[109.77178,25.50743],[109.75177,25.48787],[109.72867,25.43029],[109.735,25.41314],[109.72282,25.29325],[109.69031,25.22402],[109.66889,25.20016],[109.63408,25.18155],[109.62565,25.16948],[109.62118,25.12175],[109.63637,25.08467],[109.61853,25.01467],[109.59621,24.96609],[109.60645,24.86825],[109.5928,24.85213],[109.55243,24.83672],[109.54365,24.82872],[109.52697,24.79489],[109.50433,24.77183],[109.50246,24.73496],[109.4746,24.71057],[109.47488,24.69168],[109.45816,24.66158],[109.45626,24.65153],[109.46074,24.64234],[109.48812,24.61623]]]}},{"type":"Feature","id":"near-3-3","properties":{"id":"near-3-3","group":"near-3","placeIds":["yangshuo"],"alpha":0.11},"geometry":{"type":"Polygon","coordinates":[[[109.42405,24.64722],[109.42975,24.67737],[109.44128,24.69812],[109.44455,24.72295],[109.47021,24.75105],[109.4746,24.78496],[109.50042,24.81453],[109.5145,24.84309],[109.54083,24.86708],[109.57262,24.87922],[109.56388,24.9627],[109.56916,24.99035],[109.58797,25.02636],[109.60222,25.08229],[109.5911,25.10943],[109.58794,25.13471],[109.59347,25.17401],[109.60178,25.19514],[109.61875,25.21021],[109.64852,25.22613],[109.66293,25.24217],[109.69105,25.30205],[109.70178,25.40767],[109.69617,25.42973],[109.69989,25.44925],[109.72631,25.50807],[109.7373,25.52191],[109.76438,25.53908],[109.77929,25.54257],[109.79183,25.57664],[109.82364,25.61204],[109.855,25.62796],[109.87895,25.63039],[109.87138,25.65229],[109.86994,25.67914],[109.88296,25.70267],[109.90647,25.71572],[109.97584,25.73176],[110.0176,25.72731],[110.02767,25.73288],[110.06206,25.73775],[110.11743,25.72516],[110.13951,25.7347],[110.16896,25.80162],[110.18633,25.8224],[110.21211,25.83071],[110.25266,25.83193],[110.28037,25.82429],[110.29896,25.80236],[110.32362,25.74233],[110.34129,25.65917],[110.37363,25.63622],[110.41157,25.63454],[110.42833,25.62429],[110.47372,25.58187],[110.49405,25.55065],[110.53607,25.55476],[110.55986,25.53976],[110.57141,25.51412],[110.56687,25.48636],[110.55704,25.46626],[110.55717,25.4481],[110.59144,25.40554],[110.63164,25.40472],[110.66759,25.39321],[110.69101,25.39357],[110.71455,25.38793],[110.77923,25.35374],[110.79767,25.33666],[110.80515,25.31267],[110.79969,25.28814],[110.78361,25.25724],[110.78412,25.24939],[110.78943,25.24298],[110.80793,25.23499],[110.83598,25.26664],[110.86936,25.28296],[110.98146,25.29012],[111.07864,25.33075],[111.10762,25.33345],[111.13298,25.31915],[111.14567,25.29295],[111.15537,25.22773],[111.15217,25.20184],[111.13607,25.18131],[111.09331,25.14981],[111.03543,25.1255],[111.00302,25.05232],[111.00353,25.02691],[111.0293,24.97916],[111.04529,24.98308],[111.04892,25.04115],[111.06058,25.06986],[111.0872,25.08574],[111.12537,25.09406],[111.16186,25.11526],[111.23882,25.18825],[111.2589,25.19973],[111.28202,25.20066],[111.30296,25.19083],[111.34016,25.16083],[111.37371,25.18014],[111.39808,25.17821],[111.41844,25.1647],[111.43093,25.15079],[111.46479,25.13414],[111.4769,25.11257],[111.47685,25.08783],[111.4729,25.07288],[111.49058,25.06018],[111.50521,25.04343],[111.51088,25.02193],[111.50641,25.00015],[111.49266,24.97037],[111.50712,24.95292],[111.51215,24.93217],[111.50782,24.91125],[111.49794,24.88942],[111.49744,24.86793],[111.51841,24.81183],[111.52006,24.78305],[111.50361,24.71663],[111.52155,24.70872],[111.54668,24.68332],[111.56686,24.63624],[111.5708,24.61632],[111.56628,24.59652],[111.54085,24.54171],[111.55037,24.47027],[111.54559,24.44191],[111.52566,24.42117],[111.49788,24.4058],[111.47475,24.37862],[111.43986,24.28722],[111.42845,24.2698],[111.4108,24.25873],[111.37528,24.24596],[111.35429,24.24329],[111.33414,24.24978],[111.30692,24.26574],[111.29003,24.26214],[111.2607,24.265],[111.18546,24.29719],[111.17768,24.29804],[111.13973,24.28717],[111.11675,24.28622],[111.08273,24.29301],[111.03553,24.28472],[111.02547,24.27263],[110.99774,24.25604],[110.9739,24.25117],[110.94039,24.25432],[110.92601,24.23806],[110.90568,24.22438],[110.87358,24.21309],[110.84752,24.21133],[110.8243,24.22328],[110.80458,24.24151],[110.79273,24.25843],[110.7902,24.27202],[110.7592,24.27093],[110.65428,24.30421],[110.66025,24.27655],[110.74054,24.21856],[110.75559,24.20087],[110.76075,24.17822],[110.75483,24.15576],[110.73079,24.11153],[110.72403,24.07963],[110.75931,24.06694],[110.78259,24.04923],[110.79155,24.02138],[110.78295,23.99341],[110.77666,23.98429],[110.7857,23.97633],[110.80066,23.95199],[110.79942,23.92346],[110.78784,23.8908],[110.77542,23.8717],[110.75617,23.85345],[110.72803,23.84039],[110.6793,23.83496],[110.65147,23.81794],[110.62205,23.81095],[110.59416,23.82266],[110.55228,23.85887],[110.5356,23.89156],[110.53329,23.91838],[110.49255,23.99195],[110.48136,23.9826],[110.4584,23.97198],[110.42189,23.96568],[110.39728,23.96778],[110.37806,23.97461],[110.35781,23.9883],[110.3205,24.03059],[110.31073,24.04766],[110.3085,24.0672],[110.31341,24.1219],[110.32008,24.14249],[110.33501,24.15816],[110.36997,24.16787],[110.37343,24.17448],[110.34517,24.19977],[110.33021,24.22507],[110.30019,24.23096],[110.2762,24.24326],[110.24653,24.27113],[110.21868,24.31358],[110.19363,24.32046],[110.17204,24.33302],[110.15951,24.35463],[110.15121,24.38503],[110.14183,24.38381],[110.10114,24.39689],[110.09495,24.39451],[110.09125,24.37185],[110.07468,24.32756],[110.08169,24.28377],[110.0766,24.25319],[110.05412,24.23186],[110.01947,24.21574],[109.9794,24.21145],[109.9579,24.1983],[109.93209,24.19113],[109.9064,24.19867],[109.86588,24.2243],[109.82192,24.20578],[109.77945,24.17586],[109.75647,24.16723],[109.7322,24.17089],[109.71279,24.18592],[109.70047,24.20187],[109.67139,24.21121],[109.64675,24.21036],[109.6282,24.19115],[109.60649,24.1845],[109.53267,24.19458],[109.49101,24.22127],[109.47402,24.23991],[109.46862,24.26455],[109.47625,24.28858],[109.48518,24.30254],[109.48438,24.31735],[109.4949,24.35034],[109.51569,24.37647],[109.53628,24.39159],[109.5617,24.39423],[109.62353,24.38413],[109.6321,24.38933],[109.60469,24.4112],[109.59705,24.43261],[109.59994,24.45516],[109.61771,24.50194],[109.61233,24.52723],[109.56797,24.5343],[109.54346,24.55868],[109.4759,24.58612],[109.45935,24.59723],[109.43748,24.61964],[109.42405,24.64722]],[[109.48201,24.60117],[109.55359,24.57211],[109.57554,24.54868],[109.62567,24.54267],[109.6346,24.50064],[109.61513,24.44939],[109.6132,24.43436],[109.6183,24.42008],[109.62931,24.40968],[109.6609,24.39151],[109.65816,24.38614],[109.62683,24.36713],[109.55908,24.37819],[109.54213,24.37643],[109.52841,24.36635],[109.50762,24.34022],[109.5006,24.31823],[109.50169,24.2982],[109.48994,24.27983],[109.48485,24.2638],[109.48845,24.24738],[109.49978,24.23496],[109.54143,24.20826],[109.5647,24.20363],[109.5825,24.20682],[109.60548,24.20072],[109.61996,24.20515],[109.64065,24.22641],[109.67366,24.22754],[109.71025,24.2158],[109.72565,24.19585],[109.73859,24.18583],[109.75477,24.18339],[109.77009,24.18914],[109.814,24.22007],[109.86739,24.24257],[109.91508,24.21241],[109.93221,24.20738],[109.94942,24.21216],[109.97493,24.22777],[110.01261,24.23047],[110.04726,24.2466],[110.06225,24.26082],[110.06564,24.2812],[110.05795,24.32923],[110.07603,24.37754],[110.07956,24.40602],[110.10354,24.41521],[110.11649,24.40584],[110.13974,24.39993],[110.15879,24.4024],[110.16503,24.39612],[110.17519,24.35891],[110.18354,24.3445],[110.19794,24.33613],[110.22922,24.32754],[110.25211,24.28981],[110.28733,24.2551],[110.30332,24.2469],[110.34049,24.23961],[110.35916,24.20805],[110.39183,24.18133],[110.39216,24.17521],[110.37913,24.15274],[110.344,24.14462],[110.33404,24.13417],[110.3296,24.12044],[110.32469,24.06575],[110.32618,24.05272],[110.33269,24.04134],[110.37,23.99904],[110.40272,23.98309],[110.41912,23.98169],[110.45564,23.98799],[110.47094,23.99508],[110.49513,24.01488],[110.50108,24.0101],[110.54918,23.92322],[110.55179,23.89295],[110.56291,23.87116],[110.60479,23.83495],[110.62338,23.82715],[110.643,23.83181],[110.67391,23.85071],[110.72623,23.85654],[110.74499,23.86525],[110.77252,23.89623],[110.7841,23.92889],[110.78493,23.94791],[110.77496,23.96413],[110.75715,23.97983],[110.7753,24.02127],[110.76933,24.03984],[110.7538,24.05165],[110.71311,24.06629],[110.70691,24.0772],[110.71539,24.11722],[110.74056,24.16352],[110.7445,24.1785],[110.74106,24.1936],[110.73103,24.20539],[110.6453,24.26731],[110.64053,24.29647],[110.63379,24.31159],[110.60558,24.34669],[110.60704,24.35763],[110.61686,24.35476],[110.6685,24.31461],[110.7638,24.28652],[110.78296,24.28676],[110.80566,24.29408],[110.80771,24.26472],[110.83533,24.23521],[110.85081,24.22724],[110.86818,24.22841],[110.90028,24.23971],[110.91384,24.24883],[110.93459,24.27229],[110.97065,24.2671],[110.99449,24.27196],[111.01298,24.28302],[111.02685,24.2997],[111.08292,24.30954],[111.11993,24.30216],[111.13525,24.30279],[111.17628,24.31455],[111.18963,24.31307],[111.2671,24.27994],[111.28665,24.27803],[111.3097,24.28294],[111.34236,24.2638],[111.35579,24.25948],[111.36979,24.26125],[111.41707,24.2814],[111.42468,24.29301],[111.46056,24.38702],[111.48742,24.41858],[111.51779,24.43539],[111.53108,24.44921],[111.53426,24.46812],[111.52411,24.54426],[111.55455,24.61656],[111.53175,24.67692],[111.51499,24.69386],[111.48455,24.70728],[111.50429,24.78695],[111.50318,24.80614],[111.48112,24.86517],[111.48178,24.89311],[111.4959,24.93189],[111.49255,24.94573],[111.47255,24.96558],[111.49165,25.00696],[111.49463,25.02148],[111.49085,25.03582],[111.4811,25.04698],[111.45433,25.06621],[111.46114,25.09198],[111.46117,25.10847],[111.4531,25.12285],[111.4219,25.13653],[111.40635,25.15384],[111.39277,25.16285],[111.37653,25.16414],[111.33945,25.14054],[111.29276,25.17818],[111.2788,25.18473],[111.26339,25.18411],[111.25,25.17646],[111.17166,25.10217],[111.13133,25.07872],[111.09066,25.06986],[111.07291,25.05928],[111.06514,25.04014],[111.06107,24.97511],[111.05802,24.96948],[111.02561,24.96152],[111.01942,24.96325],[110.98736,25.02265],[110.9867,25.0556],[111.02329,25.13822],[111.08367,25.16289],[111.12643,25.19439],[111.13716,25.20808],[111.1393,25.22534],[111.12959,25.29056],[111.12113,25.30803],[111.10423,25.31756],[111.08491,25.31576],[110.98521,25.27407],[110.8704,25.26674],[110.84814,25.25587],[110.81229,25.21542],[110.7794,25.2296],[110.76825,25.24308],[110.7671,25.26071],[110.78527,25.29564],[110.78891,25.31199],[110.78393,25.32799],[110.77163,25.33937],[110.70695,25.37356],[110.69126,25.37733],[110.66518,25.37692],[110.62668,25.38925],[110.58378,25.38914],[110.54096,25.44232],[110.54076,25.46996],[110.55227,25.4935],[110.5553,25.512],[110.5476,25.5291],[110.53174,25.5391],[110.51299,25.53867],[110.49683,25.5334],[110.48351,25.53633],[110.46262,25.57],[110.41724,25.61242],[110.40606,25.61925],[110.3689,25.61966],[110.32671,25.64958],[110.30772,25.73895],[110.28402,25.79598],[110.27163,25.8106],[110.25315,25.81569],[110.2126,25.81447],[110.19542,25.80893],[110.18384,25.79507],[110.15182,25.72232],[110.119,25.70814],[110.05846,25.72191],[110.03553,25.71866],[110.02006,25.71011],[109.9795,25.71593],[109.91013,25.69989],[109.89446,25.69119],[109.88578,25.6755],[109.88674,25.6576],[109.89795,25.62517],[109.89268,25.61544],[109.85663,25.61179],[109.83573,25.60118],[109.80392,25.56577],[109.7956,25.54486],[109.79522,25.52961],[109.76808,25.52326],[109.75003,25.51181],[109.73904,25.49797],[109.7149,25.44303],[109.71242,25.43001],[109.71839,25.41041],[109.70693,25.29765],[109.67662,25.23309],[109.65871,25.21315],[109.62642,25.19588],[109.6151,25.18583],[109.60956,25.17175],[109.60403,25.13244],[109.60614,25.11559],[109.6193,25.08348],[109.60325,25.02052],[109.58356,24.98282],[109.58005,24.96439],[109.58956,24.87346],[109.5831,24.86583],[109.54663,24.8519],[109.52907,24.83591],[109.5137,24.80471],[109.48946,24.7784],[109.48634,24.74301],[109.46967,24.73004],[109.45957,24.71676],[109.45808,24.6949],[109.44396,24.66947],[109.44015,24.64938],[109.44911,24.63099],[109.48201,24.60117]]]}},{"type":"Feature","id":"near-3-4","properties":{"id":"near-3-4","group":"near-3","placeIds":["yangshuo"],"alpha":0.035},"geometry":{"type":"Polygon","coordinates":[[[109.40794,24.64506],[109.41555,24.68526],[109.42629,24.70459],[109.42952,24.72913],[109.45409,24.75909],[109.45973,24.79153],[109.48715,24.82436],[109.49992,24.85028],[109.53504,24.88226],[109.55516,24.88995],[109.54772,24.96101],[109.55475,24.99787],[109.57269,25.03221],[109.58515,25.0811],[109.57607,25.10327],[109.57185,25.13697],[109.57738,25.17628],[109.58846,25.20444],[109.61109,25.22454],[109.63834,25.23911],[109.64924,25.25124],[109.67516,25.30645],[109.68526,25.40586],[109.67993,25.42945],[109.68488,25.45548],[109.71358,25.51817],[109.72457,25.53202],[109.76741,25.55648],[109.77974,25.5875],[109.81156,25.6229],[109.85688,25.64449],[109.8541,25.68278],[109.87146,25.71415],[109.90281,25.73155],[109.97218,25.74759],[110.01514,25.74452],[110.06566,25.7536],[110.11586,25.74218],[110.12721,25.74709],[110.15409,25.80816],[110.17725,25.83588],[110.21162,25.84695],[110.25217,25.84817],[110.28912,25.83799],[110.3139,25.80875],[110.33951,25.74571],[110.35587,25.66875],[110.37837,25.65279],[110.41707,25.64983],[110.43943,25.63616],[110.48482,25.59374],[110.50211,25.56931],[110.5404,25.57042],[110.57212,25.55042],[110.58752,25.51623],[110.57338,25.45388],[110.59882,25.42229],[110.63659,25.4202],[110.67001,25.4095],[110.69076,25.40982],[110.72214,25.40229],[110.78682,25.3681],[110.81141,25.34534],[110.82139,25.31334],[110.8141,25.28063],[110.8011,25.25564],[110.80357,25.25457],[110.82382,25.27742],[110.86832,25.29918],[110.9777,25.30616],[111.07237,25.34574],[111.11102,25.34934],[111.14482,25.33028],[111.16174,25.29534],[111.17144,25.23012],[111.16717,25.1956],[111.14571,25.16822],[111.10295,25.13672],[111.04757,25.11278],[111.01934,25.04904],[111.01969,25.03116],[111.03073,25.01072],[111.0327,25.04217],[111.04826,25.08045],[111.08374,25.10162],[111.11942,25.10939],[111.15205,25.12836],[111.22764,25.20004],[111.25442,25.21535],[111.28524,25.21659],[111.31316,25.20348],[111.34014,25.18173],[111.37089,25.19614],[111.40338,25.19357],[111.43053,25.17556],[111.43996,25.16506],[111.47648,25.14543],[111.49262,25.11666],[111.49147,25.07955],[111.51956,25.05105],[111.52712,25.02238],[111.52116,24.99334],[111.5116,24.97262],[111.52169,24.96011],[111.52839,24.93244],[111.52263,24.90456],[111.51411,24.88574],[111.51376,24.87068],[111.53363,24.81752],[111.53583,24.77914],[111.52267,24.72599],[111.56162,24.68973],[111.5818,24.64264],[111.58705,24.61608],[111.58102,24.58968],[111.55758,24.53917],[111.56648,24.47242],[111.56011,24.4346],[111.53353,24.40696],[111.50834,24.39301],[111.48893,24.37021],[111.45504,24.28142],[111.43983,24.25819],[111.4163,24.24343],[111.38078,24.23067],[111.35279,24.22711],[111.32592,24.23576],[111.30414,24.24853],[111.29341,24.24625],[111.25431,24.25006],[111.18128,24.2813],[111.14421,24.27154],[111.11357,24.27028],[111.08254,24.27648],[111.04421,24.26975],[111.03796,24.26224],[111.00099,24.24012],[110.97715,24.23525],[110.94619,24.23636],[110.91107,24.20905],[110.87897,24.19776],[110.84423,24.19542],[110.81327,24.21135],[110.79355,24.22958],[110.77709,24.25563],[110.75461,24.25535],[110.6917,24.27389],[110.75006,24.23174],[110.77012,24.20815],[110.77699,24.17795],[110.76911,24.148],[110.7462,24.10585],[110.74287,24.09012],[110.76481,24.08223],[110.79586,24.05861],[110.8078,24.02148],[110.79725,23.9872],[110.81639,23.95608],[110.81473,23.91803],[110.80315,23.88537],[110.7866,23.85991],[110.76734,23.84166],[110.72983,23.82424],[110.6847,23.81921],[110.65995,23.80408],[110.62072,23.79476],[110.58353,23.81037],[110.54165,23.84658],[110.51941,23.89016],[110.51739,23.91353],[110.48723,23.96803],[110.46116,23.95597],[110.42465,23.94966],[110.39184,23.95247],[110.37262,23.95929],[110.34563,23.97755],[110.30831,24.01984],[110.29529,24.0426],[110.29232,24.06865],[110.29723,24.12335],[110.30612,24.1508],[110.32603,24.1717],[110.34334,24.17826],[110.31993,24.21052],[110.29706,24.21501],[110.26508,24.23141],[110.2354,24.25928],[110.20814,24.29962],[110.18933,24.30479],[110.16054,24.32154],[110.14383,24.35035],[110.13874,24.36901],[110.1088,24.37662],[110.0914,24.32588],[110.09773,24.28633],[110.09095,24.24557],[110.06098,24.21713],[110.02633,24.201],[109.98387,24.19514],[109.96638,24.18444],[109.93198,24.17488],[109.89771,24.18494],[109.86436,24.20603],[109.82985,24.19149],[109.78881,24.16257],[109.75817,24.15106],[109.7258,24.15595],[109.69992,24.17599],[109.6907,24.18794],[109.66912,24.19487],[109.6543,24.19436],[109.63645,24.17715],[109.6075,24.16828],[109.5239,24.1809],[109.48224,24.20759],[109.45959,24.23244],[109.45239,24.26529],[109.46867,24.30689],[109.46815,24.31647],[109.48219,24.36045],[109.50297,24.38658],[109.53043,24.40675],[109.56431,24.41027],[109.58973,24.40612],[109.58089,24.43086],[109.58475,24.46093],[109.60082,24.50324],[109.599,24.51178],[109.5604,24.51992],[109.53333,24.54525],[109.46978,24.57106],[109.44773,24.58588],[109.42585,24.60829],[109.40794,24.64506]],[[109.45935,24.59723],[109.4759,24.58612],[109.54346,24.55868],[109.56797,24.5343],[109.61233,24.52723],[109.61771,24.50194],[109.59994,24.45516],[109.59705,24.43261],[109.60469,24.4112],[109.6321,24.38933],[109.62353,24.38413],[109.5617,24.39423],[109.53628,24.39159],[109.51569,24.37647],[109.4949,24.35034],[109.48438,24.31735],[109.48518,24.30254],[109.47625,24.28858],[109.46862,24.26455],[109.47402,24.23991],[109.49101,24.22127],[109.53267,24.19458],[109.60649,24.1845],[109.6282,24.19115],[109.64675,24.21036],[109.67139,24.21121],[109.70047,24.20187],[109.71279,24.18592],[109.7322,24.17089],[109.75647,24.16723],[109.77945,24.17586],[109.82192,24.20578],[109.86588,24.2243],[109.9064,24.19867],[109.93209,24.19113],[109.9579,24.1983],[109.9794,24.21145],[110.01947,24.21574],[110.05412,24.23186],[110.0766,24.25319],[110.08169,24.28377],[110.07468,24.32756],[110.09125,24.37185],[110.09495,24.39451],[110.10114,24.39689],[110.14183,24.38381],[110.15121,24.38503],[110.15951,24.35463],[110.17204,24.33302],[110.19363,24.32046],[110.21868,24.31358],[110.24653,24.27113],[110.2762,24.24326],[110.30019,24.23096],[110.33021,24.22507],[110.34517,24.19977],[110.37343,24.17448],[110.36997,24.16787],[110.33501,24.15816],[110.32008,24.14249],[110.31341,24.1219],[110.3085,24.0672],[110.31073,24.04766],[110.3205,24.03059],[110.35781,23.9883],[110.37806,23.97461],[110.39728,23.96778],[110.42189,23.96568],[110.4584,23.97198],[110.48136,23.9826],[110.49255,23.99195],[110.53329,23.91838],[110.5356,23.89156],[110.55228,23.85887],[110.59416,23.82266],[110.62205,23.81095],[110.65147,23.81794],[110.6793,23.83496],[110.72803,23.84039],[110.75617,23.85345],[110.77542,23.8717],[110.78784,23.8908],[110.79942,23.92346],[110.80066,23.95199],[110.7857,23.97633],[110.77666,23.98429],[110.78295,23.99341],[110.79155,24.02138],[110.78259,24.04923],[110.75931,24.06694],[110.72403,24.07963],[110.73079,24.11153],[110.75483,24.15576],[110.76075,24.17822],[110.75559,24.20087],[110.74054,24.21856],[110.66025,24.27655],[110.65428,24.30421],[110.7592,24.27093],[110.7902,24.27202],[110.79273,24.25843],[110.80458,24.24151],[110.8243,24.22328],[110.84752,24.21133],[110.87358,24.21309],[110.90568,24.22438],[110.92601,24.23806],[110.94039,24.25432],[110.9739,24.25117],[110.99774,24.25604],[111.02547,24.27263],[111.03553,24.28472],[111.08273,24.29301],[111.11675,24.28622],[111.13973,24.28717],[111.17768,24.29804],[111.18546,24.29719],[111.2607,24.265],[111.29003,24.26214],[111.30692,24.26574],[111.33414,24.24978],[111.35429,24.24329],[111.37528,24.24596],[111.4108,24.25873],[111.42845,24.2698],[111.43986,24.28722],[111.47475,24.37862],[111.49788,24.4058],[111.52566,24.42117],[111.54559,24.44191],[111.55037,24.47027],[111.54085,24.54171],[111.56628,24.59652],[111.5708,24.61632],[111.56686,24.63624],[111.54668,24.68332],[111.52155,24.70872],[111.50361,24.71663],[111.52006,24.78305],[111.51841,24.81183],[111.49744,24.86793],[111.49794,24.88942],[111.50782,24.91125],[111.51215,24.93217],[111.50712,24.95292],[111.49266,24.97037],[111.50641,25.00015],[111.51088,25.02193],[111.50521,25.04343],[111.49058,25.06018],[111.4729,25.07288],[111.47685,25.08783],[111.4769,25.11257],[111.46479,25.13414],[111.43093,25.15079],[111.41844,25.1647],[111.39808,25.17821],[111.37371,25.18014],[111.34016,25.16083],[111.30296,25.19083],[111.28202,25.20066],[111.2589,25.19973],[111.23882,25.18825],[111.16186,25.11526],[111.12537,25.09406],[111.0872,25.08574],[111.06058,25.06986],[111.04892,25.04115],[111.04529,24.98308],[111.0293,24.97916],[111.00353,25.02691],[111.00302,25.05232],[111.03543,25.1255],[111.09331,25.14981],[111.13607,25.18131],[111.15217,25.20184],[111.15537,25.22773],[111.14567,25.29295],[111.13298,25.31915],[111.10762,25.33345],[111.07864,25.33075],[110.98146,25.29012],[110.86936,25.28296],[110.83598,25.26664],[110.80793,25.23499],[110.78943,25.24298],[110.78412,25.24939],[110.78361,25.25724],[110.79969,25.28814],[110.80515,25.31267],[110.79767,25.33666],[110.77923,25.35374],[110.71455,25.38793],[110.69101,25.39357],[110.66759,25.39321],[110.63164,25.40472],[110.59144,25.40554],[110.55717,25.4481],[110.55704,25.46626],[110.56687,25.48636],[110.57141,25.51412],[110.55986,25.53976],[110.53607,25.55476],[110.49405,25.55065],[110.47372,25.58187],[110.42833,25.62429],[110.41157,25.63454],[110.37363,25.63622],[110.34129,25.65917],[110.32362,25.74233],[110.29896,25.80236],[110.28037,25.82429],[110.25266,25.83193],[110.21211,25.83071],[110.18633,25.8224],[110.16896,25.80162],[110.13951,25.7347],[110.11743,25.72516],[110.06206,25.73775],[110.02767,25.73288],[110.0176,25.72731],[109.97584,25.73176],[109.90647,25.71572],[109.88296,25.70267],[109.86994,25.67914],[109.87138,25.65229],[109.87895,25.63039],[109.855,25.62796],[109.82364,25.61204],[109.79183,25.57664],[109.77929,25.54257],[109.76438,25.53908],[109.7373,25.52191],[109.72631,25.50807],[109.69989,25.44925],[109.69617,25.42973],[109.70178,25.40767],[109.69105,25.30205],[109.66293,25.24217],[109.64852,25.22613],[109.61875,25.21021],[109.60178,25.19514],[109.59347,25.17401],[109.58794,25.13471],[109.5911,25.10943],[109.60222,25.08229],[109.58797,25.02636],[109.56916,24.99035],[109.56388,24.9627],[109.57262,24.87922],[109.54083,24.86708],[109.5145,24.84309],[109.50042,24.81453],[109.4746,24.78496],[109.47021,24.75105],[109.44455,24.72295],[109.44128,24.69812],[109.42975,24.67737],[109.42405,24.64722],[109.43748,24.61964],[109.45935,24.59723]]]}},{"type":"Feature","id":"near-4-0","properties":{"id":"near-4-0","group":"near-4","placeIds":["kyoto"],"alpha":0.62},"geometry":{"type":"Polygon","coordinates":[[[134.81655,34.85381],[134.78737,34.88797],[134.79539,34.94928],[134.84121,35.0191],[134.83596,35.06392],[134.85362,35.08997],[134.85472,35.11298],[134.90047,35.16204],[134.90392,35.25403],[134.93214,35.30094],[134.91776,35.34504],[134.9227,35.38807],[134.94627,35.41165],[134.99056,35.39145],[135.04123,35.41651],[135.04966,35.43384],[135.03548,35.47927],[135.03817,35.53629],[135.06888,35.53586],[135.13746,35.56904],[135.16529,35.60154],[135.16152,35.64732],[135.21012,35.68736],[135.27455,35.69091],[135.27337,35.6676],[135.24874,35.63643],[135.24836,35.60949],[135.28625,35.5247],[135.32221,35.52392],[135.34144,35.54914],[135.42224,35.57154],[135.43419,35.58906],[135.46087,35.60174],[135.46833,35.56814],[135.51781,35.54646],[135.52016,35.51266],[135.5314,35.49971],[135.56434,35.49336],[135.65678,35.54408],[135.69384,35.55135],[135.71487,35.56916],[135.79069,35.5572],[135.82689,35.588],[135.82845,35.62104],[135.81662,35.64123],[135.83953,35.63717],[135.8703,35.6156],[135.92986,35.62036],[135.96098,35.64413],[135.96757,35.68542],[135.95547,35.70713],[135.9581,35.72513],[136.0167,35.76268],[136.0465,35.73153],[136.06566,35.72767],[136.08748,35.73892],[136.09932,35.76436],[136.11046,35.76476],[136.15009,35.70468],[136.19103,35.70167],[136.22086,35.68047],[136.26627,35.66973],[136.27994,35.66085],[136.2938,35.62627],[136.32272,35.61574],[136.32408,35.57078],[136.33516,35.55782],[136.37328,35.55825],[136.40173,35.52586],[136.40475,35.4807],[136.42206,35.46096],[136.43643,35.4175],[136.46701,35.41279],[136.51682,35.43619],[136.54952,35.4099],[136.62233,35.40257],[136.63136,35.39055],[136.68933,35.36612],[136.68775,35.34648],[136.66524,35.32269],[136.67552,35.27624],[136.66811,35.25246],[136.67942,35.22219],[136.67712,35.1368],[136.70981,35.10823],[136.72583,35.0682],[136.75343,35.03955],[136.70674,35.01902],[136.6788,34.99129],[136.66087,34.95952],[136.66544,34.93707],[136.64328,34.8992],[136.55168,34.78388],[136.53083,34.7415],[136.52826,34.69332],[136.55586,34.6713],[136.54824,34.63523],[136.56885,34.60717],[136.61463,34.58776],[136.614,34.55771],[136.59888,34.53258],[136.43481,34.47289],[136.40971,34.42124],[136.38082,34.40454],[136.28795,34.40205],[136.25491,34.35707],[136.21476,34.3488],[136.18496,34.32332],[136.12995,34.3049],[136.11859,34.27322],[136.13071,34.2519],[136.11773,34.21593],[136.09327,34.19647],[136.03844,34.20742],[136.01643,34.22922],[135.96693,34.22611],[135.9687,34.25734],[135.94683,34.2792],[135.9097,34.29026],[135.86201,34.2842],[135.81511,34.24575],[135.80634,34.21387],[135.83003,34.19081],[135.88849,34.18344],[135.90808,34.15922],[135.90469,34.14504],[135.869,34.14972],[135.79624,34.1347],[135.76165,34.14309],[135.73582,34.12797],[135.71486,34.09475],[135.68634,34.08344],[135.66653,34.08487],[135.7103,34.1226],[135.72178,34.14929],[135.69223,34.1858],[135.70561,34.22228],[135.68629,34.24536],[135.63552,34.24671],[135.61435,34.23498],[135.57047,34.24702],[135.53345,34.24004],[135.52995,34.31863],[135.47577,34.35601],[135.40068,34.33173],[135.34543,34.33082],[135.29178,34.30081],[135.24051,34.40722],[135.20276,34.4289],[135.24174,34.45457],[135.27304,34.42594],[135.30676,34.42127],[135.33801,34.46309],[135.36899,34.48423],[135.36849,34.51647],[135.39305,34.53106],[135.40729,34.56749],[135.39598,34.62042],[135.35394,34.69682],[135.32967,34.70653],[135.30044,34.69874],[135.28997,34.68246],[135.25551,34.67205],[135.23641,34.6327],[135.20967,34.63111],[135.17478,34.64774],[135.06177,34.62549],[135.01122,34.6434],[134.96899,34.64593],[134.90499,34.68294],[134.86444,34.69045],[134.88738,34.72038],[134.88224,34.76018],[134.90752,34.80325],[134.90157,34.81982],[134.86682,34.84693],[134.81655,34.85381]]]}},{"type":"Feature","id":"near-4-1","properties":{"id":"near-4-1","group":"near-4","placeIds":["kyoto"],"alpha":0.43},"geometry":{"type":"Polygon","coordinates":[[[134.8042,34.84325],[134.77179,34.88335],[134.77928,34.95139],[134.82438,35.02308],[134.81982,35.06202],[134.8225,35.07303],[134.8376,35.09531],[134.83849,35.11376],[134.84284,35.12406],[134.88445,35.16869],[134.88768,35.25464],[134.91439,35.30295],[134.90162,35.34689],[134.90655,35.38992],[134.9112,35.39956],[134.94338,35.42764],[134.99028,35.40944],[135.02905,35.42862],[135.03222,35.43515],[135.01925,35.48003],[135.0244,35.54492],[135.0384,35.55254],[135.06527,35.55216],[135.12733,35.58219],[135.14854,35.60696],[135.14655,35.65365],[135.19979,35.69991],[135.20923,35.70359],[135.27365,35.70714],[135.28239,35.70514],[135.28874,35.69882],[135.2896,35.66678],[135.26492,35.63069],[135.26466,35.61285],[135.29689,35.54073],[135.3143,35.54035],[135.3371,35.5648],[135.41217,35.58561],[135.42722,35.60374],[135.46338,35.6178],[135.47199,35.61359],[135.47674,35.60527],[135.48241,35.57972],[135.5311,35.55582],[135.536,35.51921],[135.53999,35.51461],[135.56167,35.51042],[135.64896,35.55833],[135.68656,35.56648],[135.71048,35.58481],[135.78585,35.57442],[135.81099,35.59581],[135.81199,35.61699],[135.80038,35.64186],[135.80328,35.65051],[135.81038,35.65624],[135.84236,35.65317],[135.87484,35.63226],[135.9238,35.63618],[135.94596,35.6531],[135.95064,35.68243],[135.93939,35.70948],[135.94445,35.73394],[136.00793,35.77636],[136.02225,35.77796],[136.05471,35.74645],[136.06328,35.74473],[136.0751,35.75082],[136.09034,35.7779],[136.1179,35.7792],[136.15925,35.7203],[136.19222,35.71788],[136.22769,35.69556],[136.27513,35.68336],[136.29502,35.6669],[136.30618,35.63905],[136.33589,35.62526],[136.34258,35.57415],[136.3799,35.57309],[136.41394,35.53658],[136.41794,35.52695],[136.4206,35.48728],[136.43749,35.46606],[136.44873,35.43205],[136.46459,35.42961],[136.51875,35.45232],[136.55595,35.42558],[136.63032,35.41673],[136.64172,35.40382],[136.69564,35.3811],[136.70322,35.37456],[136.70395,35.34518],[136.69956,35.33531],[136.68297,35.31778],[136.69138,35.27975],[136.68528,35.25294],[136.69566,35.22176],[136.69357,35.144],[136.7205,35.12046],[136.73974,35.07719],[136.76902,35.04413],[136.76611,35.02938],[136.71604,35.00536],[136.69184,34.98135],[136.67801,34.95682],[136.68137,34.94031],[136.67947,34.92886],[136.6573,34.89099],[136.56549,34.77514],[136.54688,34.73731],[136.54493,34.7008],[136.57116,34.67678],[136.56564,34.63899],[136.5793,34.62038],[136.62827,34.59659],[136.63025,34.55737],[136.61281,34.52421],[136.60444,34.51731],[136.44655,34.45987],[136.42433,34.41414],[136.38896,34.39047],[136.29634,34.38601],[136.268,34.34745],[136.25818,34.34115],[136.22214,34.33373],[136.19012,34.30791],[136.14259,34.292],[136.13641,34.27476],[136.1469,34.25328],[136.13302,34.21041],[136.09709,34.18068],[136.03526,34.19148],[136.01017,34.21254],[135.95913,34.21185],[135.95272,34.21822],[135.9507,34.22703],[135.95206,34.25099],[135.93825,34.2648],[135.90835,34.27371],[135.86869,34.26867],[135.82941,34.23646],[135.82455,34.21882],[135.83746,34.20625],[135.89052,34.19956],[135.90112,34.19366],[135.92392,34.16282],[135.91687,34.13428],[135.90258,34.12893],[135.8696,34.13325],[135.79952,34.11878],[135.76419,34.12575],[135.74745,34.11595],[135.72861,34.08608],[135.72086,34.07965],[135.68517,34.06723],[135.65812,34.07097],[135.65034,34.08351],[135.65592,34.09718],[135.69686,34.13247],[135.70298,34.14669],[135.6762,34.18314],[135.68712,34.21905],[135.67853,34.22931],[135.63951,34.23035],[135.62222,34.22077],[135.61005,34.21931],[135.56979,34.23035],[135.52736,34.22497],[135.52018,34.23066],[135.51722,34.23931],[135.51408,34.30984],[135.47314,34.33808],[135.40568,34.31627],[135.34979,34.31464],[135.29971,34.28663],[135.28291,34.2872],[135.22806,34.39563],[135.18883,34.42054],[135.18834,34.43639],[135.19383,34.44247],[135.23946,34.47066],[135.25271,34.46656],[135.28027,34.44134],[135.29948,34.43868],[135.325,34.47282],[135.35261,34.49272],[135.35431,34.5244],[135.37995,34.54218],[135.39038,34.56886],[135.38059,34.61468],[135.3425,34.6839],[135.32864,34.68944],[135.3107,34.68466],[135.29467,34.6669],[135.26702,34.65855],[135.25103,34.6256],[135.23737,34.61648],[135.20267,34.61644],[135.17264,34.63076],[135.06491,34.60955],[135.00796,34.62732],[134.96801,34.62971],[134.89928,34.66747],[134.85405,34.67795],[134.84836,34.69277],[134.8704,34.72495],[134.86613,34.75811],[134.86823,34.76841],[134.88965,34.80491],[134.88786,34.8099],[134.86027,34.83142],[134.81435,34.83771],[134.8042,34.84325]],[[134.86682,34.84693],[134.90157,34.81982],[134.90752,34.80325],[134.88224,34.76018],[134.88738,34.72038],[134.86444,34.69045],[134.90499,34.68294],[134.96899,34.64593],[135.01122,34.6434],[135.06177,34.62549],[135.17478,34.64774],[135.20967,34.63111],[135.23641,34.6327],[135.25551,34.67205],[135.28997,34.68246],[135.30044,34.69874],[135.32967,34.70653],[135.35394,34.69682],[135.39598,34.62042],[135.40729,34.56749],[135.39305,34.53106],[135.36849,34.51647],[135.36899,34.48423],[135.33801,34.46309],[135.30676,34.42127],[135.27304,34.42594],[135.24174,34.45457],[135.20276,34.4289],[135.24051,34.40722],[135.29178,34.30081],[135.34543,34.33082],[135.40068,34.33173],[135.47577,34.35601],[135.52995,34.31863],[135.53345,34.24004],[135.57047,34.24702],[135.61435,34.23498],[135.63552,34.24671],[135.68629,34.24536],[135.70561,34.22228],[135.69223,34.1858],[135.72178,34.14929],[135.7103,34.1226],[135.66653,34.08487],[135.68634,34.08344],[135.71486,34.09475],[135.73582,34.12797],[135.76165,34.14309],[135.79624,34.1347],[135.869,34.14972],[135.90469,34.14504],[135.90808,34.15922],[135.88849,34.18344],[135.83003,34.19081],[135.80634,34.21387],[135.81511,34.24575],[135.86201,34.2842],[135.9097,34.29026],[135.94683,34.2792],[135.9687,34.25734],[135.96693,34.22611],[136.01643,34.22922],[136.03844,34.20742],[136.09327,34.19647],[136.11773,34.21593],[136.13071,34.2519],[136.11859,34.27322],[136.12995,34.3049],[136.18496,34.32332],[136.21476,34.3488],[136.25491,34.35707],[136.28795,34.40205],[136.38082,34.40454],[136.40971,34.42124],[136.43481,34.47289],[136.59888,34.53258],[136.614,34.55771],[136.61463,34.58776],[136.56885,34.60717],[136.54824,34.63523],[136.55586,34.6713],[136.52826,34.69332],[136.53083,34.7415],[136.55168,34.78388],[136.64328,34.8992],[136.66544,34.93707],[136.66087,34.95952],[136.6788,34.99129],[136.70674,35.01902],[136.75343,35.03955],[136.72583,35.0682],[136.70981,35.10823],[136.67712,35.1368],[136.67942,35.22219],[136.66811,35.25246],[136.67552,35.27624],[136.66524,35.32269],[136.68775,35.34648],[136.68933,35.36612],[136.63136,35.39055],[136.62233,35.40257],[136.54952,35.4099],[136.51682,35.43619],[136.46701,35.41279],[136.43643,35.4175],[136.42206,35.46096],[136.40475,35.4807],[136.40173,35.52586],[136.37328,35.55825],[136.33516,35.55782],[136.32408,35.57078],[136.32272,35.61574],[136.2938,35.62627],[136.27994,35.66085],[136.26627,35.66973],[136.22086,35.68047],[136.19103,35.70167],[136.15009,35.70468],[136.11046,35.76476],[136.09932,35.76436],[136.08748,35.73892],[136.06566,35.72767],[136.0465,35.73153],[136.0167,35.76268],[135.9581,35.72513],[135.95547,35.70713],[135.96757,35.68542],[135.96098,35.64413],[135.92986,35.62036],[135.8703,35.6156],[135.83953,35.63717],[135.81662,35.64123],[135.82845,35.62104],[135.82689,35.588],[135.79069,35.5572],[135.71487,35.56916],[135.69384,35.55135],[135.65678,35.54408],[135.56434,35.49336],[135.5314,35.49971],[135.52016,35.51266],[135.51781,35.54646],[135.46833,35.56814],[135.46087,35.60174],[135.43419,35.58906],[135.42224,35.57154],[135.34144,35.54914],[135.32221,35.52392],[135.28625,35.5247],[135.24836,35.60949],[135.24874,35.63643],[135.27337,35.6676],[135.27455,35.69091],[135.21012,35.68736],[135.16152,35.64732],[135.16529,35.60154],[135.13746,35.56904],[135.06888,35.53586],[135.03817,35.53629],[135.03548,35.47927],[135.04966,35.43384],[135.04123,35.41651],[134.99056,35.39145],[134.94627,35.41165],[134.9227,35.38807],[134.91776,35.34504],[134.93214,35.30094],[134.90392,35.25403],[134.90047,35.16204],[134.85472,35.11298],[134.85362,35.08997],[134.83596,35.06392],[134.84121,35.0191],[134.79539,34.94928],[134.78737,34.88797],[134.81655,34.85381],[134.86682,34.84693]]]}},{"type":"Feature","id":"near-4-2","properties":{"id":"near-4-2","group":"near-4","placeIds":["kyoto"],"alpha":0.25},"geometry":{"type":"Polygon","coordinates":[[[134.79184,34.8327],[134.75621,34.87873],[134.76317,34.9535],[134.76822,34.96711],[134.80756,35.02705],[134.80368,35.06013],[134.80905,35.08215],[134.82159,35.10065],[134.82226,35.11454],[134.83095,35.13514],[134.86844,35.17535],[134.87144,35.25525],[134.87607,35.27079],[134.89664,35.30497],[134.88548,35.34874],[134.89041,35.39177],[134.89971,35.41105],[134.92328,35.43463],[134.94048,35.44363],[134.95975,35.44122],[134.99,35.42743],[135.01392,35.43926],[135.00302,35.4808],[135.0057,35.53782],[135.01063,35.55355],[135.02263,35.56484],[135.03863,35.56879],[135.06165,35.56846],[135.11719,35.59533],[135.13178,35.61238],[135.12913,35.64465],[135.13158,35.65997],[135.14085,35.67241],[135.18946,35.71245],[135.20834,35.71981],[135.27276,35.72336],[135.29023,35.71937],[135.30294,35.70673],[135.30701,35.68928],[135.30583,35.66596],[135.29887,35.64744],[135.28109,35.62494],[135.28096,35.61621],[135.3071,35.55771],[135.3156,35.56885],[135.33276,35.58046],[135.40209,35.59968],[135.42024,35.61841],[135.44692,35.6311],[135.46589,35.63385],[135.48311,35.62544],[135.4926,35.60879],[135.49649,35.59129],[135.53086,35.57623],[135.54438,35.56518],[135.55023,35.54872],[135.55161,35.52891],[135.55899,35.52749],[135.64115,35.57257],[135.67928,35.58161],[135.7061,35.60046],[135.71993,35.60127],[135.781,35.59163],[135.79509,35.60362],[135.79553,35.61293],[135.78414,35.64249],[135.78994,35.65979],[135.80415,35.67124],[135.82228,35.67323],[135.8452,35.66918],[135.87938,35.64893],[135.91774,35.652],[135.93093,35.66207],[135.9337,35.67943],[135.92708,35.69131],[135.92332,35.71183],[135.93079,35.74275],[135.94057,35.75249],[135.99916,35.79005],[136.01311,35.79498],[136.0278,35.79323],[136.04019,35.78515],[136.06199,35.76235],[136.08136,35.79145],[136.10929,35.79724],[136.12535,35.79365],[136.13758,35.78265],[136.16841,35.73592],[136.19341,35.73408],[136.20986,35.72816],[136.23452,35.71064],[136.27376,35.70136],[136.29764,35.68811],[136.3101,35.67295],[136.31857,35.65184],[136.33384,35.64628],[136.34906,35.63478],[136.35521,35.61672],[136.356,35.59056],[136.38651,35.58793],[136.42615,35.54731],[136.43416,35.52803],[136.43644,35.49385],[136.45291,35.47117],[136.46104,35.4466],[136.50301,35.4656],[136.52068,35.46846],[136.53719,35.46152],[136.56237,35.44127],[136.6383,35.43088],[136.65208,35.41709],[136.70195,35.39607],[136.71711,35.38299],[136.72173,35.36352],[136.72015,35.34388],[136.71136,35.32414],[136.7007,35.31288],[136.70725,35.28326],[136.70245,35.25342],[136.71191,35.22132],[136.71002,35.15121],[136.73998,35.12031],[136.75365,35.08617],[136.77684,35.06209],[136.78461,35.04871],[136.78532,35.03325],[136.77879,35.01922],[136.76651,35.0098],[136.72534,34.99169],[136.70489,34.9714],[136.69514,34.95412],[136.69729,34.94356],[136.69349,34.92066],[136.67133,34.88278],[136.5793,34.7664],[136.56293,34.73312],[136.5616,34.70829],[136.57613,34.6967],[136.58645,34.68227],[136.58766,34.66457],[136.58305,34.64274],[136.58976,34.6336],[136.62731,34.61768],[136.64191,34.60542],[136.64712,34.58708],[136.64649,34.55703],[136.64185,34.54096],[136.62673,34.51583],[136.60999,34.50204],[136.45829,34.44685],[136.43894,34.40704],[136.42598,34.39311],[136.39709,34.3764],[136.3817,34.37205],[136.30472,34.36998],[136.2811,34.33783],[136.26146,34.32524],[136.22952,34.31866],[136.19528,34.2925],[136.15522,34.27909],[136.16309,34.25467],[136.1483,34.2049],[136.13796,34.19049],[136.10091,34.16488],[136.08691,34.1646],[136.03208,34.17555],[136.01557,34.18432],[136.00392,34.19587],[135.96897,34.19367],[135.95133,34.1976],[135.93851,34.21033],[135.93448,34.22794],[135.93543,34.24465],[135.92967,34.2504],[135.90699,34.25716],[135.87538,34.25314],[135.84277,34.22377],[135.89255,34.21568],[135.91376,34.20388],[135.93977,34.16641],[135.9363,34.13749],[135.92905,34.12353],[135.91609,34.11461],[135.90046,34.11281],[135.8702,34.11678],[135.80281,34.10287],[135.76674,34.10841],[135.75908,34.10393],[135.74235,34.07741],[135.72685,34.06454],[135.684,34.05102],[135.64972,34.05706],[135.63892,34.06774],[135.63415,34.08215],[135.63644,34.09716],[135.64531,34.10949],[135.68417,34.1441],[135.66696,34.16535],[135.66017,34.18048],[135.66771,34.21334],[135.64351,34.21398],[135.63009,34.20655],[135.60575,34.20364],[135.56912,34.21369],[135.53947,34.2081],[135.52126,34.20991],[135.50691,34.22127],[135.50098,34.23859],[135.4982,34.30105],[135.47051,34.32015],[135.41068,34.30081],[135.35415,34.29846],[135.30765,34.27245],[135.29068,34.26833],[135.27403,34.27359],[135.2625,34.28671],[135.2156,34.38405],[135.18658,34.40072],[135.17489,34.41219],[135.17028,34.42791],[135.17392,34.44388],[135.18489,34.45604],[135.22387,34.48171],[135.23717,34.48675],[135.25134,34.48562],[135.29221,34.45609],[135.31198,34.48255],[135.33622,34.50122],[135.34012,34.53232],[135.36685,34.5533],[135.37347,34.57024],[135.36519,34.60894],[135.33107,34.67097],[135.32096,34.67058],[135.29937,34.65135],[135.27853,34.64505],[135.26565,34.61851],[135.25447,34.60568],[135.23834,34.60026],[135.2116,34.59867],[135.19568,34.60177],[135.1705,34.61378],[135.06805,34.5936],[135.05092,34.59486],[135.00469,34.61123],[134.96704,34.61349],[134.95272,34.6178],[134.89356,34.652],[134.85852,34.65849],[134.84366,34.66545],[134.8341,34.67879],[134.83227,34.69509],[134.83864,34.71021],[134.85343,34.72951],[134.85001,34.75603],[134.85421,34.77663],[134.86988,34.80332],[134.85373,34.81592],[134.81214,34.82161],[134.79184,34.8327]],[[134.86027,34.83142],[134.88786,34.8099],[134.88965,34.80491],[134.86823,34.76841],[134.86613,34.75811],[134.8704,34.72495],[134.84836,34.69277],[134.85405,34.67795],[134.89928,34.66747],[134.96801,34.62971],[135.00796,34.62732],[135.06491,34.60955],[135.17264,34.63076],[135.20267,34.61644],[135.23737,34.61648],[135.25103,34.6256],[135.26702,34.65855],[135.29467,34.6669],[135.3107,34.68466],[135.32864,34.68944],[135.3425,34.6839],[135.38059,34.61468],[135.39038,34.56886],[135.37995,34.54218],[135.35431,34.5244],[135.35261,34.49272],[135.325,34.47282],[135.29948,34.43868],[135.28027,34.44134],[135.25271,34.46656],[135.23946,34.47066],[135.19383,34.44247],[135.18834,34.43639],[135.18883,34.42054],[135.22806,34.39563],[135.28291,34.2872],[135.29971,34.28663],[135.34979,34.31464],[135.40568,34.31627],[135.47314,34.33808],[135.51408,34.30984],[135.51722,34.23931],[135.52018,34.23066],[135.52736,34.22497],[135.56979,34.23035],[135.61005,34.21931],[135.62222,34.22077],[135.63951,34.23035],[135.67853,34.22931],[135.68712,34.21905],[135.6762,34.18314],[135.70298,34.14669],[135.69686,34.13247],[135.65592,34.09718],[135.65034,34.08351],[135.65812,34.07097],[135.68517,34.06723],[135.72086,34.07965],[135.72861,34.08608],[135.74745,34.11595],[135.76419,34.12575],[135.79952,34.11878],[135.8696,34.13325],[135.90258,34.12893],[135.91687,34.13428],[135.92392,34.16282],[135.90112,34.19366],[135.89052,34.19956],[135.83746,34.20625],[135.82455,34.21882],[135.82941,34.23646],[135.86869,34.26867],[135.90835,34.27371],[135.93825,34.2648],[135.95206,34.25099],[135.9507,34.22703],[135.95272,34.21822],[135.95913,34.21185],[136.01017,34.21254],[136.03526,34.19148],[136.09709,34.18068],[136.13302,34.21041],[136.1469,34.25328],[136.13641,34.27476],[136.14259,34.292],[136.19012,34.30791],[136.22214,34.33373],[136.25818,34.34115],[136.268,34.34745],[136.29634,34.38601],[136.38896,34.39047],[136.42433,34.41414],[136.44655,34.45987],[136.60444,34.51731],[136.61281,34.52421],[136.63025,34.55737],[136.62827,34.59659],[136.5793,34.62038],[136.56564,34.63899],[136.57116,34.67678],[136.54493,34.7008],[136.54688,34.73731],[136.56549,34.77514],[136.6573,34.89099],[136.67947,34.92886],[136.68137,34.94031],[136.67801,34.95682],[136.69184,34.98135],[136.71604,35.00536],[136.76611,35.02938],[136.76902,35.04413],[136.73974,35.07719],[136.7205,35.12046],[136.69357,35.144],[136.69566,35.22176],[136.68528,35.25294],[136.69138,35.27975],[136.68297,35.31778],[136.69956,35.33531],[136.70395,35.34518],[136.70322,35.37456],[136.69564,35.3811],[136.64172,35.40382],[136.63032,35.41673],[136.55595,35.42558],[136.51875,35.45232],[136.46459,35.42961],[136.44873,35.43205],[136.43749,35.46606],[136.4206,35.48728],[136.41794,35.52695],[136.41394,35.53658],[136.3799,35.57309],[136.34258,35.57415],[136.33589,35.62526],[136.30618,35.63905],[136.29502,35.6669],[136.27513,35.68336],[136.22769,35.69556],[136.19222,35.71788],[136.15925,35.7203],[136.1179,35.7792],[136.09034,35.7779],[136.0751,35.75082],[136.06328,35.74473],[136.05471,35.74645],[136.02225,35.77796],[136.00793,35.77636],[135.94445,35.73394],[135.93939,35.70948],[135.95064,35.68243],[135.94596,35.6531],[135.9238,35.63618],[135.87484,35.63226],[135.84236,35.65317],[135.81038,35.65624],[135.80328,35.65051],[135.80038,35.64186],[135.81199,35.61699],[135.81099,35.59581],[135.78585,35.57442],[135.71048,35.58481],[135.68656,35.56648],[135.64896,35.55833],[135.56167,35.51042],[135.53999,35.51461],[135.536,35.51921],[135.5311,35.55582],[135.48241,35.57972],[135.47674,35.60527],[135.47199,35.61359],[135.46338,35.6178],[135.42722,35.60374],[135.41217,35.58561],[135.3371,35.5648],[135.3143,35.54035],[135.29689,35.54073],[135.26466,35.61285],[135.26492,35.63069],[135.2896,35.66678],[135.28874,35.69882],[135.28239,35.70514],[135.27365,35.70714],[135.20923,35.70359],[135.19979,35.69991],[135.14655,35.65365],[135.14854,35.60696],[135.12733,35.58219],[135.06527,35.55216],[135.0384,35.55254],[135.0244,35.54492],[135.01925,35.48003],[135.03222,35.43515],[135.02905,35.42862],[134.99028,35.40944],[134.94338,35.42764],[134.9112,35.39956],[134.90655,35.38992],[134.90162,35.34689],[134.91439,35.30295],[134.88768,35.25464],[134.88445,35.16869],[134.84284,35.12406],[134.83849,35.11376],[134.8376,35.09531],[134.8225,35.07303],[134.81982,35.06202],[134.82438,35.02308],[134.77928,34.95139],[134.77179,34.88335],[134.8042,34.84325],[134.81435,34.83771],[134.86027,34.83142]]]}},{"type":"Feature","id":"near-4-3","properties":{"id":"near-4-3","group":"near-4","placeIds":["kyoto"],"alpha":0.11},"geometry":{"type":"Polygon","coordinates":[[[134.77949,34.82214],[134.7503,34.85631],[134.74063,34.87411],[134.73903,34.8943],[134.74706,34.95561],[134.75464,34.97603],[134.79073,35.03103],[134.78754,35.05824],[134.7956,35.09127],[134.80558,35.10599],[134.80603,35.11532],[134.81907,35.14623],[134.85243,35.18201],[134.85521,35.25586],[134.86215,35.27917],[134.87889,35.30699],[134.86933,35.35059],[134.87426,35.39362],[134.88822,35.42254],[134.91179,35.44612],[134.93759,35.45962],[134.9665,35.45601],[134.98971,35.44542],[134.99427,35.44767],[134.98678,35.48156],[134.98947,35.53859],[134.99686,35.56217],[135.01486,35.57911],[135.03886,35.58504],[135.05804,35.58476],[135.10706,35.60848],[135.11503,35.6178],[135.11293,35.64332],[135.11661,35.6663],[135.13052,35.68495],[135.17913,35.72499],[135.20744,35.73604],[135.27187,35.73959],[135.29808,35.73361],[135.31713,35.71464],[135.32324,35.68846],[135.32206,35.66514],[135.31162,35.63737],[135.29736,35.61933],[135.31254,35.58538],[135.32842,35.59612],[135.39202,35.61375],[135.41326,35.63309],[135.43994,35.64577],[135.4684,35.64991],[135.49423,35.63729],[135.51056,35.60286],[135.53738,35.59111],[135.55767,35.57454],[135.56636,35.55007],[135.63333,35.58682],[135.672,35.59674],[135.70171,35.61611],[135.72246,35.61732],[135.77616,35.60885],[135.7679,35.64312],[135.7766,35.66907],[135.79791,35.68625],[135.82512,35.68924],[135.84803,35.68518],[135.88392,35.66559],[135.91167,35.66781],[135.91677,35.67644],[135.90724,35.71418],[135.91714,35.75156],[135.9318,35.76617],[135.9904,35.80373],[136.01131,35.81113],[136.03335,35.8085],[136.0588,35.7892],[136.07238,35.80499],[136.09758,35.81308],[136.13279,35.80809],[136.15115,35.7916],[136.17758,35.75154],[136.1946,35.75029],[136.21927,35.74141],[136.24134,35.72572],[136.2775,35.71717],[136.3065,35.70173],[136.32518,35.679],[136.33095,35.66463],[136.36223,35.6443],[136.37176,35.60699],[136.39313,35.60278],[136.40991,35.59042],[136.43836,35.55803],[136.45037,35.52912],[136.45229,35.50043],[136.47092,35.46848],[136.4961,35.48031],[136.52261,35.48459],[136.54737,35.47418],[136.5688,35.45695],[136.62721,35.45108],[136.64628,35.44503],[136.66243,35.43036],[136.70826,35.41104],[136.73099,35.39143],[136.73792,35.36222],[136.73634,35.34257],[136.71843,35.30797],[136.72312,35.28676],[136.71962,35.2539],[136.72815,35.22088],[136.72647,35.15841],[136.74189,35.14493],[136.75506,35.12635],[136.76755,35.09516],[136.78854,35.07337],[136.8002,35.05329],[136.80126,35.0301],[136.79147,35.00905],[136.77305,34.99492],[136.73465,34.97803],[136.71793,34.96145],[136.71227,34.95141],[136.70752,34.91245],[136.68535,34.87457],[136.59311,34.75766],[136.57898,34.72893],[136.57828,34.71578],[136.60175,34.68776],[136.60356,34.66121],[136.60049,34.6467],[136.63366,34.63264],[136.65555,34.61425],[136.66337,34.58674],[136.66274,34.55669],[136.65578,34.53259],[136.64066,34.50745],[136.61555,34.48677],[136.47003,34.43383],[136.45356,34.39993],[136.43412,34.37904],[136.40523,34.36234],[136.38213,34.35581],[136.31311,34.35395],[136.29419,34.32821],[136.26474,34.30932],[136.2369,34.30359],[136.21665,34.28627],[136.17536,34.2687],[136.17928,34.25605],[136.17657,34.23535],[136.16359,34.19938],[136.14808,34.17777],[136.12362,34.15832],[136.10474,34.14909],[136.08373,34.14866],[136.0289,34.15961],[135.99766,34.17919],[135.96998,34.17745],[135.94983,34.18194],[135.95562,34.17],[135.95211,34.13372],[135.94123,34.11277],[135.9218,34.09939],[135.89835,34.0967],[135.87081,34.10031],[135.8061,34.08695],[135.77006,34.09089],[135.7561,34.06874],[135.73284,34.04944],[135.70432,34.03812],[135.66301,34.03625],[135.64131,34.04316],[135.62511,34.05917],[135.61795,34.08079],[135.6214,34.10331],[135.6347,34.1218],[135.66216,34.14546],[135.64413,34.17782],[135.64591,34.19674],[135.63796,34.19234],[135.60145,34.18797],[135.56844,34.19703],[135.54249,34.19213],[135.51517,34.19485],[135.49364,34.21189],[135.48475,34.23787],[135.48233,34.29226],[135.46788,34.30222],[135.41568,34.28534],[135.35851,34.28228],[135.31558,34.25826],[135.29013,34.25209],[135.26515,34.25998],[135.24786,34.27965],[135.20315,34.37246],[135.17849,34.38662],[135.16095,34.40383],[135.15404,34.42741],[135.1595,34.45136],[135.17595,34.46961],[135.21493,34.49528],[135.23488,34.50283],[135.25614,34.50114],[135.28832,34.47803],[135.29897,34.49228],[135.31984,34.50971],[135.32594,34.54025],[135.35375,34.56441],[135.35656,34.57161],[135.3498,34.60321],[135.32372,34.65062],[135.30407,34.63579],[135.29004,34.63156],[135.28026,34.61141],[135.2635,34.59217],[135.2393,34.58404],[135.21256,34.58244],[135.18869,34.58711],[135.16837,34.5968],[135.07119,34.57766],[135.04549,34.57954],[135.00143,34.59515],[134.96607,34.59727],[134.94458,34.60373],[134.88785,34.63653],[134.85556,34.64251],[134.83327,34.65296],[134.81893,34.67296],[134.81619,34.69742],[134.82574,34.7201],[134.83646,34.73408],[134.83389,34.75395],[134.8402,34.78486],[134.84866,34.79927],[134.80994,34.80551],[134.77949,34.82214]],[[135.9187,34.23671],[135.90564,34.2406],[135.88207,34.23761],[135.8776,34.23395],[135.89459,34.23181],[135.92094,34.21713],[135.9187,34.23671]],[[134.85373,34.81592],[134.86988,34.80332],[134.85421,34.77663],[134.85001,34.75603],[134.85343,34.72951],[134.83864,34.71021],[134.83227,34.69509],[134.8341,34.67879],[134.84366,34.66545],[134.85852,34.65849],[134.89356,34.652],[134.95272,34.6178],[134.96704,34.61349],[135.00469,34.61123],[135.05092,34.59486],[135.06805,34.5936],[135.1705,34.61378],[135.19568,34.60177],[135.2116,34.59867],[135.23834,34.60026],[135.25447,34.60568],[135.26565,34.61851],[135.27853,34.64505],[135.29937,34.65135],[135.32096,34.67058],[135.33107,34.67097],[135.36519,34.60894],[135.37347,34.57024],[135.36685,34.5533],[135.34012,34.53232],[135.33622,34.50122],[135.31198,34.48255],[135.29221,34.45609],[135.25134,34.48562],[135.23717,34.48675],[135.22387,34.48171],[135.18489,34.45604],[135.17392,34.44388],[135.17028,34.42791],[135.17489,34.41219],[135.18658,34.40072],[135.2156,34.38405],[135.2625,34.28671],[135.27403,34.27359],[135.29068,34.26833],[135.30765,34.27245],[135.35415,34.29846],[135.41068,34.30081],[135.47051,34.32015],[135.4982,34.30105],[135.50098,34.23859],[135.50691,34.22127],[135.52126,34.20991],[135.53947,34.2081],[135.56912,34.21369],[135.60575,34.20364],[135.63009,34.20655],[135.64351,34.21398],[135.66771,34.21334],[135.66017,34.18048],[135.66696,34.16535],[135.68417,34.1441],[135.64531,34.10949],[135.63644,34.09716],[135.63415,34.08215],[135.63892,34.06774],[135.64972,34.05706],[135.684,34.05102],[135.72685,34.06454],[135.74235,34.07741],[135.75908,34.10393],[135.76674,34.10841],[135.80281,34.10287],[135.8702,34.11678],[135.90046,34.11281],[135.91609,34.11461],[135.92905,34.12353],[135.9363,34.13749],[135.93977,34.16641],[135.91376,34.20388],[135.89255,34.21568],[135.84277,34.22377],[135.87538,34.25314],[135.90699,34.25716],[135.92967,34.2504],[135.93543,34.24465],[135.93448,34.22794],[135.93851,34.21033],[135.95133,34.1976],[135.96897,34.19367],[136.00392,34.19587],[136.01557,34.18432],[136.03208,34.17555],[136.08691,34.1646],[136.10091,34.16488],[136.13796,34.19049],[136.1483,34.2049],[136.16309,34.25467],[136.15522,34.27909],[136.19528,34.2925],[136.22952,34.31866],[136.26146,34.32524],[136.2811,34.33783],[136.30472,34.36998],[136.3817,34.37205],[136.39709,34.3764],[136.42598,34.39311],[136.43894,34.40704],[136.45829,34.44685],[136.60999,34.50204],[136.62673,34.51583],[136.64185,34.54096],[136.64649,34.55703],[136.64712,34.58708],[136.64191,34.60542],[136.62731,34.61768],[136.58976,34.6336],[136.58305,34.64274],[136.58766,34.66457],[136.58645,34.68227],[136.57613,34.6967],[136.5616,34.70829],[136.56293,34.73312],[136.5793,34.7664],[136.67133,34.88278],[136.69349,34.92066],[136.69729,34.94356],[136.69514,34.95412],[136.70489,34.9714],[136.72534,34.99169],[136.76651,35.0098],[136.77879,35.01922],[136.78532,35.03325],[136.78461,35.04871],[136.77684,35.06209],[136.75365,35.08617],[136.73998,35.12031],[136.71002,35.15121],[136.71191,35.22132],[136.70245,35.25342],[136.70725,35.28326],[136.7007,35.31288],[136.71136,35.32414],[136.72015,35.34388],[136.72173,35.36352],[136.71711,35.38299],[136.70195,35.39607],[136.65208,35.41709],[136.6383,35.43088],[136.56237,35.44127],[136.53719,35.46152],[136.52068,35.46846],[136.50301,35.4656],[136.46104,35.4466],[136.45291,35.47117],[136.43644,35.49385],[136.43416,35.52803],[136.42615,35.54731],[136.38651,35.58793],[136.356,35.59056],[136.35521,35.61672],[136.34906,35.63478],[136.33384,35.64628],[136.31857,35.65184],[136.3101,35.67295],[136.29764,35.68811],[136.27376,35.70136],[136.23452,35.71064],[136.20986,35.72816],[136.19341,35.73408],[136.16841,35.73592],[136.13758,35.78265],[136.12535,35.79365],[136.10929,35.79724],[136.08136,35.79145],[136.06199,35.76235],[136.04019,35.78515],[136.0278,35.79323],[136.01311,35.79498],[135.99916,35.79005],[135.94057,35.75249],[135.93079,35.74275],[135.92332,35.71183],[135.92708,35.69131],[135.9337,35.67943],[135.93093,35.66207],[135.91774,35.652],[135.87938,35.64893],[135.8452,35.66918],[135.82228,35.67323],[135.80415,35.67124],[135.78994,35.65979],[135.78414,35.64249],[135.79553,35.61293],[135.79509,35.60362],[135.781,35.59163],[135.71993,35.60127],[135.7061,35.60046],[135.67928,35.58161],[135.64115,35.57257],[135.55899,35.52749],[135.55161,35.52891],[135.55023,35.54872],[135.54438,35.56518],[135.53086,35.57623],[135.49649,35.59129],[135.4926,35.60879],[135.48311,35.62544],[135.46589,35.63385],[135.44692,35.6311],[135.42024,35.61841],[135.40209,35.59968],[135.33276,35.58046],[135.3156,35.56885],[135.3071,35.55771],[135.28096,35.61621],[135.28109,35.62494],[135.29887,35.64744],[135.30583,35.66596],[135.30701,35.68928],[135.30294,35.70673],[135.29023,35.71937],[135.27276,35.72336],[135.20834,35.71981],[135.18946,35.71245],[135.14085,35.67241],[135.13158,35.65997],[135.12913,35.64465],[135.13178,35.61238],[135.11719,35.59533],[135.06165,35.56846],[135.03863,35.56879],[135.02263,35.56484],[135.01063,35.55355],[135.0057,35.53782],[135.00302,35.4808],[135.01392,35.43926],[134.99,35.42743],[134.95975,35.44122],[134.94048,35.44363],[134.92328,35.43463],[134.89971,35.41105],[134.89041,35.39177],[134.88548,35.34874],[134.89664,35.30497],[134.87607,35.27079],[134.87144,35.25525],[134.86844,35.17535],[134.83095,35.13514],[134.82226,35.11454],[134.82159,35.10065],[134.80905,35.08215],[134.80368,35.06013],[134.80756,35.02705],[134.76822,34.96711],[134.76317,34.9535],[134.75621,34.87873],[134.79184,34.8327],[134.81214,34.82161],[134.85373,34.81592]]]}},{"type":"Feature","id":"near-4-4","properties":{"id":"near-4-4","group":"near-4","placeIds":["kyoto"],"alpha":0.035},"geometry":{"type":"MultiPolygon","coordinates":[[[[134.76713,34.81159],[134.73795,34.84575],[134.72505,34.86948],[134.72292,34.89641],[134.73094,34.95772],[134.74105,34.98494],[134.7739,35.035],[134.7714,35.05634],[134.78215,35.10039],[134.80718,35.15731],[134.83642,35.18866],[134.83897,35.25647],[134.84822,35.28754],[134.86114,35.30901],[134.85319,35.35244],[134.85812,35.39547],[134.87672,35.43402],[134.90029,35.4576],[134.9347,35.47562],[134.97201,35.47094],[134.97324,35.53935],[134.98309,35.5708],[135.00709,35.59338],[135.03909,35.60128],[135.05442,35.60107],[135.09692,35.62163],[135.10164,35.67262],[135.12019,35.69749],[135.1688,35.73753],[135.20655,35.75226],[135.27097,35.75581],[135.30592,35.74784],[135.33133,35.72255],[135.33947,35.68764],[135.33829,35.66433],[135.32437,35.62729],[135.31622,35.61697],[135.31982,35.6089],[135.38348,35.62824],[135.40629,35.64776],[135.43297,35.66045],[135.4709,35.66597],[135.50535,35.64914],[135.52464,35.61444],[135.5439,35.606],[135.57095,35.58389],[135.57475,35.57321],[135.62551,35.60106],[135.66473,35.61188],[135.69733,35.63175],[135.72499,35.63337],[135.75548,35.62856],[135.75166,35.64375],[135.76326,35.67836],[135.79167,35.70126],[135.82795,35.70524],[135.85087,35.70118],[135.88845,35.68226],[135.89732,35.68297],[135.89116,35.71653],[135.90348,35.76037],[135.92303,35.77985],[135.98163,35.81741],[136.00952,35.82729],[136.0389,35.82378],[136.05748,35.81165],[136.0634,35.81853],[136.097,35.82932],[136.14024,35.82253],[136.16471,35.80055],[136.18674,35.76716],[136.22868,35.75466],[136.24817,35.74081],[136.28124,35.73298],[136.31535,35.71536],[136.34333,35.67741],[136.3754,35.65382],[136.38681,35.62029],[136.39975,35.61762],[136.42212,35.60114],[136.45057,35.56875],[136.46658,35.5302],[136.46814,35.507],[136.47876,35.49012],[136.48919,35.49502],[136.52454,35.50073],[136.55755,35.48685],[136.57522,35.47264],[136.62884,35.46725],[136.65427,35.45919],[136.67127,35.44426],[136.71457,35.42602],[136.74488,35.39987],[136.75412,35.36092],[136.75254,35.34127],[136.73595,35.304],[136.73898,35.29027],[136.73679,35.25437],[136.74439,35.22044],[136.74292,35.16562],[136.77015,35.13239],[136.78146,35.10415],[136.80025,35.08464],[136.81579,35.05788],[136.8172,35.02696],[136.80415,34.99889],[136.77959,34.98004],[136.74395,34.96437],[136.73098,34.95151],[136.72154,34.90424],[136.69938,34.86637],[136.60692,34.74892],[136.59503,34.72475],[136.61704,34.69325],[136.61916,34.65644],[136.64,34.6476],[136.6692,34.62308],[136.67961,34.5864],[136.67899,34.55635],[136.6697,34.52421],[136.65458,34.49908],[136.62111,34.4715],[136.48177,34.42081],[136.46817,34.39283],[136.44225,34.36497],[136.41336,34.34827],[136.38257,34.33956],[136.3215,34.33792],[136.30729,34.31858],[136.26801,34.2934],[136.24428,34.28852],[136.22721,34.27392],[136.19523,34.25821],[136.19185,34.22984],[136.17888,34.19387],[136.15819,34.16505],[136.13373,34.1456],[136.10856,34.13329],[136.08054,34.13273],[136.02572,34.14367],[135.99141,34.16252],[135.9714,34.16126],[135.96791,34.12995],[135.95342,34.10202],[135.9275,34.08417],[135.89624,34.08059],[135.87141,34.08385],[135.80938,34.07104],[135.77758,34.07234],[135.76984,34.06007],[135.73883,34.03433],[135.71031,34.02302],[135.68165,34.01861],[135.66184,34.02004],[135.6329,34.02925],[135.6113,34.0506],[135.60176,34.07943],[135.60636,34.10945],[135.62409,34.13411],[135.64028,34.14806],[135.62818,34.17601],[135.59715,34.1723],[135.56776,34.18036],[135.5455,34.17616],[135.50907,34.17978],[135.48038,34.20251],[135.46852,34.23714],[135.46525,34.2843],[135.42068,34.26988],[135.36287,34.2661],[135.32351,34.24408],[135.28958,34.23585],[135.25628,34.24637],[135.23322,34.2726],[135.19069,34.36088],[135.17039,34.37253],[135.14701,34.39548],[135.1378,34.42691],[135.14508,34.45885],[135.16701,34.48318],[135.20599,34.50885],[135.23259,34.51892],[135.26095,34.51667],[135.28607,34.50212],[135.30434,34.51881],[135.31175,34.54818],[135.33928,34.57472],[135.33441,34.59747],[135.31804,34.62723],[135.30155,34.61806],[135.29488,34.60431],[135.27253,34.57866],[135.24027,34.56781],[135.21353,34.56622],[135.18169,34.57244],[135.16623,34.57981],[135.07433,34.56172],[135.04006,34.56422],[134.99817,34.57906],[134.96509,34.58105],[134.93645,34.58966],[134.88214,34.62106],[134.8526,34.62653],[134.82289,34.64046],[134.80376,34.66713],[134.80011,34.69974],[134.81948,34.73864],[134.81778,34.75187],[134.82495,34.78705],[134.80773,34.78941],[134.76713,34.81159]],[[134.84866,34.79927],[134.8402,34.78486],[134.83389,34.75395],[134.83646,34.73408],[134.82574,34.7201],[134.81619,34.69742],[134.81893,34.67296],[134.83327,34.65296],[134.85556,34.64251],[134.88785,34.63653],[134.94458,34.60373],[134.96607,34.59727],[135.00143,34.59515],[135.04549,34.57954],[135.07119,34.57766],[135.16837,34.5968],[135.18869,34.58711],[135.21256,34.58244],[135.2393,34.58404],[135.2635,34.59217],[135.28026,34.61141],[135.29004,34.63156],[135.30407,34.63579],[135.32372,34.65062],[135.3498,34.60321],[135.35656,34.57161],[135.35375,34.56441],[135.32594,34.54025],[135.31984,34.50971],[135.29897,34.49228],[135.28832,34.47803],[135.25614,34.50114],[135.23488,34.50283],[135.21493,34.49528],[135.17595,34.46961],[135.1595,34.45136],[135.15404,34.42741],[135.16095,34.40383],[135.17849,34.38662],[135.20315,34.37246],[135.24786,34.27965],[135.26515,34.25998],[135.29013,34.25209],[135.31558,34.25826],[135.35851,34.28228],[135.41568,34.28534],[135.46788,34.30222],[135.48233,34.29226],[135.48475,34.23787],[135.49364,34.21189],[135.51517,34.19485],[135.54249,34.19213],[135.56844,34.19703],[135.60145,34.18797],[135.63796,34.19234],[135.64591,34.19674],[135.64413,34.17782],[135.66216,34.14546],[135.6347,34.1218],[135.6214,34.10331],[135.61795,34.08079],[135.62511,34.05917],[135.64131,34.04316],[135.66301,34.03625],[135.70432,34.03812],[135.73284,34.04944],[135.7561,34.06874],[135.77006,34.09089],[135.8061,34.08695],[135.87081,34.10031],[135.89835,34.0967],[135.9218,34.09939],[135.94123,34.11277],[135.95211,34.13372],[135.95562,34.17],[135.94983,34.18194],[135.96998,34.17745],[135.99766,34.17919],[136.0289,34.15961],[136.08373,34.14866],[136.10474,34.14909],[136.12362,34.15832],[136.14808,34.17777],[136.16359,34.19938],[136.17657,34.23535],[136.17928,34.25605],[136.17536,34.2687],[136.21665,34.28627],[136.2369,34.30359],[136.26474,34.30932],[136.29419,34.32821],[136.31311,34.35395],[136.38213,34.35581],[136.40523,34.36234],[136.43412,34.37904],[136.45356,34.39993],[136.47003,34.43383],[136.61555,34.48677],[136.64066,34.50745],[136.65578,34.53259],[136.66274,34.55669],[136.66337,34.58674],[136.65555,34.61425],[136.63366,34.63264],[136.60049,34.6467],[136.60356,34.66121],[136.60175,34.68776],[136.57828,34.71578],[136.57898,34.72893],[136.59311,34.75766],[136.68535,34.87457],[136.70752,34.91245],[136.71227,34.95141],[136.71793,34.96145],[136.73465,34.97803],[136.77305,34.99492],[136.79147,35.00905],[136.80126,35.0301],[136.8002,35.05329],[136.78854,35.07337],[136.76755,35.09516],[136.75506,35.12635],[136.74189,35.14493],[136.72647,35.15841],[136.72815,35.22088],[136.71962,35.2539],[136.72312,35.28676],[136.71843,35.30797],[136.73634,35.34257],[136.73792,35.36222],[136.73099,35.39143],[136.70826,35.41104],[136.66243,35.43036],[136.64628,35.44503],[136.62721,35.45108],[136.5688,35.45695],[136.54737,35.47418],[136.52261,35.48459],[136.4961,35.48031],[136.47092,35.46848],[136.45229,35.50043],[136.45037,35.52912],[136.43836,35.55803],[136.40991,35.59042],[136.39313,35.60278],[136.37176,35.60699],[136.36223,35.6443],[136.33095,35.66463],[136.32518,35.679],[136.3065,35.70173],[136.2775,35.71717],[136.24134,35.72572],[136.21927,35.74141],[136.1946,35.75029],[136.17758,35.75154],[136.15115,35.7916],[136.13279,35.80809],[136.09758,35.81308],[136.07238,35.80499],[136.0588,35.7892],[136.03335,35.8085],[136.01131,35.81113],[135.9904,35.80373],[135.9318,35.76617],[135.91714,35.75156],[135.90724,35.71418],[135.91677,35.67644],[135.91167,35.66781],[135.88392,35.66559],[135.84803,35.68518],[135.82512,35.68924],[135.79791,35.68625],[135.7766,35.66907],[135.7679,35.64312],[135.77616,35.60885],[135.72246,35.61732],[135.70171,35.61611],[135.672,35.59674],[135.63333,35.58682],[135.56636,35.55007],[135.55767,35.57454],[135.53738,35.59111],[135.51056,35.60286],[135.49423,35.63729],[135.4684,35.64991],[135.43994,35.64577],[135.41326,35.63309],[135.39202,35.61375],[135.32842,35.59612],[135.31254,35.58538],[135.29736,35.61933],[135.31162,35.63737],[135.32206,35.66514],[135.32324,35.68846],[135.31713,35.71464],[135.29808,35.73361],[135.27187,35.73959],[135.20744,35.73604],[135.17913,35.72499],[135.13052,35.68495],[135.11661,35.6663],[135.11293,35.64332],[135.11503,35.6178],[135.10706,35.60848],[135.05804,35.58476],[135.03886,35.58504],[135.01486,35.57911],[134.99686,35.56217],[134.98947,35.53859],[134.98678,35.48156],[134.99427,35.44767],[134.98971,35.44542],[134.9665,35.45601],[134.93759,35.45962],[134.91179,35.44612],[134.88822,35.42254],[134.87426,35.39362],[134.86933,35.35059],[134.87889,35.30699],[134.86215,35.27917],[134.85521,35.25586],[134.85243,35.18201],[134.81907,35.14623],[134.80603,35.11532],[134.80558,35.10599],[134.7956,35.09127],[134.78754,35.05824],[134.79073,35.03103],[134.75464,34.97603],[134.74706,34.95561],[134.73903,34.8943],[134.74063,34.87411],[134.7503,34.85631],[134.77949,34.82214],[134.80994,34.80551],[134.84866,34.79927]]],[[[135.89459,34.23181],[135.8776,34.23395],[135.88207,34.23761],[135.90564,34.2406],[135.9187,34.23671],[135.92094,34.21713],[135.89459,34.23181]]]]}},{"type":"Feature","id":"near-5-0","properties":{"id":"near-5-0","group":"near-5","placeIds":["kamakura","shibuya"],"alpha":0.62},"geometry":{"type":"MultiPolygon","coordinates":[[[[138.53889,35.1526],[138.52005,35.18444],[138.53254,35.21691],[138.51691,35.25648],[138.51365,35.31305],[138.53437,35.34778],[138.53273,35.40897],[138.57979,35.44946],[138.58256,35.4782],[138.61702,35.51701],[138.61216,35.57185],[138.58648,35.59079],[138.59763,35.63065],[138.61761,35.65973],[138.61774,35.7098],[138.66079,35.67666],[138.69483,35.6866],[138.74164,35.78832],[138.76809,35.79277],[138.78075,35.80548],[138.80317,35.8546],[138.78859,35.89066],[138.73035,35.90999],[138.73388,35.93794],[138.71372,35.97105],[138.71463,35.98778],[138.75472,36.03389],[138.82722,36.03982],[138.86932,36.07817],[138.94239,36.09748],[138.95886,36.12328],[138.9846,36.12063],[139.03716,36.14115],[139.05884,36.16174],[139.06658,36.20002],[139.13014,36.28181],[139.21513,36.25426],[139.24719,36.26072],[139.26738,36.31904],[139.26848,36.36014],[139.30802,36.37729],[139.33574,36.37018],[139.35331,36.37603],[139.40696,36.44463],[139.46258,36.43498],[139.49902,36.3947],[139.50833,36.35505],[139.54697,36.33641],[139.5484,36.28193],[139.57612,36.26743],[139.60536,36.27302],[139.62064,36.29453],[139.6116,36.37001],[139.63538,36.39131],[139.64261,36.41461],[139.62939,36.44114],[139.5852,36.46947],[139.56734,36.49663],[139.60955,36.48202],[139.63588,36.4888],[139.73443,36.48451],[139.76981,36.43702],[139.79617,36.4236],[139.8323,36.44859],[139.84604,36.48502],[139.87218,36.4688],[139.87507,36.43158],[139.95555,36.37216],[140.04128,36.37757],[140.06736,36.4025],[140.10019,36.39736],[140.13181,36.41342],[140.18439,36.39716],[140.19008,36.3851],[140.17487,36.35306],[140.18813,36.3243],[140.21196,36.31658],[140.25623,36.27453],[140.31718,36.27925],[140.37958,36.25809],[140.39794,36.23023],[140.44706,36.1943],[140.44959,36.16565],[140.46976,36.13308],[140.52378,36.12355],[140.59109,35.97381],[140.63562,35.93139],[140.6124,35.91441],[140.60901,35.8972],[140.6232,35.86947],[140.64655,35.85455],[140.64988,35.82762],[140.59831,35.75379],[140.60803,35.69284],[140.62316,35.67252],[140.49972,35.57981],[140.4286,35.49294],[140.39655,35.40232],[140.39471,35.35002],[140.41453,35.3059],[140.39139,35.19908],[140.37702,35.18156],[140.35081,35.17557],[140.31445,35.1361],[140.24984,35.12973],[140.20511,35.11084],[140.16898,35.12291],[140.11727,35.11015],[140.08664,35.06773],[140.03284,35.04784],[139.98722,35.01506],[139.9642,34.97524],[139.96148,34.94046],[139.92063,34.90924],[139.83468,34.90606],[139.81646,34.93335],[139.75401,34.96525],[139.75418,34.97706],[139.79395,34.97823],[139.82174,34.99379],[139.82648,35.00955],[139.81192,35.03784],[139.83508,35.12932],[139.81666,35.17241],[139.82753,35.19789],[139.85774,35.22158],[139.86271,35.24003],[139.84127,35.28559],[139.78767,35.31322],[139.81043,35.32038],[139.84284,35.37158],[139.87383,35.37158],[139.88961,35.38108],[139.90407,35.43065],[139.94309,35.44398],[139.96984,35.47015],[140.00865,35.48098],[140.07697,35.55512],[140.07994,35.59591],[140.01278,35.65455],[139.95915,35.66006],[139.90116,35.61869],[139.86314,35.6291],[139.84593,35.62234],[139.81857,35.5715],[139.82327,35.53898],[139.69594,35.44854],[139.68671,35.39921],[139.66128,35.38054],[139.6558,35.33496],[139.68357,35.27435],[139.7439,35.25639],[139.7237,35.21285],[139.68471,35.20399],[139.67393,35.19114],[139.67632,35.14006],[139.6089,35.1438],[139.60377,35.2278],[139.57718,35.25343],[139.56798,35.29058],[139.53074,35.30855],[139.34259,35.31232],[139.21203,35.27792],[139.15465,35.23974],[139.13726,35.19111],[139.15903,35.14267],[139.11925,35.14097],[139.10719,35.13195],[139.08869,35.10976],[139.08,35.07728],[139.09988,35.04039],[139.10381,34.97663],[139.14593,34.95376],[139.13809,34.89141],[139.08535,34.851],[139.04777,34.76934],[139.02189,34.75785],[138.99218,34.71935],[138.96615,34.7236],[138.93109,34.76607],[138.87752,34.78258],[138.88725,34.83111],[138.86696,34.85492],[138.82193,34.87772],[138.7998,34.87589],[138.77847,34.86051],[138.75463,34.86841],[138.78201,34.91938],[138.76335,34.97227],[138.78597,35.02658],[138.84987,35.01717],[138.87315,35.03894],[138.87398,35.05539],[138.84887,35.09045],[138.79267,35.12095],[138.71812,35.13764],[138.63972,35.11593],[138.57185,35.15154],[138.53889,35.1526]]],[[[139.44398,34.7487],[139.4498,34.70144],[139.44116,34.68254],[139.39438,34.68468],[139.36485,34.69949],[139.35366,34.71607],[139.35261,34.78696],[139.36588,34.79775],[139.40377,34.78734],[139.44398,34.7487]]]]}},{"type":"Feature","id":"near-5-1","properties":{"id":"near-5-1","group":"near-5","placeIds":["kamakura","shibuya"],"alpha":0.43},"geometry":{"type":"MultiPolygon","coordinates":[[[[138.5249,35.14432],[138.50386,35.18308],[138.5151,35.21683],[138.50069,35.25555],[138.49742,35.31212],[138.518,35.35206],[138.51787,35.41555],[138.56424,35.45752],[138.57041,35.48899],[138.60021,35.52256],[138.59662,35.56312],[138.57684,35.57771],[138.57111,35.5855],[138.57083,35.59517],[138.58199,35.63503],[138.60137,35.66479],[138.60396,35.71841],[138.61058,35.72438],[138.61936,35.72597],[138.66416,35.69457],[138.68317,35.70012],[138.72688,35.79511],[138.73176,35.80122],[138.76025,35.80793],[138.76718,35.81488],[138.78548,35.85499],[138.77634,35.8776],[138.72523,35.89457],[138.71499,35.90468],[138.71704,35.93434],[138.6975,35.97193],[138.70236,35.99844],[138.74245,36.04455],[138.75339,36.05008],[138.82037,36.05556],[138.86516,36.09388],[138.9321,36.11157],[138.9518,36.13791],[138.98235,36.1372],[139.02828,36.15513],[139.04393,36.16999],[139.05375,36.20999],[139.11731,36.29178],[139.12537,36.29734],[139.13516,36.29727],[139.21609,36.27103],[139.23487,36.27482],[139.25121,36.32198],[139.25502,36.36924],[139.30156,36.3922],[139.33515,36.38711],[139.34352,36.3899],[139.40112,36.4598],[139.46536,36.45099],[139.47463,36.44588],[139.51107,36.4056],[139.52238,36.36632],[139.56062,36.34522],[139.56439,36.2919],[139.57863,36.28446],[139.59589,36.28776],[139.60376,36.29883],[139.59639,36.37574],[139.62119,36.40042],[139.62515,36.4132],[139.61685,36.42988],[139.57163,36.46054],[139.55376,36.4877],[139.55245,36.50314],[139.56468,36.51266],[139.61024,36.49898],[139.63659,36.50504],[139.74204,36.49887],[139.78057,36.44978],[139.7949,36.44248],[139.81889,36.45907],[139.83657,36.49823],[139.8455,36.50126],[139.8546,36.49883],[139.88607,36.47724],[139.8907,36.44024],[139.96044,36.38875],[140.03434,36.39341],[140.06249,36.41801],[140.09751,36.41423],[140.12446,36.42791],[140.13662,36.42895],[140.18919,36.41268],[140.19909,36.40409],[140.20633,36.38509],[140.19281,36.35296],[140.19991,36.33756],[140.22315,36.32836],[140.26218,36.29129],[140.3224,36.29464],[140.3848,36.27347],[140.39315,36.26703],[140.40989,36.24162],[140.46122,36.20229],[140.46544,36.17092],[140.47975,36.14782],[140.53376,36.13637],[140.6046,35.98338],[140.65146,35.93504],[140.65085,35.92572],[140.62712,35.90504],[140.62604,35.89959],[140.63566,35.8808],[140.66029,35.86322],[140.66601,35.82962],[140.66321,35.81831],[140.61539,35.74986],[140.62344,35.69934],[140.63619,35.68223],[140.6381,35.66613],[140.51105,35.568],[140.44297,35.48485],[140.4127,35.39926],[140.41108,35.35323],[140.42935,35.31256],[140.43041,35.30246],[140.40395,35.18878],[140.38959,35.17126],[140.35934,35.16085],[140.32641,35.12509],[140.31605,35.11992],[140.25389,35.1138],[140.21143,35.09587],[140.19996,35.09543],[140.1683,35.10601],[140.12696,35.09581],[140.09228,35.05249],[140.04054,35.03336],[139.99954,35.0039],[139.98012,34.9703],[139.97576,34.9327],[139.9305,34.89633],[139.92123,34.893],[139.82729,34.89159],[139.8053,34.92081],[139.74009,34.95686],[139.73793,34.97728],[139.74584,34.99101],[139.78949,34.99436],[139.80807,35.00476],[139.79617,35.04182],[139.81798,35.12799],[139.80041,35.17241],[139.81258,35.20427],[139.84345,35.23103],[139.84547,35.2385],[139.82892,35.27368],[139.78022,35.29877],[139.7716,35.31078],[139.77225,35.31835],[139.78279,35.32872],[139.79988,35.33409],[139.835,35.38582],[139.86932,35.38783],[139.87579,35.39173],[139.89232,35.44188],[139.93436,35.45816],[139.96548,35.48581],[139.99983,35.49539],[140.06117,35.56196],[140.06314,35.589],[140.00598,35.63891],[139.96359,35.64327],[139.904,35.60269],[139.86406,35.612],[139.85742,35.60939],[139.83542,35.56852],[139.83935,35.5413],[139.83268,35.52573],[139.71071,35.43909],[139.70268,35.39622],[139.69633,35.38612],[139.67657,35.37161],[139.67248,35.33756],[139.69527,35.28782],[139.74853,35.27197],[139.75622,35.26698],[139.75999,35.25862],[139.75864,35.24955],[139.73392,35.20022],[139.69365,35.18936],[139.69046,35.18556],[139.69255,35.14082],[139.69049,35.13211],[139.68414,35.12582],[139.608,35.12757],[139.59501,35.13536],[139.58794,35.22049],[139.5614,35.24953],[139.55404,35.27926],[139.52687,35.29237],[139.34453,35.29603],[139.21878,35.26289],[139.16814,35.2292],[139.15476,35.1918],[139.17385,35.14934],[139.17286,35.13414],[139.15972,35.12644],[139.12496,35.12495],[139.10346,35.1021],[139.09737,35.07931],[139.1161,35.04139],[139.11948,34.98662],[139.16039,34.96118],[139.16206,34.95174],[139.15422,34.88938],[139.14798,34.87851],[139.09843,34.84055],[139.06253,34.76255],[139.05436,34.75449],[139.03224,34.74466],[138.99815,34.70423],[138.96353,34.70756],[138.95362,34.71325],[138.92166,34.75197],[138.86599,34.77113],[138.86159,34.78578],[138.86976,34.82657],[138.8567,34.84189],[138.81869,34.86114],[138.80564,34.86006],[138.78093,34.84445],[138.74952,34.85299],[138.74189,34.85833],[138.73844,34.86698],[138.74031,34.8761],[138.76429,34.92074],[138.74803,34.96686],[138.74835,34.97851],[138.77096,35.03282],[138.77506,35.03863],[138.78833,35.04265],[138.84449,35.03439],[138.85725,35.04632],[138.85746,35.05054],[138.83783,35.07795],[138.78691,35.10558],[138.71853,35.12089],[138.64406,35.10027],[138.63218,35.10154],[138.56761,35.13542],[138.53837,35.13635],[138.5249,35.14432]],[[138.57185,35.15154],[138.63972,35.11593],[138.71812,35.13764],[138.79267,35.12095],[138.84887,35.09045],[138.87398,35.05539],[138.87315,35.03894],[138.84987,35.01717],[138.78597,35.02658],[138.76335,34.97227],[138.78201,34.91938],[138.75463,34.86841],[138.77847,34.86051],[138.7998,34.87589],[138.82193,34.87772],[138.86696,34.85492],[138.88725,34.83111],[138.87752,34.78258],[138.93109,34.76607],[138.96615,34.7236],[138.99218,34.71935],[139.02189,34.75785],[139.04777,34.76934],[139.08535,34.851],[139.13809,34.89141],[139.14593,34.95376],[139.10381,34.97663],[139.09988,35.04039],[139.08,35.07728],[139.08869,35.10976],[139.10719,35.13195],[139.11925,35.14097],[139.15903,35.14267],[139.13726,35.19111],[139.15465,35.23974],[139.21203,35.27792],[139.34259,35.31232],[139.53074,35.30855],[139.56798,35.29058],[139.57718,35.25343],[139.60377,35.2278],[139.6089,35.1438],[139.67632,35.14006],[139.67393,35.19114],[139.68471,35.20399],[139.7237,35.21285],[139.7439,35.25639],[139.68357,35.27435],[139.6558,35.33496],[139.66128,35.38054],[139.68671,35.39921],[139.69594,35.44854],[139.82327,35.53898],[139.81857,35.5715],[139.84593,35.62234],[139.86314,35.6291],[139.90116,35.61869],[139.95915,35.66006],[140.01278,35.65455],[140.07994,35.59591],[140.07697,35.55512],[140.00865,35.48098],[139.96984,35.47015],[139.94309,35.44398],[139.90407,35.43065],[139.88961,35.38108],[139.87383,35.37158],[139.84284,35.37158],[139.81043,35.32038],[139.78767,35.31322],[139.84127,35.28559],[139.86271,35.24003],[139.85774,35.22158],[139.82753,35.19789],[139.81666,35.17241],[139.83508,35.12932],[139.81192,35.03784],[139.82648,35.00955],[139.82174,34.99379],[139.79395,34.97823],[139.75418,34.97706],[139.75401,34.96525],[139.81646,34.93335],[139.83468,34.90606],[139.92063,34.90924],[139.96148,34.94046],[139.9642,34.97524],[139.98722,35.01506],[140.03284,35.04784],[140.08664,35.06773],[140.11727,35.11015],[140.16898,35.12291],[140.20511,35.11084],[140.24984,35.12973],[140.31445,35.1361],[140.35081,35.17557],[140.37702,35.18156],[140.39139,35.19908],[140.41453,35.3059],[140.39471,35.35002],[140.39655,35.40232],[140.4286,35.49294],[140.49972,35.57981],[140.62316,35.67252],[140.60803,35.69284],[140.59831,35.75379],[140.64988,35.82762],[140.64655,35.85455],[140.6232,35.86947],[140.60901,35.8972],[140.6124,35.91441],[140.63562,35.93139],[140.59109,35.97381],[140.52378,36.12355],[140.46976,36.13308],[140.44959,36.16565],[140.44706,36.1943],[140.39794,36.23023],[140.37958,36.25809],[140.31718,36.27925],[140.25623,36.27453],[140.21196,36.31658],[140.18813,36.3243],[140.17487,36.35306],[140.19008,36.3851],[140.18439,36.39716],[140.13181,36.41342],[140.10019,36.39736],[140.06736,36.4025],[140.04128,36.37757],[139.95555,36.37216],[139.87507,36.43158],[139.87218,36.4688],[139.84604,36.48502],[139.8323,36.44859],[139.79617,36.4236],[139.76981,36.43702],[139.73443,36.48451],[139.63588,36.4888],[139.60955,36.48202],[139.56734,36.49663],[139.5852,36.46947],[139.62939,36.44114],[139.64261,36.41461],[139.63538,36.39131],[139.6116,36.37001],[139.62064,36.29453],[139.60536,36.27302],[139.57612,36.26743],[139.5484,36.28193],[139.54697,36.33641],[139.50833,36.35505],[139.49902,36.3947],[139.46258,36.43498],[139.40696,36.44463],[139.35331,36.37603],[139.33574,36.37018],[139.30802,36.37729],[139.26848,36.36014],[139.26738,36.31904],[139.24719,36.26072],[139.21513,36.25426],[139.13014,36.28181],[139.06658,36.20002],[139.05884,36.16174],[139.03716,36.14115],[138.9846,36.12063],[138.95886,36.12328],[138.94239,36.09748],[138.86932,36.07817],[138.82722,36.03982],[138.75472,36.03389],[138.71463,35.98778],[138.71372,35.97105],[138.73388,35.93794],[138.73035,35.90999],[138.78859,35.89066],[138.80317,35.8546],[138.78075,35.80548],[138.76809,35.79277],[138.74164,35.78832],[138.69483,35.6866],[138.66079,35.67666],[138.61774,35.7098],[138.61761,35.65973],[138.59763,35.63065],[138.58648,35.59079],[138.61216,35.57185],[138.61702,35.51701],[138.58256,35.4782],[138.57979,35.44946],[138.53273,35.40897],[138.53437,35.34778],[138.51365,35.31305],[138.51691,35.25648],[138.53254,35.21691],[138.52005,35.18444],[138.53889,35.1526],[138.57185,35.15154]]],[[[139.4601,34.75069],[139.46593,34.70343],[139.45593,34.67578],[139.44962,34.66867],[139.44041,34.6663],[139.38709,34.67015],[139.35757,34.68497],[139.3402,34.70697],[139.33636,34.78672],[139.34236,34.79957],[139.36254,34.81365],[139.41503,34.79906],[139.45524,34.76041],[139.4601,34.75069]],[[139.40377,34.78734],[139.36588,34.79775],[139.35261,34.78696],[139.35366,34.71607],[139.36485,34.69949],[139.39438,34.68468],[139.44116,34.68254],[139.4498,34.70144],[139.44398,34.7487],[139.40377,34.78734]]]]}},{"type":"Feature","id":"near-5-2","properties":{"id":"near-5-2","group":"near-5","placeIds":["kamakura","shibuya"],"alpha":0.25},"geometry":{"type":"MultiPolygon","coordinates":[[[[138.52234,35.12462],[138.51092,35.13605],[138.48767,35.18172],[138.49766,35.21675],[138.48447,35.25461],[138.4812,35.31118],[138.48574,35.32971],[138.50163,35.35634],[138.50024,35.4081],[138.50301,35.42213],[138.51153,35.43361],[138.54869,35.46558],[138.55021,35.48132],[138.55825,35.49978],[138.58341,35.52811],[138.58108,35.55439],[138.56719,35.56463],[138.55575,35.58022],[138.55518,35.59955],[138.56634,35.63941],[138.58514,35.66985],[138.58524,35.70988],[138.59018,35.72702],[138.60342,35.73897],[138.62098,35.74213],[138.63756,35.73555],[138.66753,35.71248],[138.6715,35.71364],[138.71211,35.8019],[138.72189,35.81413],[138.75242,35.82309],[138.7678,35.85538],[138.76409,35.86455],[138.72011,35.87915],[138.70751,35.88687],[138.69964,35.89937],[138.70021,35.93074],[138.68596,35.95416],[138.68127,35.9728],[138.68217,35.98953],[138.6901,36.0091],[138.73019,36.05521],[138.75207,36.06628],[138.81352,36.07131],[138.84743,36.10219],[138.86101,36.10959],[138.92182,36.12566],[138.93148,36.14077],[138.94473,36.15254],[138.96219,36.15561],[138.9801,36.15377],[139.01941,36.16911],[139.02902,36.17823],[139.04092,36.21997],[139.10448,36.30176],[139.12059,36.31288],[139.14017,36.31273],[139.21706,36.28781],[139.22256,36.28891],[139.23503,36.32493],[139.236,36.36101],[139.24155,36.37834],[139.25555,36.38996],[139.29509,36.40711],[139.3161,36.40877],[139.33405,36.40417],[139.38136,36.46466],[139.39528,36.47496],[139.41252,36.47665],[139.46814,36.467],[139.48668,36.45678],[139.52312,36.4165],[139.53066,36.40213],[139.53642,36.37758],[139.56109,36.36568],[139.57427,36.35404],[139.57946,36.33726],[139.58114,36.30148],[139.58688,36.30312],[139.57933,36.36614],[139.58118,36.38147],[139.6077,36.41179],[139.6043,36.41862],[139.55805,36.45161],[139.54019,36.47877],[139.53495,36.49388],[139.53756,36.50966],[139.54738,36.52228],[139.56203,36.52869],[139.57796,36.52734],[139.61092,36.51594],[139.63729,36.52127],[139.73585,36.51698],[139.74964,36.51323],[139.79363,36.46136],[139.80547,36.46955],[139.81563,36.49648],[139.82711,36.51144],[139.84496,36.5175],[139.86317,36.51264],[139.89995,36.48568],[139.90632,36.4489],[139.96533,36.40534],[140.02739,36.40926],[140.05763,36.43351],[140.09484,36.4311],[140.1171,36.4424],[140.14142,36.44447],[140.19399,36.42821],[140.2057,36.4217],[140.21947,36.39897],[140.22258,36.38507],[140.21169,36.35083],[140.23434,36.34014],[140.26813,36.30805],[140.32762,36.31003],[140.39002,36.28886],[140.40672,36.27597],[140.42185,36.253],[140.47537,36.21027],[140.48129,36.1762],[140.48973,36.16256],[140.52943,36.15555],[140.54374,36.14919],[140.55342,36.13687],[140.61812,35.99295],[140.65804,35.95493],[140.66729,35.9387],[140.66608,35.92005],[140.64508,35.89805],[140.67404,35.87189],[140.68214,35.83162],[140.67653,35.80901],[140.63247,35.74594],[140.63886,35.70585],[140.65543,35.67635],[140.65304,35.65974],[140.64268,35.64653],[140.52238,35.55618],[140.45735,35.47675],[140.42885,35.39619],[140.42746,35.35643],[140.44417,35.31921],[140.44629,35.29902],[140.42315,35.1922],[140.41652,35.17847],[140.40215,35.16096],[140.38427,35.14988],[140.36788,35.14613],[140.33836,35.11408],[140.31764,35.10375],[140.25794,35.09787],[140.21775,35.0809],[140.1948,35.08001],[140.16761,35.0891],[140.13664,35.08146],[140.11299,35.04871],[140.09791,35.03725],[140.04824,35.01888],[140.01186,34.99275],[139.99603,34.96536],[139.99003,34.92493],[139.94036,34.88342],[139.92183,34.87676],[139.83589,34.87358],[139.81989,34.87712],[139.80765,34.88801],[139.79414,34.90826],[139.73923,34.9363],[139.72618,34.94847],[139.72168,34.97751],[139.72602,34.99329],[139.73751,35.00496],[139.78846,35.01241],[139.78303,35.02296],[139.78041,35.04581],[139.80088,35.12665],[139.78416,35.1724],[139.79763,35.21064],[139.80747,35.22347],[139.82727,35.239],[139.81656,35.26176],[139.77278,35.28433],[139.76127,35.29426],[139.75554,35.30834],[139.75684,35.32349],[139.76488,35.33639],[139.78933,35.34781],[139.81538,35.38896],[139.82716,35.40005],[139.86247,35.40408],[139.87287,35.43975],[139.88057,35.4531],[139.89357,35.46141],[139.92562,35.47235],[139.94711,35.49338],[139.96111,35.50146],[139.99101,35.5098],[140.04538,35.5688],[140.04635,35.58209],[139.99918,35.62328],[139.96804,35.62647],[139.92003,35.59223],[139.90685,35.58669],[139.86767,35.59416],[139.85227,35.56554],[139.85544,35.54363],[139.85314,35.52618],[139.84209,35.51248],[139.72547,35.42965],[139.71865,35.39323],[139.70595,35.37302],[139.69187,35.36268],[139.68916,35.34017],[139.70698,35.30129],[139.75317,35.28754],[139.76855,35.27756],[139.77609,35.26085],[139.77338,35.24272],[139.75319,35.19918],[139.74414,35.18758],[139.70719,35.17577],[139.70878,35.14157],[139.70467,35.12417],[139.69196,35.11157],[139.67452,35.10761],[139.6071,35.11135],[139.59219,35.11593],[139.58112,35.12693],[139.57646,35.14182],[139.5721,35.21318],[139.55462,35.23003],[139.54563,35.24562],[139.54011,35.26795],[139.523,35.27619],[139.34648,35.27974],[139.22553,35.24787],[139.18162,35.21865],[139.17227,35.19249],[139.18867,35.156],[139.19146,35.14056],[139.18669,35.12561],[139.17547,35.11464],[139.16042,35.1102],[139.13067,35.10893],[139.11823,35.09444],[139.11473,35.08134],[139.13232,35.04239],[139.13514,34.9966],[139.16144,34.98232],[139.17485,34.9686],[139.17818,34.94971],[139.16628,34.87523],[139.11151,34.8301],[139.07729,34.75575],[139.06096,34.73964],[139.0426,34.73148],[139.01791,34.69949],[139.00411,34.68912],[138.98694,34.68727],[138.96091,34.69153],[138.94109,34.70291],[138.91222,34.73788],[138.86795,34.75153],[138.85446,34.75968],[138.8464,34.77323],[138.84566,34.78897],[138.85228,34.82203],[138.84645,34.82887],[138.81545,34.84457],[138.78339,34.82839],[138.76824,34.82966],[138.7444,34.83756],[138.72914,34.84824],[138.72225,34.86555],[138.726,34.88379],[138.74658,34.92211],[138.7327,34.96146],[138.73335,34.98476],[138.75596,35.03907],[138.76416,35.05068],[138.77653,35.05768],[138.83643,35.052],[138.8268,35.06545],[138.78115,35.09022],[138.71895,35.10414],[138.6484,35.08461],[138.62463,35.08715],[138.56336,35.1193],[138.53785,35.12011],[138.52234,35.12462]],[[138.56761,35.13542],[138.63218,35.10154],[138.64406,35.10027],[138.71853,35.12089],[138.78691,35.10558],[138.83783,35.07795],[138.85746,35.05054],[138.85725,35.04632],[138.84449,35.03439],[138.78833,35.04265],[138.77506,35.03863],[138.77096,35.03282],[138.74835,34.97851],[138.74803,34.96686],[138.76429,34.92074],[138.74031,34.8761],[138.73844,34.86698],[138.74189,34.85833],[138.74952,34.85299],[138.78093,34.84445],[138.80564,34.86006],[138.81869,34.86114],[138.8567,34.84189],[138.86976,34.82657],[138.86159,34.78578],[138.86599,34.77113],[138.92166,34.75197],[138.95362,34.71325],[138.96353,34.70756],[138.99815,34.70423],[139.03224,34.74466],[139.05436,34.75449],[139.06253,34.76255],[139.09843,34.84055],[139.14798,34.87851],[139.15422,34.88938],[139.16206,34.95174],[139.16039,34.96118],[139.11948,34.98662],[139.1161,35.04139],[139.09737,35.07931],[139.10346,35.1021],[139.12496,35.12495],[139.15972,35.12644],[139.17286,35.13414],[139.17385,35.14934],[139.15476,35.1918],[139.16814,35.2292],[139.21878,35.26289],[139.34453,35.29603],[139.52687,35.29237],[139.55404,35.27926],[139.5614,35.24953],[139.58794,35.22049],[139.59501,35.13536],[139.608,35.12757],[139.68414,35.12582],[139.69049,35.13211],[139.69255,35.14082],[139.69046,35.18556],[139.69365,35.18936],[139.73392,35.20022],[139.75864,35.24955],[139.75999,35.25862],[139.75622,35.26698],[139.74853,35.27197],[139.69527,35.28782],[139.67248,35.33756],[139.67657,35.37161],[139.69633,35.38612],[139.70268,35.39622],[139.71071,35.43909],[139.83268,35.52573],[139.83935,35.5413],[139.83542,35.56852],[139.85742,35.60939],[139.86406,35.612],[139.904,35.60269],[139.96359,35.64327],[140.00598,35.63891],[140.06314,35.589],[140.06117,35.56196],[139.99983,35.49539],[139.96548,35.48581],[139.93436,35.45816],[139.89232,35.44188],[139.87579,35.39173],[139.86932,35.38783],[139.835,35.38582],[139.79988,35.33409],[139.78279,35.32872],[139.77225,35.31835],[139.7716,35.31078],[139.78022,35.29877],[139.82892,35.27368],[139.84547,35.2385],[139.84345,35.23103],[139.81258,35.20427],[139.80041,35.17241],[139.81798,35.12799],[139.79617,35.04182],[139.80807,35.00476],[139.78949,34.99436],[139.74584,34.99101],[139.73793,34.97728],[139.74009,34.95686],[139.8053,34.92081],[139.82729,34.89159],[139.92123,34.893],[139.9305,34.89633],[139.97576,34.9327],[139.98012,34.9703],[139.99954,35.0039],[140.04054,35.03336],[140.09228,35.05249],[140.12696,35.09581],[140.1683,35.10601],[140.19996,35.09543],[140.21143,35.09587],[140.25389,35.1138],[140.31605,35.11992],[140.32641,35.12509],[140.35934,35.16085],[140.38959,35.17126],[140.40395,35.18878],[140.43041,35.30246],[140.42935,35.31256],[140.41108,35.35323],[140.4127,35.39926],[140.44297,35.48485],[140.51105,35.568],[140.6381,35.66613],[140.63619,35.68223],[140.62344,35.69934],[140.61539,35.74986],[140.66321,35.81831],[140.66601,35.82962],[140.66029,35.86322],[140.63566,35.8808],[140.62604,35.89959],[140.62712,35.90504],[140.65085,35.92572],[140.65146,35.93504],[140.6046,35.98338],[140.53376,36.13637],[140.47975,36.14782],[140.46544,36.17092],[140.46122,36.20229],[140.40989,36.24162],[140.39315,36.26703],[140.3848,36.27347],[140.3224,36.29464],[140.26218,36.29129],[140.22315,36.32836],[140.19991,36.33756],[140.19281,36.35296],[140.20633,36.38509],[140.19909,36.40409],[140.18919,36.41268],[140.13662,36.42895],[140.12446,36.42791],[140.09751,36.41423],[140.06249,36.41801],[140.03434,36.39341],[139.96044,36.38875],[139.8907,36.44024],[139.88607,36.47724],[139.8546,36.49883],[139.8455,36.50126],[139.83657,36.49823],[139.81889,36.45907],[139.7949,36.44248],[139.78057,36.44978],[139.74204,36.49887],[139.63659,36.50504],[139.61024,36.49898],[139.56468,36.51266],[139.55245,36.50314],[139.55376,36.4877],[139.57163,36.46054],[139.61685,36.42988],[139.62515,36.4132],[139.62119,36.40042],[139.59639,36.37574],[139.60376,36.29883],[139.59589,36.28776],[139.57863,36.28446],[139.56439,36.2919],[139.56062,36.34522],[139.52238,36.36632],[139.51107,36.4056],[139.47463,36.44588],[139.46536,36.45099],[139.40112,36.4598],[139.34352,36.3899],[139.33515,36.38711],[139.30156,36.3922],[139.25502,36.36924],[139.25121,36.32198],[139.23487,36.27482],[139.21609,36.27103],[139.13516,36.29727],[139.12537,36.29734],[139.11731,36.29178],[139.05375,36.20999],[139.04393,36.16999],[139.02828,36.15513],[138.98235,36.1372],[138.9518,36.13791],[138.9321,36.11157],[138.86516,36.09388],[138.82037,36.05556],[138.75339,36.05008],[138.74245,36.04455],[138.70236,35.99844],[138.6975,35.97193],[138.71704,35.93434],[138.71499,35.90468],[138.72523,35.89457],[138.77634,35.8776],[138.78548,35.85499],[138.76718,35.81488],[138.76025,35.80793],[138.73176,35.80122],[138.72688,35.79511],[138.68317,35.70012],[138.66416,35.69457],[138.61936,35.72597],[138.61058,35.72438],[138.60396,35.71841],[138.60137,35.66479],[138.58199,35.63503],[138.57083,35.59517],[138.57111,35.5855],[138.57684,35.57771],[138.59662,35.56312],[138.60021,35.52256],[138.57041,35.48899],[138.56424,35.45752],[138.51787,35.41555],[138.518,35.35206],[138.49742,35.31212],[138.50069,35.25555],[138.5151,35.21683],[138.50386,35.18308],[138.5249,35.14432],[138.53837,35.13635],[138.56761,35.13542]]],[[[139.47623,34.75267],[139.48206,34.70542],[139.47936,34.68793],[139.47071,34.66902],[139.45809,34.6548],[139.43967,34.65007],[139.3798,34.65563],[139.35028,34.67044],[139.32673,34.69788],[139.32117,34.71558],[139.32011,34.78647],[139.32316,34.8007],[139.34538,34.82296],[139.35919,34.82955],[139.37449,34.82909],[139.41238,34.81868],[139.4263,34.81077],[139.4665,34.77213],[139.47623,34.75267]],[[139.41503,34.79906],[139.36254,34.81365],[139.34236,34.79957],[139.33636,34.78672],[139.3402,34.70697],[139.35757,34.68497],[139.38709,34.67015],[139.44041,34.6663],[139.44962,34.66867],[139.45593,34.67578],[139.46593,34.70343],[139.4601,34.75069],[139.45524,34.76041],[139.41503,34.79906]]]]}},{"type":"Feature","id":"near-5-3","properties":{"id":"near-5-3","group":"near-5","placeIds":["kamakura","shibuya"],"alpha":0.11},"geometry":{"type":"MultiPolygon","coordinates":[[[[138.51407,35.11064],[138.49693,35.12777],[138.4781,35.15961],[138.47147,35.18037],[138.48022,35.21667],[138.46824,35.25367],[138.46498,35.31024],[138.47178,35.33804],[138.48526,35.36062],[138.484,35.40766],[138.48815,35.42871],[138.50094,35.44593],[138.53314,35.47364],[138.5461,35.51057],[138.5666,35.53366],[138.56554,35.54566],[138.54038,35.57493],[138.53953,35.60393],[138.55069,35.64379],[138.5689,35.67492],[138.56899,35.70992],[138.5764,35.73563],[138.59626,35.75356],[138.6226,35.7583],[138.64747,35.74843],[138.66383,35.73584],[138.69735,35.8087],[138.71202,35.82704],[138.74191,35.8378],[138.74865,35.85255],[138.71499,35.86373],[138.69609,35.87531],[138.68428,35.89406],[138.68338,35.92714],[138.67208,35.94571],[138.66505,35.97368],[138.66595,35.9904],[138.67784,36.01976],[138.71793,36.06587],[138.75074,36.08248],[138.80668,36.08705],[138.83649,36.11421],[138.85686,36.1253],[138.91154,36.13975],[138.93766,36.16717],[138.96385,36.17177],[138.97785,36.17033],[139.01053,36.18309],[139.02809,36.22994],[139.09165,36.31173],[139.11582,36.32841],[139.14518,36.32819],[139.21152,36.30668],[139.21885,36.32787],[139.21975,36.36145],[139.22809,36.38743],[139.24909,36.40487],[139.28863,36.42202],[139.3278,36.42255],[139.36856,36.47467],[139.38944,36.49013],[139.4153,36.49266],[139.47092,36.48301],[139.49873,36.46768],[139.53517,36.4274],[139.54648,36.40584],[139.55047,36.38885],[139.56531,36.38168],[139.56598,36.3872],[139.58504,36.41167],[139.5589,36.42842],[139.54448,36.44268],[139.52661,36.46984],[139.51876,36.4925],[139.52268,36.51617],[139.5374,36.5351],[139.55938,36.54472],[139.58328,36.5427],[139.61161,36.5329],[139.638,36.53751],[139.73655,36.53322],[139.75725,36.52759],[139.77353,36.51364],[139.79424,36.48583],[139.80042,36.50222],[139.81764,36.52465],[139.84442,36.53374],[139.87174,36.52644],[139.89789,36.51022],[139.91383,36.49413],[139.92195,36.45756],[139.97021,36.42193],[140.02045,36.4251],[140.05277,36.44902],[140.09216,36.44796],[140.10974,36.45689],[140.14622,36.45999],[140.1988,36.44373],[140.21635,36.43397],[140.23417,36.40591],[140.23883,36.38505],[140.23209,36.35992],[140.24553,36.35193],[140.27408,36.32481],[140.31342,36.32785],[140.33284,36.32542],[140.39524,36.30425],[140.42029,36.28491],[140.43381,36.26439],[140.47584,36.23365],[140.48952,36.21826],[140.49972,36.1773],[140.53225,36.17156],[140.55372,36.16201],[140.56824,36.14354],[140.63163,36.00252],[140.66925,35.96669],[140.68313,35.94235],[140.68131,35.91438],[140.66897,35.89808],[140.68778,35.88056],[140.69493,35.86055],[140.69826,35.83362],[140.68985,35.7997],[140.64955,35.74201],[140.65428,35.71235],[140.67157,35.67826],[140.66798,35.65334],[140.65244,35.63354],[140.53371,35.54437],[140.47172,35.46865],[140.445,35.39313],[140.44383,35.35964],[140.459,35.32587],[140.46217,35.29558],[140.43903,35.18876],[140.42908,35.16817],[140.41472,35.15065],[140.38789,35.13404],[140.37642,35.13142],[140.35031,35.10307],[140.31923,35.08758],[140.26199,35.08194],[140.22407,35.06593],[140.18965,35.0646],[140.16693,35.0722],[140.14632,35.06711],[140.12616,35.03919],[140.10355,35.02201],[140.05593,35.0044],[140.02418,34.98159],[140.01194,34.96042],[140.00431,34.91717],[139.99108,34.90173],[139.95023,34.87051],[139.92243,34.86053],[139.83649,34.85734],[139.81249,34.86265],[139.79414,34.87899],[139.78297,34.89572],[139.73184,34.92183],[139.71226,34.94008],[139.70527,34.96593],[139.71195,35.00141],[139.72917,35.0189],[139.76736,35.02622],[139.76466,35.0498],[139.78378,35.12532],[139.76791,35.17239],[139.78268,35.21701],[139.80706,35.24379],[139.80421,35.24985],[139.79121,35.25655],[139.78812,35.23588],[139.76793,35.19234],[139.75436,35.17495],[139.72405,35.16294],[139.72501,35.14233],[139.71884,35.11622],[139.69978,35.09733],[139.67362,35.09138],[139.6062,35.09512],[139.58383,35.10199],[139.56723,35.11849],[139.56024,35.14083],[139.55627,35.20587],[139.54335,35.21833],[139.52985,35.24172],[139.52617,35.25663],[139.51913,35.26002],[139.34842,35.26345],[139.23228,35.23284],[139.19511,35.20811],[139.18977,35.19318],[139.20349,35.16266],[139.20768,35.1395],[139.20052,35.11708],[139.18369,35.10062],[139.16111,35.09397],[139.13818,35.09299],[139.13209,35.08337],[139.14854,35.04339],[139.15081,35.00659],[139.16919,34.9966],[139.1893,34.97602],[139.1943,34.94768],[139.18646,34.88533],[139.18037,34.86714],[139.16774,34.85271],[139.12459,34.81965],[139.09205,34.74896],[139.06755,34.72478],[139.05295,34.7183],[139.03078,34.68957],[139.01008,34.674],[138.98432,34.67124],[138.95829,34.67549],[138.92856,34.69256],[138.90279,34.72378],[138.86316,34.736],[138.84293,34.74823],[138.83084,34.76855],[138.82972,34.79216],[138.83463,34.81664],[138.81486,34.82665],[138.78585,34.81233],[138.76313,34.81424],[138.73929,34.82214],[138.7164,34.83816],[138.70607,34.86412],[138.71168,34.89148],[138.72887,34.92347],[138.71738,34.95605],[138.71835,34.99101],[138.74096,35.04532],[138.75326,35.06273],[138.7776,35.07366],[138.71937,35.0874],[138.65273,35.06895],[138.61708,35.07276],[138.55911,35.10317],[138.53733,35.10387],[138.51407,35.11064]],[[139.74142,35.32862],[139.75349,35.34797],[139.77878,35.36152],[139.80165,35.39765],[139.81933,35.41429],[139.85028,35.42033],[139.85727,35.4443],[139.86883,35.46433],[139.88831,35.47678],[139.91689,35.48654],[139.93575,35.505],[139.95674,35.51711],[139.98219,35.52421],[140.02934,35.57537],[139.99238,35.60764],[139.97248,35.60968],[139.92947,35.579],[139.9097,35.57069],[139.87585,35.57507],[139.86912,35.56256],[139.87152,35.54595],[139.86808,35.51978],[139.8515,35.49923],[139.74023,35.4202],[139.73463,35.39024],[139.71557,35.35992],[139.70716,35.35375],[139.70584,35.34278],[139.71868,35.31476],[139.73969,35.30851],[139.74142,35.32862]],[[138.56336,35.1193],[138.62463,35.08715],[138.6484,35.08461],[138.71895,35.10414],[138.78115,35.09022],[138.8268,35.06545],[138.83643,35.052],[138.77653,35.05768],[138.76416,35.05068],[138.75596,35.03907],[138.73335,34.98476],[138.7327,34.96146],[138.74658,34.92211],[138.726,34.88379],[138.72225,34.86555],[138.72914,34.84824],[138.7444,34.83756],[138.76824,34.82966],[138.78339,34.82839],[138.81545,34.84457],[138.84645,34.82887],[138.85228,34.82203],[138.84566,34.78897],[138.8464,34.77323],[138.85446,34.75968],[138.86795,34.75153],[138.91222,34.73788],[138.94109,34.70291],[138.96091,34.69153],[138.98694,34.68727],[139.00411,34.68912],[139.01791,34.69949],[139.0426,34.73148],[139.06096,34.73964],[139.07729,34.75575],[139.11151,34.8301],[139.16628,34.87523],[139.17818,34.94971],[139.17485,34.9686],[139.16144,34.98232],[139.13514,34.9966],[139.13232,35.04239],[139.11473,35.08134],[139.11823,35.09444],[139.13067,35.10893],[139.16042,35.1102],[139.17547,35.11464],[139.18669,35.12561],[139.19146,35.14056],[139.18867,35.156],[139.17227,35.19249],[139.18162,35.21865],[139.22553,35.24787],[139.34648,35.27974],[139.523,35.27619],[139.54011,35.26795],[139.54563,35.24562],[139.55462,35.23003],[139.5721,35.21318],[139.57646,35.14182],[139.58112,35.12693],[139.59219,35.11593],[139.6071,35.11135],[139.67452,35.10761],[139.69196,35.11157],[139.70467,35.12417],[139.70878,35.14157],[139.70719,35.17577],[139.74414,35.18758],[139.75319,35.19918],[139.77338,35.24272],[139.77609,35.26085],[139.76855,35.27756],[139.75317,35.28754],[139.70698,35.30129],[139.68916,35.34017],[139.69187,35.36268],[139.70595,35.37302],[139.71865,35.39323],[139.72547,35.42965],[139.84209,35.51248],[139.85314,35.52618],[139.85544,35.54363],[139.85227,35.56554],[139.86767,35.59416],[139.90685,35.58669],[139.92003,35.59223],[139.96804,35.62647],[139.99918,35.62328],[140.04635,35.58209],[140.04538,35.5688],[139.99101,35.5098],[139.96111,35.50146],[139.94711,35.49338],[139.92562,35.47235],[139.89357,35.46141],[139.88057,35.4531],[139.87287,35.43975],[139.86247,35.40408],[139.82716,35.40005],[139.81538,35.38896],[139.78933,35.34781],[139.76488,35.33639],[139.75684,35.32349],[139.75554,35.30834],[139.76127,35.29426],[139.77278,35.28433],[139.81656,35.26176],[139.82727,35.239],[139.80747,35.22347],[139.79763,35.21064],[139.78416,35.1724],[139.80088,35.12665],[139.78041,35.04581],[139.78303,35.02296],[139.78846,35.01241],[139.73751,35.00496],[139.72602,34.99329],[139.72168,34.97751],[139.72618,34.94847],[139.73923,34.9363],[139.79414,34.90826],[139.80765,34.88801],[139.81989,34.87712],[139.83589,34.87358],[139.92183,34.87676],[139.94036,34.88342],[139.99003,34.92493],[139.99603,34.96536],[140.01186,34.99275],[140.04824,35.01888],[140.09791,35.03725],[140.11299,35.04871],[140.13664,35.08146],[140.16761,35.0891],[140.1948,35.08001],[140.21775,35.0809],[140.25794,35.09787],[140.31764,35.10375],[140.33836,35.11408],[140.36788,35.14613],[140.38427,35.14988],[140.40215,35.16096],[140.41652,35.17847],[140.42315,35.1922],[140.44629,35.29902],[140.44417,35.31921],[140.42746,35.35643],[140.42885,35.39619],[140.45735,35.47675],[140.52238,35.55618],[140.64268,35.64653],[140.65304,35.65974],[140.65543,35.67635],[140.63886,35.70585],[140.63247,35.74594],[140.67653,35.80901],[140.68214,35.83162],[140.67404,35.87189],[140.64508,35.89805],[140.66608,35.92005],[140.66729,35.9387],[140.65804,35.95493],[140.61812,35.99295],[140.55342,36.13687],[140.54374,36.14919],[140.52943,36.15555],[140.48973,36.16256],[140.48129,36.1762],[140.47537,36.21027],[140.42185,36.253],[140.40672,36.27597],[140.39002,36.28886],[140.32762,36.31003],[140.26813,36.30805],[140.23434,36.34014],[140.21169,36.35083],[140.22258,36.38507],[140.21947,36.39897],[140.2057,36.4217],[140.19399,36.42821],[140.14142,36.44447],[140.1171,36.4424],[140.09484,36.4311],[140.05763,36.43351],[140.02739,36.40926],[139.96533,36.40534],[139.90632,36.4489],[139.89995,36.48568],[139.86317,36.51264],[139.84496,36.5175],[139.82711,36.51144],[139.81563,36.49648],[139.80547,36.46955],[139.79363,36.46136],[139.74964,36.51323],[139.73585,36.51698],[139.63729,36.52127],[139.61092,36.51594],[139.57796,36.52734],[139.56203,36.52869],[139.54738,36.52228],[139.53756,36.50966],[139.53495,36.49388],[139.54019,36.47877],[139.55805,36.45161],[139.6043,36.41862],[139.6077,36.41179],[139.58118,36.38147],[139.57933,36.36614],[139.58688,36.30312],[139.58114,36.30148],[139.57946,36.33726],[139.57427,36.35404],[139.56109,36.36568],[139.53642,36.37758],[139.53066,36.40213],[139.52312,36.4165],[139.48668,36.45678],[139.46814,36.467],[139.41252,36.47665],[139.39528,36.47496],[139.38136,36.46466],[139.33405,36.40417],[139.3161,36.40877],[139.29509,36.40711],[139.25555,36.38996],[139.24155,36.37834],[139.236,36.36101],[139.23503,36.32493],[139.22256,36.28891],[139.21706,36.28781],[139.14017,36.31273],[139.12059,36.31288],[139.10448,36.30176],[139.04092,36.21997],[139.02902,36.17823],[139.01941,36.16911],[138.9801,36.15377],[138.96219,36.15561],[138.94473,36.15254],[138.93148,36.14077],[138.92182,36.12566],[138.86101,36.10959],[138.84743,36.10219],[138.81352,36.07131],[138.75207,36.06628],[138.73019,36.05521],[138.6901,36.0091],[138.68217,35.98953],[138.68127,35.9728],[138.68596,35.95416],[138.70021,35.93074],[138.69964,35.89937],[138.70751,35.88687],[138.72011,35.87915],[138.76409,35.86455],[138.7678,35.85538],[138.75242,35.82309],[138.72189,35.81413],[138.71211,35.8019],[138.6715,35.71364],[138.66753,35.71248],[138.63756,35.73555],[138.62098,35.74213],[138.60342,35.73897],[138.59018,35.72702],[138.58524,35.70988],[138.58514,35.66985],[138.56634,35.63941],[138.55518,35.59955],[138.55575,35.58022],[138.56719,35.56463],[138.58108,35.55439],[138.58341,35.52811],[138.55825,35.49978],[138.55021,35.48132],[138.54869,35.46558],[138.51153,35.43361],[138.50301,35.42213],[138.50024,35.4081],[138.50163,35.35634],[138.48574,35.32971],[138.4812,35.31118],[138.48447,35.25461],[138.49766,35.21675],[138.48767,35.18172],[138.51092,35.13605],[138.52234,35.12462],[138.53785,35.12011],[138.56336,35.1193]]],[[[139.49236,34.75466],[139.49819,34.70741],[139.49414,34.68117],[139.48549,34.66226],[139.46656,34.64093],[139.43893,34.63384],[139.39215,34.63598],[139.37252,34.64111],[139.34299,34.65592],[139.32445,34.67222],[139.31326,34.68879],[139.30492,34.71534],[139.30387,34.78623],[139.30843,34.80757],[139.33513,34.83557],[139.35585,34.84545],[139.37879,34.84476],[139.41668,34.83435],[139.43756,34.82249],[139.47776,34.78384],[139.49236,34.75466]],[[139.4263,34.81077],[139.41238,34.81868],[139.37449,34.82909],[139.35919,34.82955],[139.34538,34.82296],[139.32316,34.8007],[139.32011,34.78647],[139.32117,34.71558],[139.32673,34.69788],[139.35028,34.67044],[139.3798,34.65563],[139.43967,34.65007],[139.45809,34.6548],[139.47071,34.66902],[139.47936,34.68793],[139.48206,34.70542],[139.47623,34.75267],[139.4665,34.77213],[139.4263,34.81077]]]]}},{"type":"Feature","id":"near-5-4","properties":{"id":"near-5-4","group":"near-5","placeIds":["kamakura","shibuya"],"alpha":0.035},"geometry":{"type":"MultiPolygon","coordinates":[[[[138.50579,35.09665],[138.48295,35.1195],[138.46411,35.15134],[138.45528,35.17901],[138.46278,35.21659],[138.45202,35.25274],[138.44875,35.30931],[138.45783,35.34636],[138.46889,35.3649],[138.46775,35.40723],[138.47329,35.43528],[138.49034,35.45825],[138.51759,35.4817],[138.53395,35.52136],[138.54866,35.53792],[138.52501,35.56965],[138.52388,35.60831],[138.53504,35.64817],[138.55266,35.67998],[138.55274,35.70996],[138.56261,35.74424],[138.5891,35.76815],[138.62422,35.77447],[138.65759,35.76115],[138.68259,35.81549],[138.70214,35.83994],[138.7164,35.84614],[138.68468,35.86375],[138.66892,35.88874],[138.66655,35.92354],[138.6582,35.93726],[138.64882,35.97455],[138.64972,35.99128],[138.66557,36.03042],[138.70567,36.07654],[138.74942,36.09867],[138.79983,36.10279],[138.82555,36.12622],[138.8527,36.14101],[138.90126,36.15384],[138.9306,36.18181],[138.97561,36.1869],[138.9995,36.19622],[139.00287,36.21289],[139.01526,36.23991],[139.07882,36.3217],[139.11104,36.34394],[139.15019,36.34365],[139.20137,36.32705],[139.20351,36.36188],[139.21462,36.39653],[139.24262,36.41978],[139.28216,36.43692],[139.32081,36.43999],[139.35576,36.48468],[139.3836,36.50529],[139.41808,36.50868],[139.4737,36.49902],[139.506,36.48122],[139.50257,36.49113],[139.50779,36.52268],[139.52742,36.54793],[139.55672,36.56076],[139.58859,36.55806],[139.6123,36.54985],[139.63871,36.55374],[139.73726,36.54945],[139.76485,36.54195],[139.79172,36.51642],[139.80818,36.53786],[139.84388,36.54998],[139.88031,36.54025],[139.90645,36.52403],[139.92772,36.50257],[139.93758,36.46622],[139.9751,36.43852],[140.0135,36.44094],[140.0479,36.46452],[140.08949,36.46483],[140.10238,36.47138],[140.15102,36.47552],[140.2036,36.45926],[140.227,36.44624],[140.24317,36.4249],[140.25508,36.38504],[140.25103,36.36709],[140.28003,36.34157],[140.31217,36.34406],[140.33806,36.34081],[140.40046,36.31964],[140.43386,36.29385],[140.44577,36.27578],[140.48543,36.24677],[140.50368,36.22624],[140.51256,36.19153],[140.53508,36.18756],[140.56371,36.17484],[140.58306,36.1502],[140.64515,36.01209],[140.68045,35.97846],[140.69896,35.946],[140.69654,35.90871],[140.69032,35.9005],[140.70152,35.88923],[140.71105,35.86255],[140.71439,35.83561],[140.70317,35.7904],[140.66664,35.73809],[140.6697,35.71885],[140.68771,35.68017],[140.68292,35.64695],[140.6622,35.62055],[140.54504,35.53255],[140.48609,35.46056],[140.46116,35.39006],[140.4602,35.36285],[140.47382,35.33253],[140.47805,35.29213],[140.45491,35.18532],[140.44165,35.15787],[140.42728,35.14035],[140.38496,35.1167],[140.36227,35.09206],[140.32083,35.07141],[140.26604,35.06601],[140.23039,35.05096],[140.1845,35.04919],[140.16625,35.05529],[140.156,35.05276],[140.13934,35.02968],[140.10919,35.00677],[140.06363,34.98992],[140.0365,34.97043],[140.02786,34.95548],[140.02629,34.93539],[140.01858,34.90941],[140.00095,34.88882],[139.9601,34.8576],[139.92304,34.84429],[139.83709,34.8411],[139.8051,34.84818],[139.78062,34.86997],[139.77181,34.88317],[139.72445,34.90736],[139.69834,34.9317],[139.68902,34.96616],[139.69787,35.00953],[139.72084,35.03285],[139.75032,35.04146],[139.74891,35.05378],[139.76667,35.12398],[139.75471,35.15752],[139.74089,35.15082],[139.73301,35.10827],[139.70761,35.08309],[139.67272,35.07516],[139.6053,35.0789],[139.57547,35.08805],[139.55335,35.11006],[139.54402,35.13984],[139.54044,35.19856],[139.53207,35.20663],[139.51258,35.2439],[139.35037,35.24715],[139.23904,35.21782],[139.2086,35.19756],[139.22389,35.13844],[139.21435,35.10854],[139.19191,35.0866],[139.15378,35.07739],[139.16476,35.04439],[139.16647,35.01657],[139.17695,35.01089],[139.20376,34.98344],[139.21042,34.94566],[139.20259,34.8833],[139.19447,34.85905],[139.17762,34.83981],[139.13767,34.8092],[139.10682,34.74216],[139.07415,34.70993],[139.0633,34.70512],[139.04364,34.67964],[139.01604,34.65888],[138.9817,34.6552],[138.95567,34.65945],[138.91603,34.68222],[138.89335,34.70969],[138.85838,34.72047],[138.8314,34.73678],[138.81528,34.76387],[138.81626,34.80769],[138.78832,34.79626],[138.75802,34.79881],[138.73418,34.80671],[138.70366,34.82807],[138.68988,34.86268],[138.69737,34.89917],[138.71116,34.92484],[138.70205,34.95064],[138.70335,34.99725],[138.72596,35.05156],[138.73676,35.06685],[138.71978,35.07065],[138.65707,35.05329],[138.60953,35.05837],[138.55487,35.08705],[138.53681,35.08763],[138.50579,35.09665]],[[138.55911,35.10317],[138.61708,35.07276],[138.65273,35.06895],[138.71937,35.0874],[138.7776,35.07366],[138.75326,35.06273],[138.74096,35.04532],[138.71835,34.99101],[138.71738,34.95605],[138.72887,34.92347],[138.71168,34.89148],[138.70607,34.86412],[138.7164,34.83816],[138.73929,34.82214],[138.76313,34.81424],[138.78585,34.81233],[138.81486,34.82665],[138.83463,34.81664],[138.82972,34.79216],[138.83084,34.76855],[138.84293,34.74823],[138.86316,34.736],[138.90279,34.72378],[138.92856,34.69256],[138.95829,34.67549],[138.98432,34.67124],[139.01008,34.674],[139.03078,34.68957],[139.05295,34.7183],[139.06755,34.72478],[139.09205,34.74896],[139.12459,34.81965],[139.16774,34.85271],[139.18037,34.86714],[139.18646,34.88533],[139.1943,34.94768],[139.1893,34.97602],[139.16919,34.9966],[139.15081,35.00659],[139.14854,35.04339],[139.13209,35.08337],[139.13818,35.09299],[139.16111,35.09397],[139.18369,35.10062],[139.20052,35.11708],[139.20768,35.1395],[139.20349,35.16266],[139.18977,35.19318],[139.19511,35.20811],[139.23228,35.23284],[139.34842,35.26345],[139.51913,35.26002],[139.52617,35.25663],[139.52985,35.24172],[139.54335,35.21833],[139.55627,35.20587],[139.56024,35.14083],[139.56723,35.11849],[139.58383,35.10199],[139.6062,35.09512],[139.67362,35.09138],[139.69978,35.09733],[139.71884,35.11622],[139.72501,35.14233],[139.72405,35.16294],[139.75436,35.17495],[139.76793,35.19234],[139.78812,35.23588],[139.79121,35.25655],[139.80421,35.24985],[139.80706,35.24379],[139.78268,35.21701],[139.76791,35.17239],[139.78378,35.12532],[139.76466,35.0498],[139.76736,35.02622],[139.72917,35.0189],[139.71195,35.00141],[139.70527,34.96593],[139.71226,34.94008],[139.73184,34.92183],[139.78297,34.89572],[139.79414,34.87899],[139.81249,34.86265],[139.83649,34.85734],[139.92243,34.86053],[139.95023,34.87051],[139.99108,34.90173],[140.00431,34.91717],[140.01194,34.96042],[140.02418,34.98159],[140.05593,35.0044],[140.10355,35.02201],[140.12616,35.03919],[140.14632,35.06711],[140.16693,35.0722],[140.18965,35.0646],[140.22407,35.06593],[140.26199,35.08194],[140.31923,35.08758],[140.35031,35.10307],[140.37642,35.13142],[140.38789,35.13404],[140.41472,35.15065],[140.42908,35.16817],[140.43903,35.18876],[140.46217,35.29558],[140.459,35.32587],[140.44383,35.35964],[140.445,35.39313],[140.47172,35.46865],[140.53371,35.54437],[140.65244,35.63354],[140.66798,35.65334],[140.67157,35.67826],[140.65428,35.71235],[140.64955,35.74201],[140.68985,35.7997],[140.69826,35.83362],[140.69493,35.86055],[140.68778,35.88056],[140.66897,35.89808],[140.68131,35.91438],[140.68313,35.94235],[140.66925,35.96669],[140.63163,36.00252],[140.56824,36.14354],[140.55372,36.16201],[140.53225,36.17156],[140.49972,36.1773],[140.48952,36.21826],[140.47584,36.23365],[140.43381,36.26439],[140.42029,36.28491],[140.39524,36.30425],[140.33284,36.32542],[140.31342,36.32785],[140.27408,36.32481],[140.24553,36.35193],[140.23209,36.35992],[140.23883,36.38505],[140.23417,36.40591],[140.21635,36.43397],[140.1988,36.44373],[140.14622,36.45999],[140.10974,36.45689],[140.09216,36.44796],[140.05277,36.44902],[140.02045,36.4251],[139.97021,36.42193],[139.92195,36.45756],[139.91383,36.49413],[139.89789,36.51022],[139.87174,36.52644],[139.84442,36.53374],[139.81764,36.52465],[139.80042,36.50222],[139.79424,36.48583],[139.77353,36.51364],[139.75725,36.52759],[139.73655,36.53322],[139.638,36.53751],[139.61161,36.5329],[139.58328,36.5427],[139.55938,36.54472],[139.5374,36.5351],[139.52268,36.51617],[139.51876,36.4925],[139.52661,36.46984],[139.54448,36.44268],[139.5589,36.42842],[139.58504,36.41167],[139.56598,36.3872],[139.56531,36.38168],[139.55047,36.38885],[139.54648,36.40584],[139.53517,36.4274],[139.49873,36.46768],[139.47092,36.48301],[139.4153,36.49266],[139.38944,36.49013],[139.36856,36.47467],[139.3278,36.42255],[139.28863,36.42202],[139.24909,36.40487],[139.22809,36.38743],[139.21975,36.36145],[139.21885,36.32787],[139.21152,36.30668],[139.14518,36.32819],[139.11582,36.32841],[139.09165,36.31173],[139.02809,36.22994],[139.01053,36.18309],[138.97785,36.17033],[138.96385,36.17177],[138.93766,36.16717],[138.91154,36.13975],[138.85686,36.1253],[138.83649,36.11421],[138.80668,36.08705],[138.75074,36.08248],[138.71793,36.06587],[138.67784,36.01976],[138.66595,35.9904],[138.66505,35.97368],[138.67208,35.94571],[138.68338,35.92714],[138.68428,35.89406],[138.69609,35.87531],[138.71499,35.86373],[138.74865,35.85255],[138.74191,35.8378],[138.71202,35.82704],[138.69735,35.8087],[138.66383,35.73584],[138.64747,35.74843],[138.6226,35.7583],[138.59626,35.75356],[138.5764,35.73563],[138.56899,35.70992],[138.5689,35.67492],[138.55069,35.64379],[138.53953,35.60393],[138.54038,35.57493],[138.56554,35.54566],[138.5666,35.53366],[138.5461,35.51057],[138.53314,35.47364],[138.50094,35.44593],[138.48815,35.42871],[138.484,35.40766],[138.48526,35.36062],[138.47178,35.33804],[138.46498,35.31024],[138.46824,35.25367],[138.48022,35.21667],[138.47147,35.18037],[138.4781,35.15961],[138.49693,35.12777],[138.51407,35.11064],[138.53733,35.10387],[138.55911,35.10317]]],[[[139.50849,34.75665],[139.51431,34.7094],[139.50891,34.67441],[139.50027,34.6555],[139.47502,34.62706],[139.43818,34.61761],[139.3914,34.61975],[139.36523,34.62658],[139.3357,34.64139],[139.31098,34.66312],[139.29979,34.6797],[139.28867,34.7151],[139.28762,34.78599],[139.29371,34.81445],[139.3116,34.83739],[139.32487,34.84818],[139.3525,34.86136],[139.38309,34.86043],[139.42098,34.85002],[139.44882,34.8342],[139.48902,34.79556],[139.50849,34.75665]],[[139.43756,34.82249],[139.41668,34.83435],[139.37879,34.84476],[139.35585,34.84545],[139.33513,34.83557],[139.30843,34.80757],[139.30387,34.78623],[139.30492,34.71534],[139.31326,34.68879],[139.32445,34.67222],[139.34299,34.65592],[139.37252,34.64111],[139.39215,34.63598],[139.43893,34.63384],[139.46656,34.64093],[139.48549,34.66226],[139.49414,34.68117],[139.49819,34.70741],[139.49236,34.75466],[139.47776,34.78384],[139.43756,34.82249]]],[[[139.71868,35.31476],[139.70584,35.34278],[139.70716,35.35375],[139.71557,35.35992],[139.73463,35.39024],[139.74023,35.4202],[139.8515,35.49923],[139.86808,35.51978],[139.87152,35.54595],[139.86912,35.56256],[139.87585,35.57507],[139.9097,35.57069],[139.92947,35.579],[139.97248,35.60968],[139.99238,35.60764],[140.02934,35.57537],[139.98219,35.52421],[139.95674,35.51711],[139.93575,35.505],[139.91689,35.48654],[139.88831,35.47678],[139.86883,35.46433],[139.85727,35.4443],[139.85028,35.42033],[139.81933,35.41429],[139.80165,35.39765],[139.77878,35.36152],[139.75349,35.34797],[139.74142,35.32862],[139.73969,35.30851],[139.71868,35.31476]],[[139.74209,35.35956],[139.76823,35.37524],[139.78791,35.40635],[139.81149,35.42852],[139.83771,35.43526],[139.85708,35.47556],[139.88306,35.49216],[139.90815,35.50073],[139.92438,35.51661],[139.95237,35.53276],[139.97337,35.53862],[140.00608,35.57411],[139.98559,35.592],[139.97692,35.59289],[139.93891,35.56577],[139.91255,35.55469],[139.8865,35.55588],[139.88302,35.51338],[139.86091,35.48599],[139.755,35.41075],[139.7506,35.38725],[139.7227,35.345],[139.72706,35.33546],[139.74209,35.35956]]]]}},{"type":"Feature","id":"near-6-0","properties":{"id":"near-6-0","group":"near-6","placeIds":["paris"],"alpha":0.62},"geometry":{"type":"Polygon","coordinates":[[[1.4475,49.04638],[1.46193,49.06293],[1.49477,49.06561],[1.50839,49.08364],[1.54105,49.0714],[1.61102,49.08688],[1.65999,49.14259],[1.67328,49.20848],[1.70079,49.23105],[1.70994,49.26347],[1.74514,49.27026],[1.76868,49.28666],[1.77125,49.34407],[1.71541,49.40971],[1.74254,49.47128],[1.71964,49.5033],[1.7286,49.52419],[1.72148,49.56042],[1.69194,49.58067],[1.7064,49.66482],[1.69028,49.69509],[1.70801,49.70947],[1.71391,49.73348],[1.75024,49.76244],[1.8353,49.74047],[1.84173,49.7182],[1.86884,49.70061],[1.90233,49.70349],[1.93328,49.71912],[2.03031,49.71061],[2.08503,49.68854],[2.18054,49.7039],[2.24448,49.70182],[2.28642,49.68686],[2.31535,49.6883],[2.36075,49.66024],[2.43969,49.65353],[2.47139,49.63196],[2.50523,49.63808],[2.53099,49.62238],[2.62218,49.6111],[2.645,49.59861],[2.6627,49.6],[2.69227,49.62557],[2.76636,49.62279],[2.78102,49.62991],[2.79778,49.65919],[2.84206,49.66207],[2.8539,49.67107],[2.86717,49.70221],[2.88221,49.71261],[2.91303,49.70844],[2.93259,49.69457],[2.9936,49.70737],[3.03333,49.69706],[3.05717,49.71375],[3.11479,49.70594],[3.12536,49.69653],[3.12672,49.66205],[3.11249,49.6415],[3.11044,49.61218],[3.13928,49.57527],[3.1189,49.5019],[3.13186,49.4656],[3.16415,49.44139],[3.12398,49.43684],[3.0983,49.41958],[3.0935,49.37761],[3.072,49.34704],[3.03735,49.32089],[3.03357,49.24529],[3.0588,49.20289],[3.10568,49.19549],[3.14685,49.16059],[3.13357,49.12549],[3.14271,49.1095],[3.1643,49.09918],[3.16374,49.08235],[3.18922,49.05126],[3.18943,49.01659],[3.22379,48.98408],[3.2495,48.97307],[3.27678,48.94548],[3.30381,48.94725],[3.32582,48.92274],[3.36725,48.92667],[3.38539,48.88278],[3.41509,48.86633],[3.46229,48.84888],[3.48431,48.85044],[3.48608,48.81596],[3.45302,48.80654],[3.43967,48.7622],[3.46848,48.7369],[3.47319,48.65639],[3.48695,48.64485],[3.53292,48.64555],[3.55689,48.61809],[3.48423,48.57713],[3.48065,48.54197],[3.44663,48.53151],[3.4342,48.49742],[3.4109,48.4839],[3.40352,48.46833],[3.40605,48.43698],[3.42113,48.41582],[3.41411,48.39135],[3.38845,48.39418],[3.36087,48.37276],[3.29342,48.38041],[3.25036,48.36499],[3.20411,48.36375],[3.16125,48.37559],[3.13236,48.37046],[3.10305,48.35035],[3.06352,48.35287],[3.02633,48.30239],[3.04634,48.25058],[3.00399,48.20785],[2.94451,48.18145],[2.93583,48.16418],[2.87468,48.15733],[2.8159,48.1302],[2.76552,48.15036],[2.70266,48.1229],[2.6703,48.12051],[2.62634,48.13739],[2.44566,48.12478],[2.50755,48.17864],[2.52071,48.21192],[2.50399,48.23619],[2.47431,48.25229],[2.42422,48.26101],[2.41655,48.30325],[2.40091,48.31443],[2.36446,48.31012],[2.32588,48.32302],[2.2461,48.29993],[2.23045,48.32762],[2.21478,48.33279],[2.15953,48.29827],[2.08318,48.29974],[2.03755,48.28473],[1.97287,48.28917],[1.96032,48.30656],[1.97543,48.36381],[1.95778,48.39695],[1.92904,48.40685],[1.91474,48.43313],[1.84867,48.44532],[1.82952,48.46297],[1.80193,48.46713],[1.77864,48.50822],[1.78043,48.55136],[1.76847,48.5673],[1.70534,48.58186],[1.6498,48.64052],[1.60449,48.66313],[1.59931,48.6874],[1.57781,48.70287],[1.5964,48.72849],[1.58143,48.7666],[1.57623,48.84978],[1.54664,48.87086],[1.53943,48.90556],[1.50833,48.9283],[1.49873,48.95936],[1.46395,48.98534],[1.46891,49.01875],[1.4475,49.04638]]]}},{"type":"Feature","id":"near-6-1","properties":{"id":"near-6-1","group":"near-6","placeIds":["paris"],"alpha":0.43},"geometry":{"type":"Polygon","coordinates":[[[1.43179,49.05053],[1.44968,49.07361],[1.4606,49.07912],[1.48619,49.08122],[1.50386,49.09924],[1.51409,49.09885],[1.54224,49.08831],[1.60232,49.1016],[1.64492,49.15005],[1.65735,49.21169],[1.66297,49.22104],[1.68654,49.24037],[1.69894,49.27543],[1.73868,49.28557],[1.7528,49.2954],[1.75473,49.33841],[1.69933,49.40736],[1.72394,49.46936],[1.70348,49.50155],[1.71169,49.52598],[1.70681,49.55077],[1.67697,49.57434],[1.68944,49.66209],[1.67404,49.6946],[1.68004,49.70771],[1.69353,49.71865],[1.70378,49.74619],[1.74686,49.77833],[1.83937,49.7562],[1.85092,49.74497],[1.85566,49.72853],[1.873,49.71728],[1.89781,49.71941],[1.9347,49.73531],[2.03173,49.7268],[2.08692,49.7053],[2.17796,49.71995],[2.24501,49.71806],[2.28884,49.70325],[2.32389,49.70212],[2.36599,49.6761],[2.44107,49.66972],[2.47503,49.64913],[2.50234,49.65407],[2.51368,49.65195],[2.53646,49.63807],[2.62418,49.62723],[2.64856,49.61519],[2.6561,49.61578],[2.68164,49.63786],[2.69288,49.64181],[2.76291,49.63918],[2.76941,49.64233],[2.78918,49.67297],[2.83612,49.67796],[2.85792,49.71557],[2.87296,49.72598],[2.88439,49.72871],[2.91521,49.72454],[2.93619,49.71193],[2.99027,49.72327],[3.03015,49.71468],[3.04785,49.72706],[3.05935,49.72986],[3.11697,49.72205],[3.14005,49.70347],[3.14296,49.66269],[3.12839,49.63591],[3.12708,49.61727],[3.15522,49.57844],[3.13593,49.50252],[3.14552,49.47567],[3.1739,49.45439],[3.18039,49.44096],[3.17319,49.42789],[3.12975,49.42114],[3.11359,49.41028],[3.10679,49.36826],[3.0853,49.33769],[3.0532,49.31249],[3.05005,49.24939],[3.06887,49.21775],[3.11619,49.20788],[3.15736,49.17298],[3.16259,49.16465],[3.16205,49.15483],[3.15148,49.1269],[3.17819,49.10762],[3.18019,49.08792],[3.20179,49.06156],[3.20546,49.05136],[3.20563,49.02363],[3.23285,48.99788],[3.26106,48.9845],[3.28312,48.96218],[3.30994,48.9623],[3.33244,48.93969],[3.36572,48.94284],[3.37563,48.94058],[3.38226,48.93287],[3.39824,48.89424],[3.42188,48.88114],[3.46464,48.86533],[3.49151,48.86501],[3.49789,48.85937],[3.50107,48.80968],[3.49054,48.80033],[3.46602,48.79335],[3.45824,48.76752],[3.48308,48.74403],[3.489,48.66434],[3.49276,48.66119],[3.53953,48.6604],[3.56914,48.62878],[3.57302,48.62013],[3.57141,48.61079],[3.56487,48.60393],[3.49955,48.56711],[3.49321,48.53167],[3.45913,48.51835],[3.44947,48.49185],[3.44236,48.48337],[3.42342,48.47238],[3.42007,48.4653],[3.42188,48.44276],[3.43715,48.41857],[3.42604,48.38031],[3.41233,48.3752],[3.39322,48.37731],[3.37084,48.35993],[3.35904,48.35661],[3.29535,48.36383],[3.25079,48.34874],[3.20454,48.3475],[3.16047,48.35895],[3.13866,48.35508],[3.11224,48.33695],[3.10201,48.33414],[3.07134,48.33609],[3.0447,48.29993],[3.0615,48.25643],[3.06224,48.24725],[3.05788,48.23914],[3.01553,48.19641],[2.95641,48.16895],[2.94512,48.15085],[2.8791,48.14148],[2.81632,48.11395],[2.7658,48.13275],[2.70916,48.10801],[2.67149,48.1043],[2.62388,48.12093],[2.43889,48.11001],[2.43265,48.11505],[2.43043,48.13044],[2.49389,48.1883],[2.50241,48.20984],[2.49281,48.22377],[2.4689,48.23673],[2.42143,48.245],[2.41277,48.24947],[2.40174,48.29386],[2.39657,48.29756],[2.35931,48.29471],[2.32553,48.306],[2.24344,48.2839],[2.23195,48.29194],[2.21693,48.31497],[2.15921,48.28202],[2.08563,48.28344],[2.03644,48.26852],[1.97176,48.27296],[1.95969,48.27966],[1.94434,48.30359],[1.95809,48.3618],[1.94644,48.38367],[1.92375,48.39148],[1.91476,48.39908],[1.90417,48.41856],[1.84572,48.42934],[1.82217,48.44765],[1.79273,48.45374],[1.76451,48.50021],[1.76396,48.54624],[1.75904,48.5528],[1.69354,48.57069],[1.63997,48.62726],[1.59165,48.65317],[1.58473,48.67788],[1.56299,48.69622],[1.56466,48.71242],[1.57802,48.73083],[1.56521,48.76559],[1.56049,48.84104],[1.53721,48.85762],[1.53073,48.86755],[1.52479,48.89613],[1.49874,48.91518],[1.48477,48.94951],[1.44892,48.97915],[1.45182,49.01428],[1.43465,49.03643],[1.43179,49.05053]],[[1.46891,49.01875],[1.46395,48.98534],[1.49873,48.95936],[1.50833,48.9283],[1.53943,48.90556],[1.54664,48.87086],[1.57623,48.84978],[1.58143,48.7666],[1.5964,48.72849],[1.57781,48.70287],[1.59931,48.6874],[1.60449,48.66313],[1.6498,48.64052],[1.70534,48.58186],[1.76847,48.5673],[1.78043,48.55136],[1.77864,48.50822],[1.80193,48.46713],[1.82952,48.46297],[1.84867,48.44532],[1.91474,48.43313],[1.92904,48.40685],[1.95778,48.39695],[1.97543,48.36381],[1.96032,48.30656],[1.97287,48.28917],[2.03755,48.28473],[2.08318,48.29974],[2.15953,48.29827],[2.21478,48.33279],[2.23045,48.32762],[2.2461,48.29993],[2.32588,48.32302],[2.36446,48.31012],[2.40091,48.31443],[2.41655,48.30325],[2.42422,48.26101],[2.47431,48.25229],[2.50399,48.23619],[2.52071,48.21192],[2.50755,48.17864],[2.44566,48.12478],[2.62634,48.13739],[2.6703,48.12051],[2.70266,48.1229],[2.76552,48.15036],[2.8159,48.1302],[2.87468,48.15733],[2.93583,48.16418],[2.94451,48.18145],[3.00399,48.20785],[3.04634,48.25058],[3.02633,48.30239],[3.06352,48.35287],[3.10305,48.35035],[3.13236,48.37046],[3.16125,48.37559],[3.20411,48.36375],[3.25036,48.36499],[3.29342,48.38041],[3.36087,48.37276],[3.38845,48.39418],[3.41411,48.39135],[3.42113,48.41582],[3.40605,48.43698],[3.40352,48.46833],[3.4109,48.4839],[3.4342,48.49742],[3.44663,48.53151],[3.48065,48.54197],[3.48423,48.57713],[3.55689,48.61809],[3.53292,48.64555],[3.48695,48.64485],[3.47319,48.65639],[3.46848,48.7369],[3.43967,48.7622],[3.45302,48.80654],[3.48608,48.81596],[3.48431,48.85044],[3.46229,48.84888],[3.41509,48.86633],[3.38539,48.88278],[3.36725,48.92667],[3.32582,48.92274],[3.30381,48.94725],[3.27678,48.94548],[3.2495,48.97307],[3.22379,48.98408],[3.18943,49.01659],[3.18922,49.05126],[3.16374,49.08235],[3.1643,49.09918],[3.14271,49.1095],[3.13357,49.12549],[3.14685,49.16059],[3.10568,49.19549],[3.0588,49.20289],[3.03357,49.24529],[3.03735,49.32089],[3.072,49.34704],[3.0935,49.37761],[3.0983,49.41958],[3.12398,49.43684],[3.16415,49.44139],[3.13186,49.4656],[3.1189,49.5019],[3.13928,49.57527],[3.11044,49.61218],[3.11249,49.6415],[3.12672,49.66205],[3.12536,49.69653],[3.11479,49.70594],[3.05717,49.71375],[3.03333,49.69706],[2.9936,49.70737],[2.93259,49.69457],[2.91303,49.70844],[2.88221,49.71261],[2.86717,49.70221],[2.8539,49.67107],[2.84206,49.66207],[2.79778,49.65919],[2.78102,49.62991],[2.76636,49.62279],[2.69227,49.62557],[2.6627,49.6],[2.645,49.59861],[2.62218,49.6111],[2.53099,49.62238],[2.50523,49.63808],[2.47139,49.63196],[2.43969,49.65353],[2.36075,49.66024],[2.31535,49.6883],[2.28642,49.68686],[2.24448,49.70182],[2.18054,49.7039],[2.08503,49.68854],[2.03031,49.71061],[1.93328,49.71912],[1.90233,49.70349],[1.86884,49.70061],[1.84173,49.7182],[1.8353,49.74047],[1.75024,49.76244],[1.71391,49.73348],[1.70801,49.70947],[1.69028,49.69509],[1.7064,49.66482],[1.69194,49.58067],[1.72148,49.56042],[1.7286,49.52419],[1.71964,49.5033],[1.74254,49.47128],[1.71541,49.40971],[1.77125,49.34407],[1.76868,49.28666],[1.74514,49.27026],[1.70994,49.26347],[1.70079,49.23105],[1.67328,49.20848],[1.65999,49.14259],[1.61102,49.08688],[1.54105,49.0714],[1.50839,49.08364],[1.49477,49.06561],[1.46193,49.06293],[1.4475,49.04638],[1.46891,49.01875]]]}},{"type":"Feature","id":"near-6-2","properties":{"id":"near-6-2","group":"near-6","placeIds":["paris"],"alpha":0.25},"geometry":{"type":"Polygon","coordinates":[[[1.41565,49.03991],[1.41607,49.05468],[1.43743,49.08429],[1.45928,49.09532],[1.47762,49.09682],[1.49933,49.11485],[1.51979,49.11407],[1.54343,49.10521],[1.59362,49.11631],[1.62985,49.15752],[1.64142,49.2149],[1.65267,49.23361],[1.67228,49.2497],[1.67866,49.27229],[1.68795,49.2874],[1.70378,49.29538],[1.73693,49.30415],[1.73821,49.33275],[1.69066,49.38865],[1.68325,49.40501],[1.68567,49.42281],[1.70533,49.46744],[1.68733,49.4998],[1.69478,49.52778],[1.69215,49.54112],[1.67356,49.55386],[1.662,49.56802],[1.65991,49.58617],[1.67248,49.65936],[1.6578,49.69412],[1.66074,49.70862],[1.67905,49.72783],[1.68235,49.74124],[1.69366,49.75889],[1.72999,49.78785],[1.74347,49.79422],[1.75837,49.7939],[1.84343,49.77194],[1.85796,49.76377],[1.86959,49.73886],[1.87717,49.73395],[1.89329,49.73533],[1.91863,49.74813],[1.93612,49.7515],[2.03315,49.74299],[2.0888,49.72206],[2.17538,49.73599],[2.24554,49.7343],[2.29125,49.71964],[2.31374,49.72076],[2.33243,49.71594],[2.37123,49.69197],[2.44245,49.68591],[2.45798,49.6804],[2.47868,49.6663],[2.49945,49.67006],[2.52214,49.66583],[2.54193,49.65377],[2.62617,49.64335],[2.65066,49.63256],[2.67101,49.65015],[2.69349,49.65805],[2.75828,49.65561],[2.78058,49.68676],[2.79567,49.69162],[2.82823,49.69374],[2.83727,49.71495],[2.84868,49.72894],[2.86372,49.73934],[2.88657,49.74482],[2.91739,49.74064],[2.9398,49.72929],[2.98693,49.73918],[3.02697,49.73229],[3.03853,49.74038],[3.06153,49.74596],[3.11916,49.73815],[3.13641,49.73021],[3.15475,49.71041],[3.1592,49.66333],[3.14373,49.62236],[3.16489,49.59528],[3.17115,49.58161],[3.17059,49.56657],[3.15297,49.50313],[3.15918,49.48574],[3.18364,49.46739],[3.19341,49.45554],[3.19664,49.44052],[3.19261,49.4257],[3.18222,49.41438],[3.1678,49.4091],[3.13552,49.40544],[3.12889,49.40098],[3.12579,49.37392],[3.12009,49.35892],[3.09859,49.32834],[3.06905,49.3041],[3.06652,49.25348],[3.07894,49.23262],[3.11075,49.22759],[3.1267,49.22028],[3.16787,49.18538],[3.17832,49.16872],[3.17725,49.14908],[3.17082,49.13209],[3.19207,49.11606],[3.19663,49.09349],[3.21436,49.07186],[3.22171,49.05146],[3.22184,49.03067],[3.24191,49.01168],[3.27262,48.99592],[3.28946,48.97888],[3.31607,48.97735],[3.33906,48.95664],[3.36418,48.95902],[3.38402,48.9545],[3.39728,48.93908],[3.41109,48.9057],[3.46698,48.88179],[3.49871,48.87957],[3.51147,48.86829],[3.51677,48.85211],[3.51606,48.8034],[3.50766,48.79165],[3.47902,48.78015],[3.47681,48.77283],[3.49768,48.75116],[3.5045,48.67762],[3.53242,48.67805],[3.54614,48.67524],[3.5574,48.66693],[3.58138,48.63946],[3.58914,48.62217],[3.58593,48.60349],[3.57285,48.58978],[3.51486,48.55709],[3.51298,48.53867],[3.50577,48.52136],[3.4902,48.51091],[3.47163,48.5052],[3.46473,48.48629],[3.45051,48.46931],[3.43669,48.46129],[3.43772,48.44854],[3.45316,48.42132],[3.44536,48.38239],[3.43797,48.36928],[3.42548,48.3609],[3.39798,48.36043],[3.38081,48.34709],[3.35721,48.34047],[3.29727,48.34726],[3.25123,48.3325],[3.20498,48.33126],[3.15968,48.3423],[3.14496,48.33969],[3.12143,48.32355],[3.10098,48.31792],[3.07916,48.31931],[3.06307,48.29747],[3.07665,48.26228],[3.07815,48.24392],[3.06942,48.2277],[3.02708,48.18497],[2.96832,48.15646],[2.95441,48.13752],[2.93945,48.13189],[2.88352,48.12562],[2.81674,48.09771],[2.76607,48.11514],[2.71567,48.09312],[2.67269,48.0881],[2.62142,48.10447],[2.44792,48.09236],[2.43213,48.09523],[2.41964,48.10531],[2.41349,48.12014],[2.41519,48.1361],[2.42432,48.1493],[2.48024,48.19796],[2.48411,48.20775],[2.4635,48.22118],[2.41865,48.22899],[2.40132,48.23794],[2.39224,48.2552],[2.38771,48.28015],[2.35416,48.2793],[2.32518,48.28899],[2.25513,48.26871],[2.24078,48.26787],[2.22747,48.2733],[2.21262,48.29312],[2.17675,48.2707],[2.1589,48.26577],[2.08808,48.26714],[2.03533,48.25231],[1.97064,48.25675],[1.95709,48.26076],[1.94652,48.27015],[1.92836,48.30063],[1.94075,48.35978],[1.9351,48.37039],[1.91846,48.37612],[1.90049,48.39132],[1.8936,48.40398],[1.84277,48.41336],[1.81482,48.43232],[1.78352,48.44035],[1.77366,48.4511],[1.75037,48.49219],[1.74617,48.50957],[1.74738,48.53881],[1.69804,48.5502],[1.68174,48.55952],[1.63015,48.614],[1.58998,48.63404],[1.5788,48.64322],[1.57014,48.66835],[1.54816,48.68956],[1.54548,48.70621],[1.55964,48.73317],[1.549,48.76457],[1.54476,48.8323],[1.52779,48.84439],[1.51482,48.86425],[1.51015,48.88671],[1.48915,48.90206],[1.47727,48.91871],[1.4708,48.93965],[1.4445,48.9593],[1.4339,48.97295],[1.4318,48.99011],[1.43473,49.0098],[1.42181,49.02647],[1.41565,49.03991]],[[1.45182,49.01428],[1.44892,48.97915],[1.48477,48.94951],[1.49874,48.91518],[1.52479,48.89613],[1.53073,48.86755],[1.53721,48.85762],[1.56049,48.84104],[1.56521,48.76559],[1.57802,48.73083],[1.56466,48.71242],[1.56299,48.69622],[1.58473,48.67788],[1.59165,48.65317],[1.63997,48.62726],[1.69354,48.57069],[1.75904,48.5528],[1.76396,48.54624],[1.76451,48.50021],[1.79273,48.45374],[1.82217,48.44765],[1.84572,48.42934],[1.90417,48.41856],[1.91476,48.39908],[1.92375,48.39148],[1.94644,48.38367],[1.95809,48.3618],[1.94434,48.30359],[1.95969,48.27966],[1.97176,48.27296],[2.03644,48.26852],[2.08563,48.28344],[2.15921,48.28202],[2.21693,48.31497],[2.23195,48.29194],[2.24344,48.2839],[2.32553,48.306],[2.35931,48.29471],[2.39657,48.29756],[2.40174,48.29386],[2.41277,48.24947],[2.42143,48.245],[2.4689,48.23673],[2.49281,48.22377],[2.50241,48.20984],[2.49389,48.1883],[2.43043,48.13044],[2.43265,48.11505],[2.43889,48.11001],[2.62388,48.12093],[2.67149,48.1043],[2.70916,48.10801],[2.7658,48.13275],[2.81632,48.11395],[2.8791,48.14148],[2.94512,48.15085],[2.95641,48.16895],[3.01553,48.19641],[3.05788,48.23914],[3.06224,48.24725],[3.0615,48.25643],[3.0447,48.29993],[3.07134,48.33609],[3.10201,48.33414],[3.11224,48.33695],[3.13866,48.35508],[3.16047,48.35895],[3.20454,48.3475],[3.25079,48.34874],[3.29535,48.36383],[3.35904,48.35661],[3.37084,48.35993],[3.39322,48.37731],[3.41233,48.3752],[3.42604,48.38031],[3.43715,48.41857],[3.42188,48.44276],[3.42007,48.4653],[3.42342,48.47238],[3.44236,48.48337],[3.44947,48.49185],[3.45913,48.51835],[3.49321,48.53167],[3.49955,48.56711],[3.56487,48.60393],[3.57141,48.61079],[3.57302,48.62013],[3.56914,48.62878],[3.53953,48.6604],[3.49276,48.66119],[3.489,48.66434],[3.48308,48.74403],[3.45824,48.76752],[3.46602,48.79335],[3.49054,48.80033],[3.50107,48.80968],[3.49789,48.85937],[3.49151,48.86501],[3.46464,48.86533],[3.42188,48.88114],[3.39824,48.89424],[3.38226,48.93287],[3.37563,48.94058],[3.36572,48.94284],[3.33244,48.93969],[3.30994,48.9623],[3.28312,48.96218],[3.26106,48.9845],[3.23285,48.99788],[3.20563,49.02363],[3.20546,49.05136],[3.20179,49.06156],[3.18019,49.08792],[3.17819,49.10762],[3.15148,49.1269],[3.16205,49.15483],[3.16259,49.16465],[3.15736,49.17298],[3.11619,49.20788],[3.06887,49.21775],[3.05005,49.24939],[3.0532,49.31249],[3.0853,49.33769],[3.10679,49.36826],[3.11359,49.41028],[3.12975,49.42114],[3.17319,49.42789],[3.18039,49.44096],[3.1739,49.45439],[3.14552,49.47567],[3.13593,49.50252],[3.15522,49.57844],[3.12708,49.61727],[3.12839,49.63591],[3.14296,49.66269],[3.14005,49.70347],[3.11697,49.72205],[3.05935,49.72986],[3.04785,49.72706],[3.03015,49.71468],[2.99027,49.72327],[2.93619,49.71193],[2.91521,49.72454],[2.88439,49.72871],[2.87296,49.72598],[2.85792,49.71557],[2.83612,49.67796],[2.78918,49.67297],[2.76941,49.64233],[2.76291,49.63918],[2.69288,49.64181],[2.68164,49.63786],[2.6561,49.61578],[2.64856,49.61519],[2.62418,49.62723],[2.53646,49.63807],[2.51368,49.65195],[2.50234,49.65407],[2.47503,49.64913],[2.44107,49.66972],[2.36599,49.6761],[2.32389,49.70212],[2.28884,49.70325],[2.24501,49.71806],[2.17796,49.71995],[2.08692,49.7053],[2.03173,49.7268],[1.9347,49.73531],[1.89781,49.71941],[1.873,49.71728],[1.85566,49.72853],[1.85092,49.74497],[1.83937,49.7562],[1.74686,49.77833],[1.70378,49.74619],[1.69353,49.71865],[1.68004,49.70771],[1.67404,49.6946],[1.68944,49.66209],[1.67697,49.57434],[1.70681,49.55077],[1.71169,49.52598],[1.70348,49.50155],[1.72394,49.46936],[1.69933,49.40736],[1.75473,49.33841],[1.7528,49.2954],[1.73868,49.28557],[1.69894,49.27543],[1.68654,49.24037],[1.66297,49.22104],[1.65735,49.21169],[1.64492,49.15005],[1.60232,49.1016],[1.54224,49.08831],[1.51409,49.09885],[1.50386,49.09924],[1.48619,49.08122],[1.4606,49.07912],[1.44968,49.07361],[1.43179,49.05053],[1.43465,49.03643],[1.45182,49.01428]]]}},{"type":"Feature","id":"near-6-3","properties":{"id":"near-6-3","group":"near-6","placeIds":["paris"],"alpha":0.11},"geometry":{"type":"Polygon","coordinates":[[[1.39972,49.03667],[1.40036,49.05883],[1.41075,49.07842],[1.42519,49.09497],[1.45795,49.11152],[1.46904,49.11242],[1.4948,49.13045],[1.52549,49.12929],[1.54462,49.12212],[1.58493,49.13103],[1.61478,49.16499],[1.62549,49.21811],[1.64236,49.24617],[1.65803,49.25903],[1.66302,49.27671],[1.67695,49.29936],[1.7007,49.31133],[1.72116,49.31528],[1.72169,49.32709],[1.67828,49.37812],[1.66717,49.40266],[1.6708,49.42936],[1.68673,49.46551],[1.67117,49.49805],[1.67749,49.53147],[1.66438,49.54046],[1.64703,49.56169],[1.64389,49.58892],[1.65553,49.65663],[1.64155,49.69363],[1.64596,49.71539],[1.66458,49.73701],[1.68353,49.7716],[1.71986,49.80056],[1.74008,49.81012],[1.76244,49.80964],[1.8475,49.78767],[1.86929,49.77542],[1.88307,49.75076],[1.9113,49.76264],[1.93754,49.76769],[2.03457,49.75917],[2.09068,49.73883],[2.1728,49.75203],[2.24607,49.75054],[2.29367,49.73603],[2.31293,49.73699],[2.34097,49.72977],[2.37648,49.70783],[2.44382,49.7021],[2.46712,49.69383],[2.48233,49.68348],[2.49656,49.68605],[2.53059,49.67971],[2.54739,49.66947],[2.62816,49.65948],[2.64857,49.65223],[2.66038,49.66244],[2.6941,49.67429],[2.74907,49.67222],[2.77197,49.70055],[2.79462,49.70783],[2.8172,49.7093],[2.82232,49.72132],[2.83944,49.7423],[2.85448,49.75271],[2.88875,49.76092],[2.91957,49.75674],[2.94341,49.74665],[2.9836,49.75508],[3.0238,49.7499],[3.06371,49.76206],[3.12134,49.75425],[3.14722,49.74234],[3.16944,49.71735],[3.17407,49.69845],[3.17544,49.66397],[3.16127,49.6263],[3.17769,49.60529],[3.18709,49.58477],[3.18625,49.56222],[3.17001,49.50374],[3.17284,49.4958],[3.19339,49.48039],[3.20804,49.46261],[3.21288,49.44008],[3.20684,49.41785],[3.19126,49.40088],[3.16963,49.39295],[3.14399,49.39005],[3.14194,49.37207],[3.13338,49.34957],[3.11188,49.319],[3.0849,49.2957],[3.083,49.25757],[3.089,49.24748],[3.11329,49.24364],[3.13721,49.23267],[3.17838,49.19777],[3.19405,49.17278],[3.19058,49.13841],[3.20596,49.1245],[3.21242,49.09986],[3.22693,49.08215],[3.23796,49.05156],[3.23805,49.0377],[3.25097,49.02547],[3.26869,49.01789],[3.2958,48.99558],[3.3222,48.9924],[3.34568,48.97359],[3.36265,48.9752],[3.3924,48.96842],[3.4123,48.94529],[3.42393,48.91716],[3.46933,48.89825],[3.50592,48.89414],[3.52505,48.87722],[3.533,48.85295],[3.53477,48.81847],[3.53105,48.79712],[3.51844,48.7795],[3.50269,48.77086],[3.51228,48.7583],[3.51715,48.73975],[3.51982,48.69411],[3.55275,48.69009],[3.56964,48.67761],[3.59362,48.65015],[3.60526,48.62421],[3.60045,48.59619],[3.58083,48.57562],[3.53017,48.54706],[3.51834,48.51105],[3.48413,48.49204],[3.48,48.48072],[3.45458,48.45288],[3.46918,48.42407],[3.46799,48.40238],[3.46098,48.37791],[3.4499,48.35825],[3.43116,48.34568],[3.40275,48.34356],[3.39077,48.33426],[3.35538,48.32432],[3.29919,48.33069],[3.25167,48.31626],[3.20542,48.31501],[3.1589,48.32566],[3.15125,48.3243],[3.13062,48.31015],[3.09995,48.3017],[3.08698,48.30253],[3.08144,48.29501],[3.09181,48.26814],[3.09405,48.2406],[3.08096,48.21626],[3.03862,48.17353],[3.02377,48.16329],[2.98023,48.14397],[2.96369,48.12418],[2.94126,48.11574],[2.88795,48.10977],[2.83633,48.08594],[2.81716,48.08147],[2.79779,48.08494],[2.76634,48.09752],[2.72217,48.07823],[2.67389,48.07189],[2.65282,48.075],[2.61895,48.088],[2.44905,48.07615],[2.42536,48.08046],[2.40663,48.09558],[2.39741,48.11782],[2.39996,48.14176],[2.41366,48.16156],[2.46192,48.20355],[2.41586,48.21298],[2.38988,48.22641],[2.37445,48.26222],[2.34901,48.26389],[2.32483,48.27197],[2.25965,48.25311],[2.23812,48.25184],[2.21816,48.25998],[2.20806,48.2711],[2.18536,48.25692],[2.15859,48.24953],[2.09053,48.25084],[2.05279,48.23842],[2.03421,48.2361],[1.96953,48.24054],[1.9492,48.24656],[1.93334,48.26064],[1.91239,48.29766],[1.91318,48.319],[1.92328,48.35727],[1.91317,48.36075],[1.88303,48.38941],[1.83983,48.39738],[1.80747,48.417],[1.77431,48.42696],[1.75952,48.44309],[1.73623,48.48418],[1.72993,48.51024],[1.73059,48.52601],[1.69438,48.53436],[1.66995,48.54834],[1.62032,48.60074],[1.58273,48.6195],[1.56596,48.63327],[1.55556,48.65882],[1.53334,48.6829],[1.52932,48.70788],[1.54127,48.73551],[1.53278,48.76356],[1.52902,48.82355],[1.51836,48.83115],[1.49891,48.86095],[1.49552,48.87728],[1.47956,48.88894],[1.46175,48.91391],[1.45684,48.9298],[1.43478,48.94628],[1.41887,48.96676],[1.41763,49.00533],[1.40896,49.01652],[1.39972,49.03667]],[[1.43473,49.0098],[1.4318,48.99011],[1.4339,48.97295],[1.4445,48.9593],[1.4708,48.93965],[1.47727,48.91871],[1.48915,48.90206],[1.51015,48.88671],[1.51482,48.86425],[1.52779,48.84439],[1.54476,48.8323],[1.549,48.76457],[1.55964,48.73317],[1.54548,48.70621],[1.54816,48.68956],[1.57014,48.66835],[1.5788,48.64322],[1.58998,48.63404],[1.63015,48.614],[1.68174,48.55952],[1.69804,48.5502],[1.74738,48.53881],[1.74617,48.50957],[1.75037,48.49219],[1.77366,48.4511],[1.78352,48.44035],[1.81482,48.43232],[1.84277,48.41336],[1.8936,48.40398],[1.90049,48.39132],[1.91846,48.37612],[1.9351,48.37039],[1.94075,48.35978],[1.92836,48.30063],[1.94652,48.27015],[1.95709,48.26076],[1.97064,48.25675],[2.03533,48.25231],[2.08808,48.26714],[2.1589,48.26577],[2.17675,48.2707],[2.21262,48.29312],[2.22747,48.2733],[2.24078,48.26787],[2.25513,48.26871],[2.32518,48.28899],[2.35416,48.2793],[2.38771,48.28015],[2.39224,48.2552],[2.40132,48.23794],[2.41865,48.22899],[2.4635,48.22118],[2.48411,48.20775],[2.48024,48.19796],[2.42432,48.1493],[2.41519,48.1361],[2.41349,48.12014],[2.41964,48.10531],[2.43213,48.09523],[2.44792,48.09236],[2.62142,48.10447],[2.67269,48.0881],[2.71567,48.09312],[2.76607,48.11514],[2.81674,48.09771],[2.88352,48.12562],[2.93945,48.13189],[2.95441,48.13752],[2.96832,48.15646],[3.02708,48.18497],[3.06942,48.2277],[3.07815,48.24392],[3.07665,48.26228],[3.06307,48.29747],[3.07916,48.31931],[3.10098,48.31792],[3.12143,48.32355],[3.14496,48.33969],[3.15968,48.3423],[3.20498,48.33126],[3.25123,48.3325],[3.29727,48.34726],[3.35721,48.34047],[3.38081,48.34709],[3.39798,48.36043],[3.42548,48.3609],[3.43797,48.36928],[3.44536,48.38239],[3.45316,48.42132],[3.43772,48.44854],[3.43669,48.46129],[3.45051,48.46931],[3.46473,48.48629],[3.47163,48.5052],[3.4902,48.51091],[3.50577,48.52136],[3.51298,48.53867],[3.51486,48.55709],[3.57285,48.58978],[3.58593,48.60349],[3.58914,48.62217],[3.58138,48.63946],[3.5574,48.66693],[3.54614,48.67524],[3.53242,48.67805],[3.5045,48.67762],[3.49768,48.75116],[3.47681,48.77283],[3.47902,48.78015],[3.50766,48.79165],[3.51606,48.8034],[3.51677,48.85211],[3.51147,48.86829],[3.49871,48.87957],[3.46698,48.88179],[3.41109,48.9057],[3.39728,48.93908],[3.38402,48.9545],[3.36418,48.95902],[3.33906,48.95664],[3.31607,48.97735],[3.28946,48.97888],[3.27262,48.99592],[3.24191,49.01168],[3.22184,49.03067],[3.22171,49.05146],[3.21436,49.07186],[3.19663,49.09349],[3.19207,49.11606],[3.17082,49.13209],[3.17725,49.14908],[3.17832,49.16872],[3.16787,49.18538],[3.1267,49.22028],[3.11075,49.22759],[3.07894,49.23262],[3.06652,49.25348],[3.06905,49.3041],[3.09859,49.32834],[3.12009,49.35892],[3.12579,49.37392],[3.12889,49.40098],[3.13552,49.40544],[3.1678,49.4091],[3.18222,49.41438],[3.19261,49.4257],[3.19664,49.44052],[3.19341,49.45554],[3.18364,49.46739],[3.15918,49.48574],[3.15297,49.50313],[3.17059,49.56657],[3.17115,49.58161],[3.16489,49.59528],[3.14373,49.62236],[3.1592,49.66333],[3.15475,49.71041],[3.13641,49.73021],[3.11916,49.73815],[3.06153,49.74596],[3.03853,49.74038],[3.02697,49.73229],[2.98693,49.73918],[2.9398,49.72929],[2.91739,49.74064],[2.88657,49.74482],[2.86372,49.73934],[2.84868,49.72894],[2.83727,49.71495],[2.82823,49.69374],[2.79567,49.69162],[2.78058,49.68676],[2.75828,49.65561],[2.69349,49.65805],[2.67101,49.65015],[2.65066,49.63256],[2.62617,49.64335],[2.54193,49.65377],[2.52214,49.66583],[2.49945,49.67006],[2.47868,49.6663],[2.45798,49.6804],[2.44245,49.68591],[2.37123,49.69197],[2.33243,49.71594],[2.31374,49.72076],[2.29125,49.71964],[2.24554,49.7343],[2.17538,49.73599],[2.0888,49.72206],[2.03315,49.74299],[1.93612,49.7515],[1.91863,49.74813],[1.89329,49.73533],[1.87717,49.73395],[1.86959,49.73886],[1.85796,49.76377],[1.84343,49.77194],[1.75837,49.7939],[1.74347,49.79422],[1.72999,49.78785],[1.69366,49.75889],[1.68235,49.74124],[1.67905,49.72783],[1.66074,49.70862],[1.6578,49.69412],[1.67248,49.65936],[1.65991,49.58617],[1.662,49.56802],[1.67356,49.55386],[1.69215,49.54112],[1.69478,49.52778],[1.68733,49.4998],[1.70533,49.46744],[1.68567,49.42281],[1.68325,49.40501],[1.69066,49.38865],[1.73821,49.33275],[1.73693,49.30415],[1.70378,49.29538],[1.68795,49.2874],[1.67866,49.27229],[1.67228,49.2497],[1.65267,49.23361],[1.64142,49.2149],[1.62985,49.15752],[1.59362,49.11631],[1.54343,49.10521],[1.51979,49.11407],[1.49933,49.11485],[1.47762,49.09682],[1.45928,49.09532],[1.43743,49.08429],[1.41607,49.05468],[1.41565,49.03991],[1.42181,49.02647],[1.43473,49.0098]]]}},{"type":"Feature","id":"near-6-4","properties":{"id":"near-6-4","group":"near-6","placeIds":["paris"],"alpha":0.035},"geometry":{"type":"Polygon","coordinates":[[[1.3838,49.03344],[1.38465,49.06299],[1.39851,49.0891],[1.41294,49.10565],[1.45663,49.12771],[1.46457,49.12836],[1.49027,49.14606],[1.5312,49.1445],[1.54582,49.13903],[1.57623,49.14575],[1.59971,49.17246],[1.60956,49.22132],[1.63205,49.25874],[1.64378,49.26835],[1.64738,49.28112],[1.66596,49.31133],[1.69983,49.32772],[1.6659,49.36759],[1.65109,49.40032],[1.65593,49.43592],[1.66812,49.46359],[1.65502,49.4963],[1.65921,49.5243],[1.63206,49.55536],[1.62788,49.59168],[1.63857,49.6539],[1.62531,49.69315],[1.63119,49.72216],[1.6734,49.78431],[1.70973,49.81327],[1.73669,49.82601],[1.7665,49.82537],[1.85156,49.8034],[1.88061,49.78707],[1.89062,49.77039],[1.90398,49.77714],[1.93896,49.78387],[2.03599,49.77536],[2.09257,49.75559],[2.17022,49.76808],[2.2466,49.76678],[2.29609,49.75242],[2.31213,49.75322],[2.34951,49.74359],[2.38172,49.72369],[2.4452,49.71829],[2.48598,49.70065],[2.53905,49.69358],[2.55286,49.68517],[2.63016,49.67561],[2.64516,49.67077],[2.69471,49.69053],[2.73985,49.68883],[2.76337,49.71433],[2.80617,49.72487],[2.83019,49.75567],[2.84523,49.76607],[2.89093,49.77702],[2.92175,49.77285],[2.94515,49.76362],[2.98026,49.77098],[3.02128,49.76734],[3.0659,49.77816],[3.12352,49.77036],[3.15803,49.75448],[3.18414,49.72429],[3.19031,49.69909],[3.19167,49.66461],[3.1809,49.62758],[3.20303,49.58794],[3.20191,49.55787],[3.1873,49.50528],[3.20314,49.49339],[3.22267,49.46968],[3.22912,49.43965],[3.22107,49.41001],[3.2003,49.38737],[3.15867,49.37536],[3.14667,49.34022],[3.12518,49.30965],[3.10075,49.2873],[3.0995,49.26227],[3.11582,49.25969],[3.14772,49.24507],[3.18889,49.21017],[3.20979,49.17685],[3.20798,49.14367],[3.21985,49.13294],[3.22621,49.10866],[3.2395,49.09245],[3.25426,49.04474],[3.26003,49.03927],[3.27508,49.03283],[3.30284,49.01158],[3.32833,49.00745],[3.3523,48.99054],[3.40079,48.98234],[3.42731,48.9515],[3.43678,48.92862],[3.47167,48.91471],[3.51312,48.90871],[3.53863,48.88614],[3.54922,48.85378],[3.551,48.8193],[3.54603,48.79084],[3.52655,48.76587],[3.53337,48.7407],[3.53517,48.70988],[3.55936,48.70493],[3.58189,48.6883],[3.60586,48.66084],[3.62138,48.62625],[3.61497,48.5889],[3.58881,48.56146],[3.54548,48.53704],[3.5309,48.50075],[3.49663,48.47888],[3.47509,48.45107],[3.48519,48.42682],[3.48361,48.39791],[3.4766,48.37343],[3.46183,48.34721],[3.43684,48.33045],[3.4077,48.32683],[3.40074,48.32143],[3.35355,48.30817],[3.30111,48.31412],[3.2521,48.30001],[3.20585,48.29877],[3.15812,48.30902],[3.13981,48.29675],[3.10219,48.28639],[3.10697,48.27399],[3.10996,48.23727],[3.09251,48.20483],[3.05016,48.16209],[3.03036,48.14844],[2.99005,48.13055],[2.97298,48.11085],[2.94307,48.09959],[2.89237,48.09391],[2.84314,48.07118],[2.81758,48.06522],[2.79175,48.06985],[2.76662,48.07991],[2.72868,48.06334],[2.67509,48.05569],[2.647,48.05983],[2.61649,48.07154],[2.45018,48.05994],[2.4186,48.06568],[2.39362,48.08584],[2.38133,48.1155],[2.38473,48.14742],[2.40299,48.17382],[2.42684,48.19457],[2.41308,48.19697],[2.37843,48.21487],[2.36171,48.24664],[2.32449,48.25495],[2.26417,48.2375],[2.23547,48.23581],[2.2055,48.25035],[2.19397,48.24314],[2.15827,48.23328],[2.09299,48.23454],[2.05787,48.22299],[2.0331,48.21988],[1.96842,48.22433],[1.94131,48.23235],[1.92017,48.25113],[1.90762,48.26851],[1.89641,48.29469],[1.89747,48.32315],[1.90417,48.34853],[1.87323,48.37469],[1.83688,48.3814],[1.80012,48.40167],[1.7651,48.41357],[1.74539,48.43508],[1.7221,48.47616],[1.71379,48.51321],[1.69073,48.51853],[1.65815,48.53717],[1.6105,48.58749],[1.57547,48.60496],[1.55311,48.62332],[1.54108,48.64923],[1.51852,48.67624],[1.51316,48.70954],[1.52344,48.73644],[1.51656,48.76255],[1.51329,48.81481],[1.483,48.85764],[1.48088,48.86785],[1.46997,48.87582],[1.44622,48.90911],[1.44287,48.91995],[1.42505,48.93326],[1.40385,48.96057],[1.40054,49.00086],[1.39612,49.00656],[1.3838,49.03344]],[[1.41763,49.00533],[1.41887,48.96676],[1.43478,48.94628],[1.45684,48.9298],[1.46175,48.91391],[1.47956,48.88894],[1.49552,48.87728],[1.49891,48.86095],[1.51836,48.83115],[1.52902,48.82355],[1.53278,48.76356],[1.54127,48.73551],[1.52932,48.70788],[1.53334,48.6829],[1.55556,48.65882],[1.56596,48.63327],[1.58273,48.6195],[1.62032,48.60074],[1.66995,48.54834],[1.69438,48.53436],[1.73059,48.52601],[1.72993,48.51024],[1.73623,48.48418],[1.75952,48.44309],[1.77431,48.42696],[1.80747,48.417],[1.83983,48.39738],[1.88303,48.38941],[1.91317,48.36075],[1.92328,48.35727],[1.91318,48.319],[1.91239,48.29766],[1.93334,48.26064],[1.9492,48.24656],[1.96953,48.24054],[2.03421,48.2361],[2.05279,48.23842],[2.09053,48.25084],[2.15859,48.24953],[2.18536,48.25692],[2.20806,48.2711],[2.21816,48.25998],[2.23812,48.25184],[2.25965,48.25311],[2.32483,48.27197],[2.34901,48.26389],[2.37445,48.26222],[2.38988,48.22641],[2.41586,48.21298],[2.46192,48.20355],[2.41366,48.16156],[2.39996,48.14176],[2.39741,48.11782],[2.40663,48.09558],[2.42536,48.08046],[2.44905,48.07615],[2.61895,48.088],[2.65282,48.075],[2.67389,48.07189],[2.72217,48.07823],[2.76634,48.09752],[2.79779,48.08494],[2.81716,48.08147],[2.83633,48.08594],[2.88795,48.10977],[2.94126,48.11574],[2.96369,48.12418],[2.98023,48.14397],[3.02377,48.16329],[3.03862,48.17353],[3.08096,48.21626],[3.09405,48.2406],[3.09181,48.26814],[3.08144,48.29501],[3.08698,48.30253],[3.09995,48.3017],[3.13062,48.31015],[3.15125,48.3243],[3.1589,48.32566],[3.20542,48.31501],[3.25167,48.31626],[3.29919,48.33069],[3.35538,48.32432],[3.39077,48.33426],[3.40275,48.34356],[3.43116,48.34568],[3.4499,48.35825],[3.46098,48.37791],[3.46799,48.40238],[3.46918,48.42407],[3.45458,48.45288],[3.48,48.48072],[3.48413,48.49204],[3.51834,48.51105],[3.53017,48.54706],[3.58083,48.57562],[3.60045,48.59619],[3.60526,48.62421],[3.59362,48.65015],[3.56964,48.67761],[3.55275,48.69009],[3.51982,48.69411],[3.51715,48.73975],[3.51228,48.7583],[3.50269,48.77086],[3.51844,48.7795],[3.53105,48.79712],[3.53477,48.81847],[3.533,48.85295],[3.52505,48.87722],[3.50592,48.89414],[3.46933,48.89825],[3.42393,48.91716],[3.4123,48.94529],[3.3924,48.96842],[3.36265,48.9752],[3.34568,48.97359],[3.3222,48.9924],[3.2958,48.99558],[3.26869,49.01789],[3.25097,49.02547],[3.23805,49.0377],[3.23796,49.05156],[3.22693,49.08215],[3.21242,49.09986],[3.20596,49.1245],[3.19058,49.13841],[3.19405,49.17278],[3.17838,49.19777],[3.13721,49.23267],[3.11329,49.24364],[3.089,49.24748],[3.083,49.25757],[3.0849,49.2957],[3.11188,49.319],[3.13338,49.34957],[3.14194,49.37207],[3.14399,49.39005],[3.16963,49.39295],[3.19126,49.40088],[3.20684,49.41785],[3.21288,49.44008],[3.20804,49.46261],[3.19339,49.48039],[3.17284,49.4958],[3.17001,49.50374],[3.18625,49.56222],[3.18709,49.58477],[3.17769,49.60529],[3.16127,49.6263],[3.17544,49.66397],[3.17407,49.69845],[3.16944,49.71735],[3.14722,49.74234],[3.12134,49.75425],[3.06371,49.76206],[3.0238,49.7499],[2.9836,49.75508],[2.94341,49.74665],[2.91957,49.75674],[2.88875,49.76092],[2.85448,49.75271],[2.83944,49.7423],[2.82232,49.72132],[2.8172,49.7093],[2.79462,49.70783],[2.77197,49.70055],[2.74907,49.67222],[2.6941,49.67429],[2.66038,49.66244],[2.64857,49.65223],[2.62816,49.65948],[2.54739,49.66947],[2.53059,49.67971],[2.49656,49.68605],[2.48233,49.68348],[2.46712,49.69383],[2.44382,49.7021],[2.37648,49.70783],[2.34097,49.72977],[2.31293,49.73699],[2.29367,49.73603],[2.24607,49.75054],[2.1728,49.75203],[2.09068,49.73883],[2.03457,49.75917],[1.93754,49.76769],[1.9113,49.76264],[1.88307,49.75076],[1.86929,49.77542],[1.8475,49.78767],[1.76244,49.80964],[1.74008,49.81012],[1.71986,49.80056],[1.68353,49.7716],[1.66458,49.73701],[1.64596,49.71539],[1.64155,49.69363],[1.65553,49.65663],[1.64389,49.58892],[1.64703,49.56169],[1.66438,49.54046],[1.67749,49.53147],[1.67117,49.49805],[1.68673,49.46551],[1.6708,49.42936],[1.66717,49.40266],[1.67828,49.37812],[1.72169,49.32709],[1.72116,49.31528],[1.7007,49.31133],[1.67695,49.29936],[1.66302,49.27671],[1.65803,49.25903],[1.64236,49.24617],[1.62549,49.21811],[1.61478,49.16499],[1.58493,49.13103],[1.54462,49.12212],[1.52549,49.12929],[1.4948,49.13045],[1.46904,49.11242],[1.45795,49.11152],[1.42519,49.09497],[1.41075,49.07842],[1.40036,49.05883],[1.39972,49.03667],[1.40896,49.01652],[1.41763,49.00533]]]}},{"type":"Feature","id":"near-7-0","properties":{"id":"near-7-0","group":"near-7","placeIds":["san-francisco"],"alpha":0.62},"geometry":{"type":"Polygon","coordinates":[[[-123.02264,37.9956],[-122.99111,38.04519],[-122.95235,38.15386],[-122.9919,38.23375],[-122.98397,38.26526],[-123.00138,38.29542],[-122.9625,38.31726],[-122.91677,38.32079],[-122.73503,38.20563],[-122.65461,38.18268],[-122.57151,38.18582],[-122.55151,38.15535],[-122.49564,38.11344],[-122.48442,38.07533],[-122.4911,38.02185],[-122.42824,37.96493],[-122.40039,37.95962],[-122.38185,37.96838],[-122.37143,37.98017],[-122.36722,38.01158],[-122.31138,38.00896],[-122.28119,38.03189],[-122.27289,38.05952],[-122.29615,38.09733],[-122.40439,38.15207],[-122.37583,38.16354],[-122.3567,38.2066],[-122.36414,38.23882],[-122.40304,38.28177],[-122.4103,38.31991],[-122.49353,38.42072],[-122.50376,38.45671],[-122.52892,38.47025],[-122.54745,38.5163],[-122.62408,38.56515],[-122.64484,38.59856],[-122.6281,38.63341],[-122.62673,38.66696],[-122.45704,38.71282],[-122.41798,38.75617],[-122.40902,38.78998],[-122.39155,38.81323],[-122.39767,38.8617],[-122.34965,38.83997],[-122.29173,38.84052],[-122.2268,38.72561],[-122.22132,38.70145],[-122.16907,38.65494],[-122.09943,38.51981],[-122.05237,38.51424],[-122.01379,38.49472],[-121.93638,38.53364],[-121.86232,38.53838],[-121.7793,38.5244],[-121.71825,38.53671],[-121.69589,38.52652],[-121.6898,38.33031],[-121.66207,38.31403],[-121.59478,38.31231],[-121.60487,38.28474],[-121.60262,38.22467],[-121.6139,38.1986],[-121.66874,38.17619],[-121.68818,38.15259],[-121.69532,38.12166],[-121.67788,38.09716],[-121.58512,38.09437],[-121.57465,38.07911],[-121.57625,38.05358],[-121.55882,38.01736],[-121.57894,37.996],[-121.56001,37.93784],[-121.56976,37.87659],[-121.56119,37.86138],[-121.53543,37.84945],[-121.557,37.80645],[-121.5567,37.56636],[-121.55046,37.54726],[-121.5014,37.52176],[-121.47357,37.48262],[-121.84885,37.48449],[-121.92499,37.45514],[-121.95748,37.46661],[-122.04232,37.45988],[-122.06479,37.47982],[-122.09374,37.48097],[-122.12456,37.45502],[-122.17476,37.44481],[-122.19244,37.41995],[-122.19952,37.36104],[-122.15323,37.28554],[-122.15368,37.21634],[-122.22591,37.21215],[-122.24354,37.19087],[-122.29383,37.18206],[-122.30517,37.14658],[-122.29414,37.10839],[-122.33187,37.1162],[-122.36346,37.16824],[-122.40685,37.20152],[-122.41856,37.24512],[-122.40258,37.34817],[-122.44242,37.43365],[-122.45022,37.47055],[-122.47362,37.4965],[-122.49892,37.49611],[-122.5178,37.53368],[-122.51738,37.58652],[-122.49888,37.61494],[-122.49485,37.64908],[-122.51631,37.80686],[-122.5656,37.85411],[-122.6456,37.89846],[-122.69754,37.89501],[-122.7218,37.90221],[-122.8168,37.99127],[-122.87627,38.02253],[-122.94155,38.02802],[-122.95994,38.02331],[-122.97519,37.99334],[-123.02264,37.9956]],[[-122.35479,37.61332],[-122.34028,37.59508],[-122.25959,37.57119],[-122.20007,37.53907],[-122.1788,37.51129],[-122.16313,37.50565],[-122.13388,37.51912],[-122.13058,37.55115],[-122.16536,37.66637],[-122.24385,37.72001],[-122.26707,37.75854],[-122.32161,37.7806],[-122.35106,37.77621],[-122.36103,37.76459],[-122.35823,37.72533],[-122.38141,37.68932],[-122.37542,37.63691],[-122.35479,37.61332]],[[-122.42166,37.95435],[-122.45229,37.96733],[-122.46814,37.96053],[-122.481,37.92066],[-122.46913,37.90372],[-122.43934,37.8881],[-122.41603,37.89752],[-122.41899,37.85574],[-122.4017,37.83213],[-122.37056,37.83076],[-122.33771,37.81262],[-122.31984,37.81926],[-122.30579,37.84924],[-122.31304,37.89092],[-122.34379,37.90902],[-122.40067,37.90862],[-122.41435,37.8992],[-122.40472,37.92264],[-122.42166,37.95435]]]}},{"type":"Feature","id":"near-7-1","properties":{"id":"near-7-1","group":"near-7","placeIds":["san-francisco"],"alpha":0.43},"geometry":{"type":"MultiPolygon","coordinates":[[[[-123.03707,37.98812],[-123.03887,37.99632],[-123.0058,38.05237],[-122.96997,38.15283],[-123.00646,38.22654],[-123.00766,38.23771],[-123.00133,38.26284],[-123.01763,38.29548],[-123.00934,38.30959],[-122.96376,38.33346],[-122.91802,38.337],[-122.90807,38.33452],[-122.72832,38.22061],[-122.65264,38.19902],[-122.56407,38.20026],[-122.53949,38.16664],[-122.48589,38.12644],[-122.48006,38.11803],[-122.4683,38.07332],[-122.47393,38.02822],[-122.42071,37.98004],[-122.40254,37.97657],[-122.39181,37.98164],[-122.38687,37.98723],[-122.38332,38.01374],[-122.37426,38.02623],[-122.31652,38.02547],[-122.29523,38.04164],[-122.29055,38.05722],[-122.30758,38.08491],[-122.41172,38.13757],[-122.41841,38.14386],[-122.42062,38.15277],[-122.41765,38.16146],[-122.38801,38.17616],[-122.37375,38.20823],[-122.37902,38.23105],[-122.41509,38.27086],[-122.42549,38.31278],[-122.50606,38.41037],[-122.51751,38.44565],[-122.53662,38.45594],[-122.544,38.46419],[-122.56058,38.5054],[-122.63282,38.55144],[-122.66107,38.59768],[-122.6442,38.63743],[-122.63943,38.6771],[-122.63097,38.68265],[-122.46591,38.72726],[-122.43268,38.76413],[-122.42473,38.79414],[-122.4085,38.81773],[-122.41379,38.85967],[-122.40732,38.87478],[-122.39097,38.87651],[-122.34621,38.85625],[-122.28361,38.85459],[-122.21265,38.7336],[-122.20662,38.71013],[-122.15462,38.66238],[-122.08894,38.53493],[-122.05046,38.53037],[-122.01377,38.51292],[-121.93741,38.54986],[-121.85962,38.5544],[-121.77957,38.54092],[-121.72147,38.55264],[-121.71151,38.5515],[-121.68236,38.53552],[-121.67384,38.33978],[-121.65746,38.33016],[-121.59437,38.32856],[-121.58135,38.32145],[-121.57866,38.31431],[-121.58851,38.28216],[-121.58638,38.22528],[-121.59899,38.19215],[-121.60775,38.18356],[-121.6588,38.16269],[-121.67321,38.14521],[-121.67784,38.12513],[-121.66932,38.11316],[-121.57734,38.10863],[-121.56125,38.08831],[-121.55976,38.0568],[-121.54276,38.01487],[-121.5605,37.99187],[-121.54396,37.93529],[-121.55282,37.87963],[-121.54961,37.87392],[-121.52204,37.85867],[-121.51922,37.85057],[-121.54074,37.80262],[-121.54045,37.56896],[-121.53707,37.55862],[-121.48816,37.53118],[-121.46033,37.49204],[-121.45915,37.47513],[-121.47365,37.46637],[-121.84586,37.46823],[-121.91915,37.43997],[-121.9304,37.43981],[-121.95963,37.45013],[-122.04748,37.44447],[-122.07124,37.46381],[-122.08809,37.46449],[-122.12132,37.4391],[-122.16523,37.43016],[-122.1768,37.4139],[-122.18271,37.36472],[-122.13699,37.28544],[-122.13948,37.20843],[-122.15273,37.20012],[-122.21791,37.19634],[-122.23102,37.1805],[-122.24073,37.17486],[-122.28135,37.16775],[-122.28819,37.14635],[-122.27853,37.1129],[-122.28221,37.09735],[-122.29743,37.09248],[-122.33516,37.10028],[-122.34576,37.10776],[-122.37577,37.1572],[-122.41674,37.18863],[-122.42254,37.1973],[-122.43462,37.24761],[-122.41939,37.34578],[-122.45715,37.42678],[-122.46521,37.46291],[-122.48075,37.48014],[-122.50734,37.48221],[-122.53232,37.52638],[-122.53363,37.58665],[-122.51458,37.62062],[-122.51123,37.64894],[-122.53164,37.79905],[-122.57533,37.84092],[-122.6493,37.88193],[-122.69646,37.8788],[-122.73291,37.89036],[-122.82631,37.97791],[-122.88091,38.00661],[-122.94018,38.0116],[-122.94879,38.00939],[-122.96703,37.97929],[-123.02341,37.97937],[-123.03707,37.98812]],[[-122.97519,37.99334],[-122.95994,38.02331],[-122.94155,38.02802],[-122.87627,38.02253],[-122.8168,37.99127],[-122.7218,37.90221],[-122.69754,37.89501],[-122.6456,37.89846],[-122.5656,37.85411],[-122.51631,37.80686],[-122.49485,37.64908],[-122.49888,37.61494],[-122.51738,37.58652],[-122.5178,37.53368],[-122.49892,37.49611],[-122.47362,37.4965],[-122.45022,37.47055],[-122.44242,37.43365],[-122.40258,37.34817],[-122.41856,37.24512],[-122.40685,37.20152],[-122.36346,37.16824],[-122.33187,37.1162],[-122.29414,37.10839],[-122.30517,37.14658],[-122.29383,37.18206],[-122.24354,37.19087],[-122.22591,37.21215],[-122.15368,37.21634],[-122.15323,37.28554],[-122.19952,37.36104],[-122.19244,37.41995],[-122.17476,37.44481],[-122.12456,37.45502],[-122.09374,37.48097],[-122.06479,37.47982],[-122.04232,37.45988],[-121.95748,37.46661],[-121.92499,37.45514],[-121.84885,37.48449],[-121.47357,37.48262],[-121.5014,37.52176],[-121.55046,37.54726],[-121.5567,37.56636],[-121.557,37.80645],[-121.53543,37.84945],[-121.56119,37.86138],[-121.56976,37.87659],[-121.56001,37.93784],[-121.57894,37.996],[-121.55882,38.01736],[-121.57625,38.05358],[-121.57465,38.07911],[-121.58512,38.09437],[-121.67788,38.09716],[-121.69532,38.12166],[-121.68818,38.15259],[-121.66874,38.17619],[-121.6139,38.1986],[-121.60262,38.22467],[-121.60487,38.28474],[-121.59478,38.31231],[-121.66207,38.31403],[-121.6898,38.33031],[-121.69589,38.52652],[-121.71825,38.53671],[-121.7793,38.5244],[-121.86232,38.53838],[-121.93638,38.53364],[-122.01379,38.49472],[-122.05237,38.51424],[-122.09943,38.51981],[-122.16907,38.65494],[-122.22132,38.70145],[-122.2268,38.72561],[-122.29173,38.84052],[-122.34965,38.83997],[-122.39767,38.8617],[-122.39155,38.81323],[-122.40902,38.78998],[-122.41798,38.75617],[-122.45704,38.71282],[-122.62673,38.66696],[-122.6281,38.63341],[-122.64484,38.59856],[-122.62408,38.56515],[-122.54745,38.5163],[-122.52892,38.47025],[-122.50376,38.45671],[-122.49353,38.42072],[-122.4103,38.31991],[-122.40304,38.28177],[-122.36414,38.23882],[-122.3567,38.2066],[-122.37583,38.16354],[-122.40439,38.15207],[-122.29615,38.09733],[-122.27289,38.05952],[-122.28119,38.03189],[-122.31138,38.00896],[-122.36722,38.01158],[-122.37143,37.98017],[-122.38185,37.96838],[-122.40039,37.95962],[-122.42824,37.96493],[-122.4911,38.02185],[-122.48442,38.07533],[-122.49564,38.11344],[-122.55151,38.15535],[-122.57151,38.18582],[-122.65461,38.18268],[-122.73503,38.20563],[-122.91677,38.32079],[-122.9625,38.31726],[-123.00138,38.29542],[-122.98397,38.26526],[-122.9919,38.23375],[-122.95235,38.15386],[-122.99111,38.04519],[-123.02264,37.9956],[-122.97519,37.99334]]],[[[-122.37542,37.63691],[-122.38141,37.68932],[-122.35823,37.72533],[-122.36103,37.76459],[-122.35106,37.77621],[-122.32161,37.7806],[-122.26707,37.75854],[-122.24385,37.72001],[-122.16536,37.66637],[-122.13058,37.55115],[-122.13388,37.51912],[-122.16313,37.50565],[-122.1788,37.51129],[-122.20007,37.53907],[-122.25959,37.57119],[-122.34028,37.59508],[-122.35479,37.61332],[-122.37542,37.63691]],[[-122.33076,37.60921],[-122.25498,37.58677],[-122.19236,37.55337],[-122.1688,37.52496],[-122.16388,37.52319],[-122.1491,37.53],[-122.14708,37.54957],[-122.17926,37.65619],[-122.25302,37.70659],[-122.27819,37.74551],[-122.32359,37.76388],[-122.34435,37.75908],[-122.34202,37.72649],[-122.34456,37.71654],[-122.3646,37.6854],[-122.35985,37.64379],[-122.34256,37.62402],[-122.33076,37.60921]]],[[[-122.40472,37.92264],[-122.41435,37.8992],[-122.40067,37.90862],[-122.34379,37.90902],[-122.31304,37.89092],[-122.30579,37.84924],[-122.31984,37.81926],[-122.33771,37.81262],[-122.37056,37.83076],[-122.4017,37.83213],[-122.41899,37.85574],[-122.41603,37.89752],[-122.43934,37.8881],[-122.46913,37.90372],[-122.481,37.92066],[-122.46814,37.96053],[-122.45229,37.96733],[-122.42166,37.95435],[-122.40472,37.92264]],[[-122.45494,37.94851],[-122.46305,37.92337],[-122.45809,37.91628],[-122.43846,37.90598],[-122.42727,37.91051],[-122.42266,37.92174],[-122.43329,37.94163],[-122.45494,37.94851]],[[-122.40236,37.86053],[-122.39319,37.84802],[-122.36985,37.84699],[-122.33638,37.83045],[-122.33174,37.83217],[-122.32268,37.8515],[-122.32776,37.88073],[-122.34817,37.89274],[-122.39556,37.89241],[-122.40034,37.88912],[-122.40236,37.86053]]]]}},{"type":"Feature","id":"near-7-2","properties":{"id":"near-7-2","group":"near-7","placeIds":["san-francisco"],"alpha":0.25},"geometry":{"type":"MultiPolygon","coordinates":[[[[-123.04018,37.96824],[-123.05149,37.98064],[-123.05511,37.99703],[-123.05007,38.01304],[-123.02049,38.05955],[-122.98759,38.1518],[-123.02102,38.21933],[-123.02342,38.24168],[-123.0187,38.26042],[-123.02953,38.27917],[-123.03388,38.29555],[-123.0294,38.31189],[-123.0173,38.32376],[-122.96501,38.34966],[-122.91927,38.3532],[-122.89937,38.34825],[-122.7216,38.2356],[-122.65067,38.21536],[-122.57274,38.2183],[-122.55662,38.21471],[-122.54434,38.20365],[-122.52746,38.17794],[-122.47614,38.13944],[-122.46447,38.12262],[-122.45325,38.08451],[-122.45676,38.0346],[-122.41319,37.99515],[-122.40227,37.99467],[-122.39352,38.03068],[-122.3813,38.04087],[-122.3657,38.04405],[-122.32165,38.04198],[-122.30927,38.05138],[-122.30821,38.05492],[-122.31901,38.07248],[-122.41906,38.12307],[-122.43244,38.13565],[-122.43686,38.15347],[-122.43092,38.17085],[-122.4165,38.18223],[-122.40018,38.18879],[-122.39081,38.20987],[-122.3939,38.22327],[-122.42713,38.25995],[-122.43497,38.2757],[-122.44067,38.30565],[-122.51859,38.40002],[-122.53126,38.4346],[-122.54432,38.44163],[-122.55908,38.45812],[-122.57371,38.4945],[-122.64155,38.53774],[-122.67245,38.58141],[-122.6773,38.5968],[-122.67414,38.61263],[-122.6603,38.64144],[-122.65921,38.66828],[-122.65213,38.68724],[-122.63521,38.69834],[-122.47477,38.74169],[-122.44738,38.77209],[-122.44044,38.79831],[-122.42544,38.82223],[-122.42991,38.85763],[-122.42754,38.8745],[-122.41697,38.88786],[-122.40109,38.89402],[-122.38427,38.89131],[-122.34278,38.87253],[-122.29204,38.87302],[-122.27549,38.86867],[-122.26344,38.85651],[-122.19851,38.7416],[-122.19193,38.7188],[-122.14018,38.66983],[-122.07846,38.55005],[-122.04855,38.54651],[-122.01375,38.53112],[-121.93845,38.56607],[-121.86439,38.57081],[-121.77983,38.55744],[-121.72468,38.56857],[-121.70477,38.56629],[-121.68241,38.55609],[-121.66883,38.54452],[-121.66341,38.52753],[-121.65787,38.34925],[-121.57922,38.34084],[-121.56791,38.33059],[-121.56253,38.31631],[-121.57216,38.27958],[-121.57014,38.22589],[-121.58408,38.18569],[-121.6016,38.16852],[-121.64886,38.1492],[-121.65823,38.13782],[-121.66024,38.12915],[-121.58414,38.12686],[-121.56955,38.1229],[-121.54785,38.0975],[-121.54221,38.07708],[-121.54328,38.06002],[-121.52953,38.03145],[-121.5267,38.01239],[-121.54207,37.98774],[-121.52911,37.9479],[-121.52792,37.93273],[-121.53547,37.88528],[-121.50866,37.86788],[-121.50301,37.85169],[-121.50638,37.83488],[-121.52449,37.79878],[-121.5242,37.57155],[-121.47492,37.54059],[-121.44708,37.50145],[-121.44115,37.48488],[-121.44472,37.46765],[-121.45676,37.4548],[-121.47373,37.45012],[-121.84288,37.45196],[-121.9133,37.42481],[-121.93582,37.42449],[-121.96179,37.43366],[-122.05264,37.42906],[-122.08245,37.448],[-122.10362,37.43016],[-122.11808,37.42317],[-122.15571,37.41552],[-122.16116,37.40785],[-122.1659,37.36839],[-122.12553,37.30253],[-122.12074,37.28534],[-122.12118,37.21613],[-122.12529,37.20052],[-122.13641,37.18881],[-122.15179,37.1839],[-122.2099,37.18052],[-122.21851,37.17014],[-122.23793,37.15886],[-122.26886,37.15344],[-122.2712,37.14611],[-122.26291,37.11741],[-122.26252,37.10089],[-122.27029,37.08631],[-122.28422,37.07744],[-122.30072,37.07656],[-122.33845,37.08437],[-122.35061,37.08964],[-122.35965,37.09933],[-122.38808,37.14616],[-122.42663,37.17573],[-122.43823,37.19308],[-122.45068,37.2501],[-122.43621,37.34339],[-122.47187,37.41992],[-122.48021,37.45527],[-122.48788,37.46378],[-122.51576,37.46832],[-122.52796,37.48152],[-122.54684,37.51909],[-122.55029,37.53393],[-122.54988,37.58678],[-122.54462,37.60426],[-122.53027,37.6263],[-122.52761,37.64879],[-122.54698,37.79125],[-122.58505,37.82773],[-122.65299,37.8654],[-122.70679,37.86386],[-122.74402,37.8785],[-122.83582,37.96455],[-122.88556,37.99069],[-122.93784,37.99509],[-122.94622,37.97861],[-122.95886,37.96524],[-122.97674,37.96088],[-123.02419,37.96314],[-123.04018,37.96824]],[[-122.96703,37.97929],[-122.94879,38.00939],[-122.94018,38.0116],[-122.88091,38.00661],[-122.82631,37.97791],[-122.73291,37.89036],[-122.69646,37.8788],[-122.6493,37.88193],[-122.57533,37.84092],[-122.53164,37.79905],[-122.51123,37.64894],[-122.51458,37.62062],[-122.53363,37.58665],[-122.53232,37.52638],[-122.50734,37.48221],[-122.48075,37.48014],[-122.46521,37.46291],[-122.45715,37.42678],[-122.41939,37.34578],[-122.43462,37.24761],[-122.42254,37.1973],[-122.41674,37.18863],[-122.37577,37.1572],[-122.34576,37.10776],[-122.33516,37.10028],[-122.29743,37.09248],[-122.28221,37.09735],[-122.27853,37.1129],[-122.28819,37.14635],[-122.28135,37.16775],[-122.24073,37.17486],[-122.23102,37.1805],[-122.21791,37.19634],[-122.15273,37.20012],[-122.13948,37.20843],[-122.13699,37.28544],[-122.18271,37.36472],[-122.1768,37.4139],[-122.16523,37.43016],[-122.12132,37.4391],[-122.08809,37.46449],[-122.07124,37.46381],[-122.04748,37.44447],[-121.95963,37.45013],[-121.9304,37.43981],[-121.91915,37.43997],[-121.84586,37.46823],[-121.47365,37.46637],[-121.45915,37.47513],[-121.46033,37.49204],[-121.48816,37.53118],[-121.53707,37.55862],[-121.54045,37.56896],[-121.54074,37.80262],[-121.51922,37.85057],[-121.52204,37.85867],[-121.54961,37.87392],[-121.55282,37.87963],[-121.54396,37.93529],[-121.5605,37.99187],[-121.54276,38.01487],[-121.55976,38.0568],[-121.56125,38.08831],[-121.57734,38.10863],[-121.66932,38.11316],[-121.67784,38.12513],[-121.67321,38.14521],[-121.6588,38.16269],[-121.60775,38.18356],[-121.59899,38.19215],[-121.58638,38.22528],[-121.58851,38.28216],[-121.57866,38.31431],[-121.58135,38.32145],[-121.59437,38.32856],[-121.65746,38.33016],[-121.67384,38.33978],[-121.68236,38.53552],[-121.71151,38.5515],[-121.72147,38.55264],[-121.77957,38.54092],[-121.85962,38.5544],[-121.93741,38.54986],[-122.01377,38.51292],[-122.05046,38.53037],[-122.08894,38.53493],[-122.15462,38.66238],[-122.20662,38.71013],[-122.21265,38.7336],[-122.28361,38.85459],[-122.34621,38.85625],[-122.39097,38.87651],[-122.40732,38.87478],[-122.41379,38.85967],[-122.4085,38.81773],[-122.42473,38.79414],[-122.43268,38.76413],[-122.46591,38.72726],[-122.63097,38.68265],[-122.63943,38.6771],[-122.6442,38.63743],[-122.66107,38.59768],[-122.63282,38.55144],[-122.56058,38.5054],[-122.544,38.46419],[-122.53662,38.45594],[-122.51751,38.44565],[-122.50606,38.41037],[-122.42549,38.31278],[-122.41509,38.27086],[-122.37902,38.23105],[-122.37375,38.20823],[-122.38801,38.17616],[-122.41765,38.16146],[-122.42062,38.15277],[-122.41841,38.14386],[-122.41172,38.13757],[-122.30758,38.08491],[-122.29055,38.05722],[-122.29523,38.04164],[-122.31652,38.02547],[-122.37426,38.02623],[-122.38332,38.01374],[-122.38687,37.98723],[-122.39181,37.98164],[-122.40254,37.97657],[-122.42071,37.98004],[-122.47393,38.02822],[-122.4683,38.07332],[-122.48006,38.11803],[-122.48589,38.12644],[-122.53949,38.16664],[-122.56407,38.20026],[-122.65264,38.19902],[-122.72832,38.22061],[-122.90807,38.33452],[-122.91802,38.337],[-122.96376,38.33346],[-123.00934,38.30959],[-123.01763,38.29548],[-123.00133,38.26284],[-123.00766,38.23771],[-123.00646,38.22654],[-122.96997,38.15283],[-123.0058,38.05237],[-123.03887,37.99632],[-123.03707,37.98812],[-123.02341,37.97937],[-122.96703,37.97929]]],[[[-122.35985,37.64379],[-122.3646,37.6854],[-122.34456,37.71654],[-122.34202,37.72649],[-122.34435,37.75908],[-122.32359,37.76388],[-122.27819,37.74551],[-122.25302,37.70659],[-122.17926,37.65619],[-122.14708,37.54957],[-122.1491,37.53],[-122.16388,37.52319],[-122.1688,37.52496],[-122.19236,37.55337],[-122.25498,37.58677],[-122.33076,37.60921],[-122.34256,37.62402],[-122.35985,37.64379]],[[-122.32123,37.62334],[-122.24416,37.59979],[-122.18464,37.56767],[-122.16386,37.54524],[-122.19316,37.64601],[-122.26218,37.69317],[-122.28931,37.73248],[-122.32558,37.74715],[-122.3309,37.70774],[-122.3478,37.68149],[-122.34428,37.65067],[-122.33032,37.63471],[-122.32123,37.62334]]],[[[-122.42266,37.92174],[-122.42727,37.91051],[-122.43846,37.90598],[-122.45809,37.91628],[-122.46305,37.92337],[-122.45494,37.94851],[-122.43329,37.94163],[-122.42266,37.92174]],[[-122.44462,37.92757],[-122.44403,37.92726],[-122.44446,37.92807],[-122.44462,37.92757]]],[[[-122.39556,37.89241],[-122.34817,37.89274],[-122.32776,37.88073],[-122.32268,37.8515],[-122.33174,37.83217],[-122.33638,37.83045],[-122.36985,37.84699],[-122.39319,37.84802],[-122.40236,37.86053],[-122.40034,37.88912],[-122.39556,37.89241]],[[-122.38469,37.86391],[-122.35485,37.85921],[-122.34068,37.85138],[-122.34249,37.87054],[-122.35254,37.87646],[-122.38496,37.87623],[-122.38469,37.86391]]]]}},{"type":"Feature","id":"near-7-3","properties":{"id":"near-7-3","group":"near-7","placeIds":["san-francisco"],"alpha":0.11},"geometry":{"type":"MultiPolygon","coordinates":[[[[-123.04895,37.95456],[-123.06592,37.97316],[-123.07134,37.99775],[-123.06378,38.02176],[-123.03519,38.06673],[-123.00521,38.15076],[-123.03559,38.21212],[-123.03917,38.24564],[-123.03607,38.258],[-123.0436,38.27105],[-123.05013,38.29561],[-123.0434,38.32013],[-123.02525,38.33792],[-122.98638,38.35976],[-122.96626,38.36586],[-122.92053,38.3694],[-122.89067,38.36197],[-122.71489,38.25058],[-122.6487,38.23169],[-122.57335,38.23454],[-122.54917,38.22915],[-122.53076,38.21257],[-122.51544,38.18923],[-122.46639,38.15244],[-122.44888,38.12721],[-122.43766,38.0891],[-122.43605,38.06929],[-122.43959,38.04097],[-122.4152,38.01889],[-122.40667,38.04022],[-122.38833,38.05552],[-122.36494,38.06028],[-122.32957,38.05862],[-122.42639,38.10857],[-122.44646,38.12744],[-122.45309,38.15417],[-122.44418,38.18024],[-122.41235,38.20141],[-122.40878,38.2155],[-122.43917,38.24904],[-122.45093,38.27266],[-122.45586,38.29852],[-122.53112,38.38968],[-122.54501,38.42355],[-122.57415,38.45206],[-122.58684,38.4836],[-122.65029,38.52404],[-122.66549,38.53942],[-122.68625,38.57283],[-122.69352,38.59593],[-122.68878,38.61967],[-122.6764,38.64545],[-122.67544,38.66894],[-122.66483,38.69738],[-122.63945,38.71402],[-122.48364,38.75613],[-122.46209,38.78005],[-122.45615,38.80247],[-122.44239,38.82673],[-122.44604,38.8556],[-122.44248,38.8809],[-122.42661,38.90093],[-122.4028,38.91018],[-122.37757,38.90612],[-122.33935,38.88882],[-122.2922,38.88927],[-122.26737,38.88274],[-122.24929,38.8645],[-122.18436,38.74959],[-122.17724,38.72748],[-122.13665,38.69135],[-122.12573,38.67727],[-122.06797,38.56518],[-122.04664,38.56265],[-122.01373,38.54932],[-121.95827,38.5772],[-121.93949,38.58229],[-121.85422,38.58645],[-121.7801,38.57397],[-121.7279,38.5845],[-121.69803,38.58107],[-121.67567,38.57088],[-121.6553,38.55352],[-121.64716,38.52803],[-121.64202,38.36228],[-121.59354,38.36105],[-121.57143,38.35511],[-121.55447,38.33973],[-121.5464,38.3183],[-121.549,38.29556],[-121.5558,38.27699],[-121.5539,38.2265],[-121.55788,38.2053],[-121.56917,38.17923],[-121.59546,38.15348],[-121.6183,38.14414],[-121.58365,38.1431],[-121.56176,38.13716],[-121.54493,38.12196],[-121.53446,38.1067],[-121.52599,38.07607],[-121.5268,38.06324],[-121.51489,38.0385],[-121.51064,38.0099],[-121.52364,37.98361],[-121.51365,37.95293],[-121.51187,37.93018],[-121.51749,37.89487],[-121.49528,37.8771],[-121.48679,37.85281],[-121.49185,37.82759],[-121.50823,37.79494],[-121.50796,37.58011],[-121.47892,37.56501],[-121.46168,37.55001],[-121.43384,37.51087],[-121.42494,37.48601],[-121.4303,37.46016],[-121.44836,37.44089],[-121.47381,37.43387],[-121.83989,37.4357],[-121.90746,37.40965],[-121.94123,37.40917],[-121.96395,37.41719],[-122.03847,37.41128],[-122.05781,37.41365],[-122.08039,37.42848],[-122.09316,37.41773],[-122.11484,37.40725],[-122.14562,37.40099],[-122.1491,37.37206],[-122.11167,37.31102],[-122.10449,37.28523],[-122.10493,37.21603],[-122.11109,37.19261],[-122.12778,37.17504],[-122.15085,37.16767],[-122.2019,37.16471],[-122.23513,37.14285],[-122.25247,37.13981],[-122.2473,37.12192],[-122.2467,37.09714],[-122.25836,37.07527],[-122.27927,37.06196],[-122.30402,37.06065],[-122.34175,37.06846],[-122.35998,37.07637],[-122.37354,37.0909],[-122.40039,37.13512],[-122.43652,37.16284],[-122.45393,37.18887],[-122.46564,37.23247],[-122.46673,37.25259],[-122.45302,37.34101],[-122.4866,37.41305],[-122.49515,37.44741],[-122.52419,37.45442],[-122.54248,37.47422],[-122.56136,37.51179],[-122.56654,37.53406],[-122.56613,37.58691],[-122.55824,37.61312],[-122.54596,37.63198],[-122.54399,37.64865],[-122.56232,37.78344],[-122.59477,37.81454],[-122.65669,37.84887],[-122.71141,37.84828],[-122.73567,37.85548],[-122.75514,37.86665],[-122.84532,37.95119],[-122.8902,37.97478],[-122.92831,37.97798],[-122.9507,37.95119],[-122.97751,37.94465],[-123.02496,37.94691],[-123.04895,37.95456]],[[-122.97674,37.96088],[-122.95886,37.96524],[-122.94622,37.97861],[-122.93784,37.99509],[-122.88556,37.99069],[-122.83582,37.96455],[-122.74402,37.8785],[-122.70679,37.86386],[-122.65299,37.8654],[-122.58505,37.82773],[-122.54698,37.79125],[-122.52761,37.64879],[-122.53027,37.6263],[-122.54462,37.60426],[-122.54988,37.58678],[-122.55029,37.53393],[-122.54684,37.51909],[-122.52796,37.48152],[-122.51576,37.46832],[-122.48788,37.46378],[-122.48021,37.45527],[-122.47187,37.41992],[-122.43621,37.34339],[-122.45068,37.2501],[-122.43823,37.19308],[-122.42663,37.17573],[-122.38808,37.14616],[-122.35965,37.09933],[-122.35061,37.08964],[-122.33845,37.08437],[-122.30072,37.07656],[-122.28422,37.07744],[-122.27029,37.08631],[-122.26252,37.10089],[-122.26291,37.11741],[-122.2712,37.14611],[-122.26886,37.15344],[-122.23793,37.15886],[-122.21851,37.17014],[-122.2099,37.18052],[-122.15179,37.1839],[-122.13641,37.18881],[-122.12529,37.20052],[-122.12118,37.21613],[-122.12074,37.28534],[-122.12553,37.30253],[-122.1659,37.36839],[-122.16116,37.40785],[-122.15571,37.41552],[-122.11808,37.42317],[-122.10362,37.43016],[-122.08245,37.448],[-122.05264,37.42906],[-121.96179,37.43366],[-121.93582,37.42449],[-121.9133,37.42481],[-121.84288,37.45196],[-121.47373,37.45012],[-121.45676,37.4548],[-121.44472,37.46765],[-121.44115,37.48488],[-121.44708,37.50145],[-121.47492,37.54059],[-121.5242,37.57155],[-121.52449,37.79878],[-121.50638,37.83488],[-121.50301,37.85169],[-121.50866,37.86788],[-121.53547,37.88528],[-121.52792,37.93273],[-121.52911,37.9479],[-121.54207,37.98774],[-121.5267,38.01239],[-121.52953,38.03145],[-121.54328,38.06002],[-121.54221,38.07708],[-121.54785,38.0975],[-121.56955,38.1229],[-121.58414,38.12686],[-121.66024,38.12915],[-121.65823,38.13782],[-121.64886,38.1492],[-121.6016,38.16852],[-121.58408,38.18569],[-121.57014,38.22589],[-121.57216,38.27958],[-121.56253,38.31631],[-121.56791,38.33059],[-121.57922,38.34084],[-121.65787,38.34925],[-121.66341,38.52753],[-121.66883,38.54452],[-121.68241,38.55609],[-121.70477,38.56629],[-121.72468,38.56857],[-121.77983,38.55744],[-121.86439,38.57081],[-121.93845,38.56607],[-122.01375,38.53112],[-122.04855,38.54651],[-122.07846,38.55005],[-122.14018,38.66983],[-122.19193,38.7188],[-122.19851,38.7416],[-122.26344,38.85651],[-122.27549,38.86867],[-122.29204,38.87302],[-122.34278,38.87253],[-122.38427,38.89131],[-122.40109,38.89402],[-122.41697,38.88786],[-122.42754,38.8745],[-122.42991,38.85763],[-122.42544,38.82223],[-122.44044,38.79831],[-122.44738,38.77209],[-122.47477,38.74169],[-122.63521,38.69834],[-122.65213,38.68724],[-122.65921,38.66828],[-122.6603,38.64144],[-122.67414,38.61263],[-122.6773,38.5968],[-122.67245,38.58141],[-122.64155,38.53774],[-122.57371,38.4945],[-122.55908,38.45812],[-122.54432,38.44163],[-122.53126,38.4346],[-122.51859,38.40002],[-122.44067,38.30565],[-122.43497,38.2757],[-122.42713,38.25995],[-122.3939,38.22327],[-122.39081,38.20987],[-122.40018,38.18879],[-122.4165,38.18223],[-122.43092,38.17085],[-122.43686,38.15347],[-122.43244,38.13565],[-122.41906,38.12307],[-122.31901,38.07248],[-122.30821,38.05492],[-122.30927,38.05138],[-122.32165,38.04198],[-122.3657,38.04405],[-122.3813,38.04087],[-122.39352,38.03068],[-122.40227,37.99467],[-122.41319,37.99515],[-122.45676,38.0346],[-122.45325,38.08451],[-122.46447,38.12262],[-122.47614,38.13944],[-122.52746,38.17794],[-122.54434,38.20365],[-122.55662,38.21471],[-122.57274,38.2183],[-122.65067,38.21536],[-122.7216,38.2356],[-122.89937,38.34825],[-122.91927,38.3532],[-122.96501,38.34966],[-123.0173,38.32376],[-123.0294,38.31189],[-123.03388,38.29555],[-123.02953,38.27917],[-123.0187,38.26042],[-123.02342,38.24168],[-123.02102,38.21933],[-122.98759,38.1518],[-123.02049,38.05955],[-123.05007,38.01304],[-123.05511,37.99703],[-123.05149,37.98064],[-123.04018,37.96824],[-123.02419,37.96314],[-122.97674,37.96088]]],[[[-122.34428,37.65067],[-122.3478,37.68149],[-122.3309,37.70774],[-122.32558,37.74715],[-122.28931,37.73248],[-122.26218,37.69317],[-122.19316,37.64601],[-122.16386,37.54524],[-122.18464,37.56767],[-122.24416,37.59979],[-122.32123,37.62334],[-122.33032,37.63471],[-122.34428,37.65067]],[[-122.31724,37.69894],[-122.331,37.67757],[-122.32871,37.65755],[-122.3117,37.63746],[-122.24575,37.61793],[-122.19351,37.59092],[-122.20706,37.63582],[-122.27135,37.67976],[-122.2856,37.69485],[-122.30043,37.71945],[-122.31091,37.72369],[-122.31724,37.69894]]],[[[-122.44403,37.92726],[-122.44462,37.92757],[-122.44446,37.92807],[-122.44403,37.92726]]],[[[-122.35254,37.87646],[-122.34249,37.87054],[-122.34068,37.85138],[-122.35485,37.85921],[-122.38469,37.86391],[-122.38496,37.87623],[-122.35254,37.87646]]]]}},{"type":"Feature","id":"near-7-4","properties":{"id":"near-7-4","group":"near-7","placeIds":["san-francisco"],"alpha":0.035},"geometry":{"type":"MultiPolygon","coordinates":[[[[-123.05772,37.94088],[-123.08034,37.96568],[-123.08758,37.99846],[-123.07749,38.03048],[-123.04988,38.07391],[-123.02283,38.14973],[-123.05015,38.20491],[-123.05343,38.25557],[-123.06638,38.29568],[-123.05741,38.32836],[-123.03321,38.35209],[-122.99433,38.37393],[-122.96751,38.38206],[-122.92178,38.3856],[-122.88198,38.3757],[-122.70817,38.26556],[-122.64672,38.24803],[-122.57397,38.25078],[-122.54172,38.24359],[-122.51717,38.22149],[-122.50341,38.20052],[-122.46386,38.17085],[-122.45744,38.18963],[-122.42809,38.2126],[-122.45122,38.23814],[-122.4669,38.26962],[-122.47104,38.29138],[-122.54365,38.37933],[-122.55876,38.41249],[-122.58923,38.44599],[-122.59997,38.4727],[-122.65902,38.51033],[-122.67929,38.53084],[-122.70005,38.56425],[-122.70975,38.59505],[-122.70343,38.62671],[-122.6925,38.64947],[-122.69168,38.6696],[-122.67753,38.70752],[-122.64369,38.72971],[-122.4925,38.77057],[-122.47679,38.78801],[-122.45934,38.83122],[-122.46216,38.85356],[-122.45742,38.8873],[-122.43626,38.91401],[-122.4045,38.92634],[-122.37087,38.92092],[-122.33592,38.9051],[-122.29236,38.90552],[-122.25924,38.89682],[-122.23514,38.8725],[-122.17021,38.75759],[-122.16254,38.73615],[-122.12585,38.70349],[-122.11129,38.68471],[-122.05748,38.5803],[-122.0137,38.56752],[-121.96557,38.59171],[-121.94053,38.59851],[-121.86646,38.60324],[-121.78037,38.59049],[-121.73111,38.60043],[-121.69129,38.59586],[-121.66893,38.58566],[-121.64177,38.56252],[-121.63092,38.52854],[-121.62625,38.37813],[-121.59313,38.37729],[-121.56365,38.36937],[-121.54104,38.34887],[-121.53028,38.3203],[-121.53374,38.28997],[-121.53944,38.27441],[-121.53766,38.22711],[-121.54297,38.19884],[-121.55426,38.17277],[-121.57126,38.15611],[-121.55398,38.15142],[-121.53153,38.13115],[-121.52106,38.11589],[-121.51031,38.06646],[-121.50025,38.04554],[-121.49458,38.00742],[-121.50642,37.9832],[-121.4982,37.95795],[-121.49582,37.92763],[-121.49997,37.90156],[-121.4819,37.88632],[-121.47058,37.85394],[-121.47733,37.8203],[-121.49198,37.7911],[-121.49173,37.58999],[-121.47142,37.57943],[-121.44843,37.55943],[-121.4206,37.52029],[-121.40873,37.48715],[-121.41588,37.45267],[-121.43996,37.42699],[-121.47389,37.41762],[-121.83691,37.41943],[-121.90161,37.39449],[-121.94664,37.39384],[-121.9661,37.40072],[-122.03718,37.39508],[-122.06297,37.39825],[-122.07962,37.40788],[-122.1116,37.39133],[-122.13089,37.3874],[-122.13229,37.37574],[-122.09782,37.31952],[-122.08824,37.28513],[-122.08868,37.21593],[-122.0969,37.18469],[-122.11914,37.16127],[-122.14991,37.15145],[-122.1944,37.14887],[-122.23189,37.1271],[-122.23089,37.09339],[-122.24644,37.06423],[-122.27431,37.04649],[-122.30731,37.04474],[-122.34504,37.05254],[-122.36935,37.06309],[-122.38743,37.08246],[-122.4127,37.12408],[-122.44641,37.14995],[-122.46962,37.18465],[-122.48133,37.22825],[-122.48279,37.25508],[-122.46984,37.33862],[-122.50133,37.40619],[-122.50895,37.43411],[-122.53261,37.44052],[-122.557,37.46693],[-122.57588,37.50449],[-122.58279,37.53419],[-122.58238,37.58703],[-122.57185,37.62199],[-122.56165,37.63766],[-122.56037,37.6485],[-122.57766,37.77563],[-122.60449,37.80135],[-122.66039,37.83234],[-122.71604,37.8327],[-122.7403,37.8399],[-122.76625,37.85479],[-122.85483,37.93783],[-122.89485,37.95886],[-122.91999,37.96098],[-122.94254,37.93714],[-122.97829,37.92841],[-123.02574,37.93068],[-123.05772,37.94088]],[[-122.41992,38.06727],[-122.42122,38.04626],[-122.39537,38.07017],[-122.38902,38.07146],[-122.4216,38.08794],[-122.41992,38.06727]],[[-122.97751,37.94465],[-122.9507,37.95119],[-122.92831,37.97798],[-122.8902,37.97478],[-122.84532,37.95119],[-122.75514,37.86665],[-122.73567,37.85548],[-122.71141,37.84828],[-122.65669,37.84887],[-122.59477,37.81454],[-122.56232,37.78344],[-122.54399,37.64865],[-122.54596,37.63198],[-122.55824,37.61312],[-122.56613,37.58691],[-122.56654,37.53406],[-122.56136,37.51179],[-122.54248,37.47422],[-122.52419,37.45442],[-122.49515,37.44741],[-122.4866,37.41305],[-122.45302,37.34101],[-122.46673,37.25259],[-122.46564,37.23247],[-122.45393,37.18887],[-122.43652,37.16284],[-122.40039,37.13512],[-122.37354,37.0909],[-122.35998,37.07637],[-122.34175,37.06846],[-122.30402,37.06065],[-122.27927,37.06196],[-122.25836,37.07527],[-122.2467,37.09714],[-122.2473,37.12192],[-122.25247,37.13981],[-122.23513,37.14285],[-122.2019,37.16471],[-122.15085,37.16767],[-122.12778,37.17504],[-122.11109,37.19261],[-122.10493,37.21603],[-122.10449,37.28523],[-122.11167,37.31102],[-122.1491,37.37206],[-122.14562,37.40099],[-122.11484,37.40725],[-122.09316,37.41773],[-122.08039,37.42848],[-122.05781,37.41365],[-122.03847,37.41128],[-121.96395,37.41719],[-121.94123,37.40917],[-121.90746,37.40965],[-121.83989,37.4357],[-121.47381,37.43387],[-121.44836,37.44089],[-121.4303,37.46016],[-121.42494,37.48601],[-121.43384,37.51087],[-121.46168,37.55001],[-121.47892,37.56501],[-121.50796,37.58011],[-121.50823,37.79494],[-121.49185,37.82759],[-121.48679,37.85281],[-121.49528,37.8771],[-121.51749,37.89487],[-121.51187,37.93018],[-121.51365,37.95293],[-121.52364,37.98361],[-121.51064,38.0099],[-121.51489,38.0385],[-121.5268,38.06324],[-121.52599,38.07607],[-121.53446,38.1067],[-121.54493,38.12196],[-121.56176,38.13716],[-121.58365,38.1431],[-121.6183,38.14414],[-121.59546,38.15348],[-121.56917,38.17923],[-121.55788,38.2053],[-121.5539,38.2265],[-121.5558,38.27699],[-121.549,38.29556],[-121.5464,38.3183],[-121.55447,38.33973],[-121.57143,38.35511],[-121.59354,38.36105],[-121.64202,38.36228],[-121.64716,38.52803],[-121.6553,38.55352],[-121.67567,38.57088],[-121.69803,38.58107],[-121.7279,38.5845],[-121.7801,38.57397],[-121.85422,38.58645],[-121.93949,38.58229],[-121.95827,38.5772],[-122.01373,38.54932],[-122.04664,38.56265],[-122.06797,38.56518],[-122.12573,38.67727],[-122.13665,38.69135],[-122.17724,38.72748],[-122.18436,38.74959],[-122.24929,38.8645],[-122.26737,38.88274],[-122.2922,38.88927],[-122.33935,38.88882],[-122.37757,38.90612],[-122.4028,38.91018],[-122.42661,38.90093],[-122.44248,38.8809],[-122.44604,38.8556],[-122.44239,38.82673],[-122.45615,38.80247],[-122.46209,38.78005],[-122.48364,38.75613],[-122.63945,38.71402],[-122.66483,38.69738],[-122.67544,38.66894],[-122.6764,38.64545],[-122.68878,38.61967],[-122.69352,38.59593],[-122.68625,38.57283],[-122.66549,38.53942],[-122.65029,38.52404],[-122.58684,38.4836],[-122.57415,38.45206],[-122.54501,38.42355],[-122.53112,38.38968],[-122.45586,38.29852],[-122.45093,38.27266],[-122.43917,38.24904],[-122.40878,38.2155],[-122.41235,38.20141],[-122.44418,38.18024],[-122.45309,38.15417],[-122.44646,38.12744],[-122.42639,38.10857],[-122.32957,38.05862],[-122.36494,38.06028],[-122.38833,38.05552],[-122.40667,38.04022],[-122.4152,38.01889],[-122.43959,38.04097],[-122.43605,38.06929],[-122.43766,38.0891],[-122.44888,38.12721],[-122.46639,38.15244],[-122.51544,38.18923],[-122.53076,38.21257],[-122.54917,38.22915],[-122.57335,38.23454],[-122.6487,38.23169],[-122.71489,38.25058],[-122.89067,38.36197],[-122.92053,38.3694],[-122.96626,38.36586],[-122.98638,38.35976],[-123.02525,38.33792],[-123.0434,38.32013],[-123.05013,38.29561],[-123.0436,38.27105],[-123.03607,38.258],[-123.03917,38.24564],[-123.03559,38.21212],[-123.00521,38.15076],[-123.03519,38.06673],[-123.06378,38.02176],[-123.07134,37.99775],[-123.06592,37.97316],[-123.04895,37.95456],[-123.02496,37.94691],[-122.97751,37.94465]]],[[[-122.30043,37.71945],[-122.2856,37.69485],[-122.27135,37.67976],[-122.20706,37.63582],[-122.19351,37.59092],[-122.24575,37.61793],[-122.3117,37.63746],[-122.32871,37.65755],[-122.331,37.67757],[-122.31724,37.69894],[-122.31091,37.72369],[-122.30043,37.71945]],[[-122.31419,37.67365],[-122.31314,37.66443],[-122.30217,37.65159],[-122.24114,37.63351],[-122.22044,37.62392],[-122.28052,37.66634],[-122.30303,37.69228],[-122.31419,37.67365]]]]}}]}